Station	Date	T	Tmin	Tmax	Prec	W10	RHUM	Solar
		degC	degC	degC	mm/day	m/s	%	MJ/m2/day
8	1994.01.01	2.4	1	2.6	8	3	95	
8	1994.01.02	0.6	0	1	0.1	2.5	95	
8	1994.01.03	-0.4	-1.1	-0.2	0.2	2.3	95	
8	1994.01.04	-1.1	-1.8	0.6	1.2	3.1	92	
8	1994.01.05	0.6	0.2	1.1	6.6	2.4	96	
8	1994.01.06	1.2	0.3	2.5	2.4	3	95	
8	1994.01.07	0.8	-0.3	1.2	0	2.5	97	
8	1994.01.08	2.6	1.2	4.7	0	2.3	92	
8	1994.01.09	0.5	-2.4	1.6	0	1.9	94	
8	1994.01.10	-0.7	-2	0.4	0	2.6	91	
8	1994.01.11	0.6	0.2	1	1.1	2.5	98	
8	1994.01.12	1.7	1	3	0.2	3.3	100	
8	1994.01.13	3.5	2	5	5.4	4.6	97	
8	1994.01.14	4.2	3	5.4	0	4.4	93	
8	1994.01.15	2	0.7	2.8	2.5	4.3	95	
8	1994.01.16	1.2	-0.1	2.3	1.5	3.8	96	
8	1994.01.17	-1.7	-5.1	-0.4	0.3	2	83	
8	1994.01.18	-4.7	-6.8	-2.4	0	4.4	87	
8	1994.01.19	-0.8	-2.3	0.7	2.5	3.3	94	
8	1994.01.20	-2.6	-3.9	0.2	3.7	4.1	91	
8	1994.01.21	-0.3	-2.5	0.4	0.6	4.1	90	
8	1994.01.22	1.5	0.9	2.5	1.1	6.4	95	
8	1994.01.23	2.3	0.7	3	2.8	6	85	
8	1994.01.24	0.8	-0.8	2	12.7	8	86	
8	1994.01.25	-1	-2.1	0.3	3.1	6.6	79	
8	1994.01.26	-0.2	-1.9	1.6	3.6	3.3	93	
8	1994.01.27	1.2	0.6	3.4	3.7	6.1	89	
8	1994.01.28	2.4	0.6	3.5	16	6.9	92	
8	1994.01.29	-2.1	-4.3	-0.2	0.4	5.6	77	
8	1994.01.30	-5	-7	-0.6	2.2	5	78	
8	1994.01.31	0.7	0.2	1.5	2.7	4.1	94	
8	1994.02.01	-1.3	-4.8	0.7	1.6	3.4	91	
8	1994.02.02	-3.2	-5.1	0.9	3	2.6	90	
8	1994.02.03	0.7	-0.4	0.9	2.7	3.5	96	
8	1994.02.04	-5.3	-9.3	-3.6	0.5	3.4	89	
8	1994.02.05	-10.4	-13	-9.6	0.2	2	90	
8	1994.02.06	-10.7	-13.3	-7.5	0.3	3.3	84	
8	1994.02.07	-6.5	-9	-4.4	0	3.5	79	
8	1994.02.08	-8.5	-11.9	-4.8	0	3	63	
8	1994.02.09	-5.9	-7.3	-3.6	4.1	2.8	80	
8	1994.02.10	-2.1	-4.6	-0.8	1.4	1.3	93	
8	1994.02.11	-5	-12.4	-2.6	0.5	2.4	87	
8	1994.02.12	-16.3	-20.1	-14	0	3.5	56	
8	1994.02.13	-18.7	-22.5	-14.1	0	2.1	60	
8	1994.02.14	-15.9	-24.6	-9	0	2.4	63	
8	1994.02.15	-14.3	-21.2	-6.4	0	0.6	84	
8	1994.02.16	-12.6	-18.6	-5.1	0	1.4	74	
8	1994.02.17	-8.2	-12.6	-3.6	0	1	70	
8	1994.02.18	-8.2	-12.9	-3.2	0	1	73	
8	1994.02.19	-4.9	-7.2	-2.6	0.2	1.8	86	
8	1994.02.20	-2.1	-3.1	-1	1.8	2.3	92	
8	1994.02.21	-2.2	-4.4	-0.1	0	2.4	76	
8	1994.02.22	-2.1	-4.2	-1.2	0.5	3.4	79	
8	1994.02.23	-3.1	-4.3	-1.6	7	4.9	92	
8	1994.02.24	-2.9	-4.8	-1.1	1.3	5.5	89	
8	1994.02.25	-2.2	-4.2	-0.9	0	2.1	81	
8	1994.02.26	-5.5	-9.6	-2.8	0	1.8	66	
8	1994.02.27	-5.3	-7.1	-3.3	1.4	2.8	86	
8	1994.02.28	-1.6	-3	0.5	0.7	2.9	93	
8	1994.03.01	-4.9	-6.8	-4.1	1.3	2.5	85	
8	1994.03.02	-5.8	-6.9	-4.4	0	3.6	76	
8	1994.03.03	-4.8	-5.9	-3.4	0.4	2	85	
8	1994.03.04	-4.8	-6.2	-3.2	0.9	1.5	85	
8	1994.03.05	-7.5	-12.7	-3.4	0	0.6	81	
8	1994.03.06	-6.1	-10.8	1.8	0.8	3.9	85	
8	1994.03.07	1.9	0	4.2	1.7	5.3	81	
8	1994.03.08	1.9	1.3	2.6	2.1	2.1	97	
8	1994.03.09	2.5	1.7	3.3	0.7	4.6	96	
8	1994.03.10	3.8	1.4	5.7	2.5	4.3	96	
8	1994.03.11	3	1.3	6	0	4.9	72	
8	1994.03.12	4.2	-1.1	9.3	0	4.1	63	
8	1994.03.13	3.5	1.2	5	6.6	3.3	90	
8	1994.03.14	2.5	0.3	3.9	5.2	6.5	82	
8	1994.03.15	2.1	0.6	3.6	5.8	6.6	85	
8	1994.03.16	1.2	-1	3.1	1.1	4.8	77	
8	1994.03.17	0.7	-0.2	3	2.8	4.6	87	
8	1994.03.18	-0.2	-1.3	0.8	3.9	4.5	87	
8	1994.03.19	0	-2.4	2.1	6	4.1	95	
8	1994.03.20	0.4	-1.5	1.2	4.6	6.1	77	
8	1994.03.21	-1.6	-5.5	2.4	0	3.8	69	
8	1994.03.22	-0.8	-3.9	3.7	0	3.4	65	
8	1994.03.23	1.6	-2	7	0	5.3	69	
8	1994.03.24	7.4	3.8	10	15	8.5	79	
8	1994.03.25	2.7	1	4.6	9	7.4	85	
8	1994.03.26	1.7	-1.9	3	9	3.9	91	
8	1994.03.27	-1.3	-2.1	-0.1	0.5	4	74	
8	1994.03.28	-1.4	-3.8	1.2	0.2	2.6	71	
8	1994.03.29	-0.2	-4.5	4.6	1.4	4.5	69	
8	1994.03.30	5.7	1.7	9.6	1.3	4.8	78	
8	1994.03.31	6.5	0.1	13.6	0	3	67	
8	1994.04.01	11.9	7.3	17.3	0.1	3.9	70	
8	1994.04.02	9.7	6.3	12.7	3.7	3.3	79	
8	1994.04.03	5.3	3.8	6	17.8	4.4	95	
8	1994.04.04	4.5	1.3	8.5	10.1	4.9	79	
8	1994.04.05	6.3	3.8	10.7	0	4.4	71	
8	1994.04.06	3.5	0.1	7.7	14.3	2.4	89	
8	1994.04.07	7.6	4.3	8.4	11.6	3.5	91	
8	1994.04.08	3.2	-0.2	6	4.5	3.8	87	
8	1994.04.09	3.8	-1.5	9.4	0	1.8	73	
8	1994.04.10	6.3	2.6	10.9	0.4	3.3	67	
8	1994.04.11	9.4	5.2	14.9	0	2.6	71	
8	1994.04.12	11	6.7	15.4	0	3.3	67	
8	1994.04.13	10	8.5	11.3	1	3.9	81	
8	1994.04.14	9.4	6	13.2	0	4.1	72	
8	1994.04.15	7.8	4.3	10	0	4.9	73	
8	1994.04.16	4.5	1.1	6.5	0	3	79	
8	1994.04.17	5.2	-2.5	12.9	0	1.4	71	
8	1994.04.18	3.9	0.4	6.3	18.1	5	86	
8	1994.04.19	2.9	0.8	5.8	0	5.9	69	
8	1994.04.20	4.9	0.1	9.9	0	1.4	67	
8	1994.04.21	8.2	1.5	14.8	0	2.9	54	
8	1994.04.22	11.2	4.8	17.6	0	1.9	53	
8	1994.04.23	10.9	5	16	0	1.6	59	
8	1994.04.24	9.6	5.1	14.2	0	2	65	
8	1994.04.25	10	9	10.8	7.6	2.1	77	
8	1994.04.26	11.2	9.2	13.3	4.4	2	92	
8	1994.04.27	11.5	9.5	14.1	1.6	2	90	
8	1994.04.28	12	6.3	18.2	0	1.8	85	
8	1994.04.29	12.6	8.1	17	0	2.5	83	
8	1994.04.30	13.5	9.6	17.3	0	2.8	79	
8	1994.05.01	9.6	4.4	10.7	1.2	4.6	74	
8	1994.05.02	4.9	-0.2	9.5	0	5.9	56	
8	1994.05.03	4.4	-0.9	9.3	0	4.3	57	
8	1994.05.04	5.8	0.4	10.7	0	3.1	52	
8	1994.05.05	7.6	0	14	0	2.3	51	
8	1994.05.06	8.9	2.8	15.5	0	2.6	56	
8	1994.05.07	9.8	1.2	16	0	2.1	55	
8	1994.05.08	12.5	4.9	18.7	0	2.8	52	
8	1994.05.09	10.5	5.6	14.7	0	2.5	59	
8	1994.05.10	11.3	5.4	16.6	0	2.9	59	
8	1994.05.11	12.8	10	16.2	0	3.8	57	
8	1994.05.12	13.7	6.5	19.3	0	2	60	
8	1994.05.13	12.7	7.1	17.7	0	2.3	61	
8	1994.05.14	12.5	5	18.7	0	2.6	49	
8	1994.05.15	14.9	8.4	20.9	0.8	2.9	65	
8	1994.05.16	13.4	10	13.9	4	4.6	88	
8	1994.05.17	12.8	5.6	17.8	0	1.3	78	
8	1994.05.18	17	11.7	22.3	5.5	3.5	73	
8	1994.05.19	13.7	10.6	17.9	10.9	3.4	90	
8	1994.05.20	15.4	12.5	19.9	15.6	2.4	86	
8	1994.05.21	9.8	6.1	12.7	2.9	4.9	84	
8	1994.05.22	8.5	3.1	12.8	0	2.4	66	
8	1994.05.23	10.8	8.6	14.5	2.4	1.8	84	
8	1994.05.24	12.3	8	14.9	1.9	2.9	77	
8	1994.05.25	12.7	5.2	18.5	0	1.1	69	
8	1994.05.26	15.2	10	19.8	4.9	2.3	71	
8	1994.05.27	11.4	5.6	13.9	13.9	3.1	90	
8	1994.05.28	8.4	2.9	12.8	0	1.9	64	
8	1994.05.29	10.9	5.8	15.7	0	2	66	
8	1994.05.30	9.2	6.5	12.5	5.5	1.8	79	
8	1994.05.31	8.6	5	13.9	3.3	3.9	78	
8	1994.06.01	11	8.1	15	3.9	6.4	74	
8	1994.06.02	13.4	7.2	19.7	0	2.8	67	
8	1994.06.03	15.1	12.7	18.5	2.7	3.8	73	
8	1994.06.04	14.6	8.8	19.1	1.7	3.3	80	
8	1994.06.05	11.9	6.6	17.6	0	1.5	83	
8	1994.06.06	13.1	9.5	16.3	0	5	75	
8	1994.06.07	11.8	7.2	16.2	0	6.3	70	
8	1994.06.08	15.4	12.2	18.6	0	3.3	72	
8	1994.06.09	17.2	9.8	24	0	3	65	
8	1994.06.10	11.7	9.3	14.5	3.1	3	82	
8	1994.06.11	14.5	10	18.8	0	3.8	65	
8	1994.06.12	14.2	8.4	19	0	4.3	53	
8	1994.06.13	14.6	10	19.8	0.6	4.4	70	
8	1994.06.14	13.2	6.8	17.8	0	2.5	59	
8	1994.06.15	14.2	8.3	17.5	0	4.3	63	
8	1994.06.16	9.6	6.8	13.8	4.8	4.5	76	
8	1994.06.17	8.7	5.1	11.7	1.8	3.9	78	
8	1994.06.18	10	4.3	15.7	0.4	3.1	72	
8	1994.06.19	11.7	9.8	13.1	4.2	3.4	87	
8	1994.06.20	13.3	10.2	15.6	1.9	6.4	73	
8	1994.06.21	14.5	8.6	20.1	0	2.9	66	
8	1994.06.22	15.1	10.1	19.9	0.1	3.9	76	
8	1994.06.23	13.2	11.1	15	1.3	7.6	71	
8	1994.06.24	11.8	10	14.1	0	7.9	60	
8	1994.06.25	14.1	8.8	19.6	0	3.6	63	
8	1994.06.26	18.5	10.1	26.5	0	3.3	61	
8	1994.06.27	19.6	14.2	24.8	0	3.8	65	
8	1994.06.28	18	10.5	24	0	3	68	
8	1994.06.29	19	11.8	24.9	0	2.1	69	
8	1994.06.30	17.7	11.1	20.8	0.7	2.9	76	
8	1994.07.01	14.4	9	19	0	3.4	76	
8	1994.07.02	15.3	10	20.5	0	3.9	63	
8	1994.07.03	15.9	8.9	21.9	0	3	63	
8	1994.07.04	18.3	11.5	24.6	0	2.9	63	
8	1994.07.05	16.9	10.5	21.4	0	3.1	60	
8	1994.07.06	15.7	9.2	20.8	0	2	61	
8	1994.07.07	16.1	7.6	22.5	0	1.3	60	
8	1994.07.08	17	9.4	24.8	2.3	2.5	66	
8	1994.07.09	17.4	14	21.6	9.5	1.9	77	
8	1994.07.10	19.8	11.4	26.5	0	1.9	67	
8	1994.07.11	22	14.4	28	0	1.8	60	
8	1994.07.12	23.2	14.8	29.5	0	2.1	58	
8	1994.07.13	23.8	15.6	30	0	2	59	
8	1994.07.14	24.8	18.3	30.6	0	1.9	52	
8	1994.07.15	24.2	15.4	31.1	0	1.4	52	
8	1994.07.16	24.8	16.1	31.5	0	2.3	54	
8	1994.07.17	20.9	15.1	24.4	0	3.4	70	
8	1994.07.18	17.4	12.4	21	0	2.1	64	
8	1994.07.19	16	10.7	20	0	3.3	63	
8	1994.07.20	16.7	10	22.7	0	3	62	
8	1994.07.21	19.9	12.1	26.1	0	4.6	55	
8	1994.07.22	18.5	12.4	24.3	0	2.3	73	
8	1994.07.23	20.5	13.2	26	0	2.5	61	
8	1994.07.24	21.3	12.2	27.8	0	1.6	55	
8	1994.07.25	21.7	12.4	28.7	0	1.6	56	
8	1994.07.26	22.4	14.5	28.8	0	1.9	55	
8	1994.07.27	23.3	13.7	30.5	0	1.6	54	
8	1994.07.28	23.6	12.9	31.4	0	1.1	52	
8	1994.07.29	25.2	15.1	32.8	0	0.9	51	
8	1994.07.30	25.6	15	33.2	0	1.1	52	
8	1994.07.31	26.7	17.8	33.8	0	1.3	53	
8	1994.08.01	24.8	16.7	30.8	0	1.8	61	
8	1994.08.02	25.3	17.7	31.4	0	1.8	60	
8	1994.08.03	23.5	17.1	29.3	0	1.8	66	
8	1994.08.04	23.8	18.2	29.9	0	1.3	62	
8	1994.08.05	24.3	17.3	31.5	0	1.3	63	
8	1994.08.06	24.8	16.8	32.2	0	2.6	53	
8	1994.08.07	22.9	17.6	26.9	1	2.9	67	
8	1994.08.08	18.7	13.2	24	0.3	1	76	
8	1994.08.09	19.5	13.3	25.3	3	1	72	
8	1994.08.10	19.6	16.8	24.4	3.6	3.4	73	
8	1994.08.11	18.9	12.1	24.7	0	2.1	61	
8	1994.08.12	17.2	11.9	20.2	0	2.5	69	
8	1994.08.13	18.6	14.8	23.1	0	2.9	70	
8	1994.08.14	15.6	10.5	18.2	4.7	5.1	76	
8	1994.08.15	11.7	8	15.8	0	4	81	
8	1994.08.16	16.3	13.9	21	1.5	3.5	80	
8	1994.08.17	15.7	9.6	21.2	0	0.9	69	
8	1994.08.18	16.8	13.2	21.2	0.8	3.9	67	
8	1994.08.19	13.6	10	16.5	7.3	2.5	86	
8	1994.08.20	11.7	9.8	14.2	4.2	2	91	
8	1994.08.21	14.2	10	19.1	2.7	1.9	88	
8	1994.08.22	15.4	11.4	19.3	0	3.4	77	
8	1994.08.23	14.6	9.7	20.2	0	1.9	81	
8	1994.08.24	14.9	11.8	17.7	1	1.3	87	
8	1994.08.25	14.9	9.1	20.1	0	2.6	69	
8	1994.08.26	15.5	10.1	20.9	0	2.8	60	
8	1994.08.27	16.1	9.4	22.5	0	1.5	59	
8	1994.08.28	17.3	13.4	20.9	0	4.5	59	
8	1994.08.29	14.6	9.4	19.8	0.9	3.1	70	
8	1994.08.30	12.6	9.1	16.5	0.9	4.1	77	
8	1994.08.31	13.4	7.5	20.3	0	1.6	72	
8	1994.09.01	14.6	6.2	21.5	0	2.6	64	
8	1994.09.02	15	13.5	16	0	3.4	76	
8	1994.09.03	17.1	13.7	23.3	0	2.1	90	
8	1994.09.04	15.5	11.8	18.2	9.3	2.6	87	
8	1994.09.05	16	11.3	22.2	0	3.6	79	
8	1994.09.06	15.4	12.2	18.5	7.3	3.4	84	
8	1994.09.07	11.5	9.4	13	2.7	2	94	
8	1994.09.08	13.4	9.8	17.2	0.1	1.6	83	
8	1994.09.09	17.8	14.4	24.7	0	3.6	74	
8	1994.09.10	15.5	12.3	19.3	2.6	2.5	73	
8	1994.09.11	13.2	10.5	16.2	3.1	3.6	74	
8	1994.09.12	13.1	8.4	18.4	0	4	74	
8	1994.09.13	16.3	14.1	19.2	0.8	3.4	87	
8	1994.09.14	15.7	11.9	19.3	0	1.5	92	
8	1994.09.15	20.1	16.5	26.7	0	4.9	75	
8	1994.09.16	16.7	12.5	19.9	0	3.4	70	
8	1994.09.17	13.2	8.4	18	0.4	4.5	67	
8	1994.09.18	12.1	7.6	14.2	5.6	2.4	81	
8	1994.09.19	10.5	5.9	15.9	0	1.6	80	
8	1994.09.20	9.7	8.4	11.8	5.9	2.3	90	
8	1994.09.21	14.8	10.9	20.8	0.5	2.9	88	
8	1994.09.22	13.3	11.2	14	1.2	2.5	92	
8	1994.09.23	13.7	9.6	16.7	1.8	2.9	87	
8	1994.09.24	12.5	8.3	18.9	0	1.9	83	
8	1994.09.25	13.1	7	20	0	1.8	79	
8	1994.09.26	14.5	11.6	18.9	0	2	88	
8	1994.09.27	13.3	10.7	16.3	0	2.4	85	
8	1994.09.28	10.7	8.6	12.5	1.4	6	73	
8	1994.09.29	10.4	7.4	13.5	0	6.6	73	
8	1994.09.30	9.9	6.2	13.5	3.3	3.3	79	
8	1994.10.01	11.1	6.4	13.7	0	6	77	
8	1994.10.02	7	3	10.9	0	3.8	73	
8	1994.10.03	9.4	1.8	16.7	0	3.4	85	
8	1994.10.04	8.9	1.8	13.5	4.7	4.5	71	
8	1994.10.05	3.2	0.2	7.1	0	3.6	82	
8	1994.10.06	2.3	0.1	5.8	0	2.4	93	
8	1994.10.07	2.5	-1.6	8.8	0	2.1	83	
8	1994.10.08	8.1	6.2	10.9	0	1	75	
8	1994.10.09	9	7.6	11.6	20.8	3	93	
8	1994.10.10	6.6	4.5	8.4	4.2	6.1	90	
8	1994.10.11	8.7	6.9	9.4	7	4.3	93	
8	1994.10.12	8.4	5.9	10.4	0	4.4	85	
8	1994.10.13	9.2	5.9	12.4	0	5.4	78	
8	1994.10.14	9.4	7.6	11.7	0.6	3.4	87	
8	1994.10.15	9.9	7.3	14.6	0	3.5	83	
8	1994.10.16	7.5	3	9.7	0	2.6	83	
8	1994.10.17	2.6	-1.4	5.1	0	3.3	71	
8	1994.10.18	0.8	-1.7	5.2	0	2.1	85	
8	1994.10.19	0.5	-3.3	5.4	0	1.5	83	
8	1994.10.20	-1.4	-4.8	3.2	0	1.4	83	
8	1994.10.21	-0.9	-4.8	4	0	3.4	64	
8	1994.10.22	1	-2.8	5.6	0	5.3	50	
8	1994.10.23	3.5	0.5	6.6	0	6.1	44	
8	1994.10.24	5.3	2.2	8	0	4.1	76	
8	1994.10.25	7.6	6.7	8.1	0	1.8	84	
8	1994.10.26	7.4	5.9	9.4	10.7	2.6	92	
8	1994.10.27	6.8	6	7.6	2.9	3.5	93	
8	1994.10.28	6.3	3.7	9.4	3.3	3	90	
8	1994.10.29	5.9	3	6.9	3.4	1.5	94	
8	1994.10.30	4.4	3	6.2	5	3.6	93	
8	1994.10.31	8.5	6.9	12.7	7.2	3.5	95	
8	1994.11.01	10.8	8	12	9.3	5.8	89	
8	1994.11.02	7.6	6.6	8	0.4	6.3	80	
8	1994.11.03	5.8	3	6.7	0.9	3.8	82	
8	1994.11.04	0.9	-2.3	3.5	0	2	80	
8	1994.11.05	-1.1	-3.5	2.2	0	4.5	68	
8	1994.11.06	-0.6	-3.1	3.3	0	4.8	55	
8	1994.11.07	0.4	-2.4	4.6	0	2	66	
8	1994.11.08	2	-2.1	7.2	0	1.6	80	
8	1994.11.09	4.2	1.8	5.6	6.8	2.3	96	
8	1994.11.10	0.9	-0.9	1.6	1.2	3.3	92	
8	1994.11.11	-1.5	-4.2	-0.9	0	3.3	74	
8	1994.11.12	-4.4	-8.2	-1.2	0	2.4	67	
8	1994.11.13	-6.7	-10.6	-0.9	0	0.5	78	
8	1994.11.14	-6.8	-10	-1.3	0	4.4	84	
8	1994.11.15	4.7	0.8	8.4	8.3	5.9	92	
8	1994.11.16	5.7	5	6.6	6.1	6.4	89	
8	1994.11.17	4.1	2.4	5.5	0.4	3	90	
8	1994.11.18	3.2	2.5	4.4	0	2.9	92	
8	1994.11.19	1.5	-3.6	3	0.5	2.9	91	
8	1994.11.20	-1.4	-4.4	2.8	3.7	3.6	90	
8	1994.11.21	6.2	5.2	8.5	10.2	7	89	
8	1994.11.22	4.3	0.3	5.9	0	4.9	84	
8	1994.11.23	5.4	1.9	6.9	0.3	4.4	85	
8	1994.11.24	2.9	0.6	6.4	1.9	6.1	92	
8	1994.11.25	3.3	0.7	4.3	2.2	7.5	81	
8	1994.11.26	-1.8	-6.2	0.8	0	4.8	76	
8	1994.11.27	-1.5	-6.6	2.3	1.1	2.3	95	
8	1994.11.28	3.7	2.1	6.4	0.1	4.3	91	
8	1994.11.29	4.5	2.5	5.2	0	9.1	65	
8	1994.11.30	0.5	-1.2	1.3	0.2	5.4	84	
8	1994.12.01	-3.7	-6.4	-1.8	0	1.9	90	
8	1994.12.02	-1.5	-5.7	2.3	0	2.9	88	
8	1994.12.03	0	-1.6	0.4	0	2.1	91	
8	1994.12.04	-2.3	-3.8	-0.6	0.3	3.8	90	
8	1994.12.05	0.7	-0.5	1.8	0.9	3.4	98	
8	1994.12.06	3.2	1.2	5	10	3.6	96	
8	1994.12.07	3.5	1.7	3.7	1.5	4.8	89	
8	1994.12.08	0.7	-0.2	1.3	0	3.4	91	
8	1994.12.09	0.8	-0.5	2	0	5.3	91	
8	1994.12.10	3.5	1.6	4.8	6.5	4	91	
8	1994.12.11	2.8	0.8	6.2	7	4.3	95	
8	1994.12.12	7.6	5.2	10.1	6	4.8	92	
8	1994.12.13	2.5	0.3	3.3	6	1.4	94	
8	1994.12.14	0	-2.8	0.4	7.4	2.8	94	
8	1994.12.15	-1	-2.2	0	0	4.1	91	
8	1994.12.16	-1.8	-2.7	-0.8	0.3	3.4	92	
8	1994.12.17	-2.1	-3.2	-1.1	0.9	2.6	94	
8	1994.12.18	-3.7	-5.3	-2.9	0	2.9	93	
8	1994.12.19	-6.1	-7.6	-4.5	0	5.3	88	
8	1994.12.20	-8.6	-10	-7.7	0.1	5	88	
8	1994.12.21	-7.8	-9	-6.2	0.5	4.6	80	
8	1994.12.22	-6.8	-7.5	-5.6	0	2.1	80	
8	1994.12.23	-7.6	-10.6	-5.1	0	0.8	82	
8	1994.12.24	-7.4	-9	-5.2	0	2.6	93	
8	1994.12.25	-10.3	-11.5	-9.3	0	2.6	92	
8	1994.12.26	-8.5	-9.2	-6.2	0	4	96	
8	1994.12.27	-2.6	-4.8	2	2.9	6	95	
8	1994.12.28	1.8	0.2	3	3.9	6.5	83	
8	1994.12.29	3.5	0.2	8.2	4.2	4.3	94	
8	1994.12.30	6.5	4.4	7.3	5	6	92	
8	1994.12.31	3.2	2.7	3.9	0.1	4	93	
8	1995.01.01	2	0.6	2.9	1.5	4.9	92	
8	1995.01.02	-0.7	-1.6	-0.1	1.1	5.9	86	
8	1995.01.03	-2.5	-6.1	0.2	2.7	5.3	88	
8	1995.01.04	-9	-17.2	-6	0	2	86	
8	1995.01.05	-14.1	-17.7	-9.4	0	0.9	85	
8	1995.01.06	-10.4	-14.8	-6.2	0	1.8	79	
8	1995.01.07	-5.2	-6	-4	0	2	84	
8	1995.01.08	-4.5	-5.2	-3.4	0	1.9	90	
8	1995.01.09	-2.9	-3.6	-2.1	0	4.5	89	
8	1995.01.10	-2.8	-3.4	-1.2	1.8	5	90	
8	1995.01.11	-0.5	-3.4	0.5	1.6	4.8	88	
8	1995.01.12	-3.5	-4.6	-2.8	0	2.9	91	
8	1995.01.13	-3.3	-5	-2.4	1.1	4.3	89	
8	1995.01.14	-5.9	-9.5	-4.1	0	2.6	81	
8	1995.01.15	-3.4	-5.6	1.4	1.2	3.8	96	
8	1995.01.16	-0.9	-3.1	1.1	0	2.4	95	
8	1995.01.17	-5.3	-9	-4	0	3.6	92	
8	1995.01.18	-8	-9.5	-4.9	0	3.3	88	
8	1995.01.19	-9.2	-11.9	-6	0	4.6	72	
8	1995.01.20	-8.7	-11.4	-6.4	0	4.3	78	
8	1995.01.21	-10.6	-12.8	-7.8	0	3.6	75	
8	1995.01.22	-7.5	-9	-4.7	0	4.9	73	
8	1995.01.23	-0.7	-4.8	3.5	6	7	92	
8	1995.01.24	1.7	0.4	2.7	0.3	6.1	89	
8	1995.01.25	1.5	0.4	2.1	0.7	6	88	
8	1995.01.26	1.1	0.2	5.8	4	3.9	94	
8	1995.01.27	3.8	-0.8	6.1	3.3	7	87	
8	1995.01.28	-0.1	-1.4	1	0.3	5.1	82	
8	1995.01.29	2.6	0.7	4.3	3.4	4.9	95	
8	1995.01.30	3.6	-0.6	5.4	3.3	4.9	95	
8	1995.01.31	-2.5	-4.4	-1.1	0	4.6	73	
8	1995.02.01	-2.9	-5.9	2	2.4	5.1	76	
8	1995.02.02	3.2	0.9	4.7	4.3	5.1	91	
8	1995.02.03	-0.3	-2.4	1.2	0	5.6	73	
8	1995.02.04	-0.5	-1.6	1.2	0.9	6.1	83	
8	1995.02.05	2.1	1.4	2.4	3.7	5.3	90	
8	1995.02.06	1	-0.9	5.2	0.5	5.3	93	
8	1995.02.07	5.2	-0.9	6.9	5.9	7.4	85	
8	1995.02.08	-0.7	-2	0.6	2.7	5.4	87	
8	1995.02.09	-2.6	-6	-1	0.6	4.6	77	
8	1995.02.10	-2.7	-5.5	0.4	1.4	5.4	79	
8	1995.02.11	-3.3	-6.4	-1.2	0.3	3.6	88	
8	1995.02.12	0.5	-2.1	4.1	2.5	3	96	
8	1995.02.13	4.4	2.4	7.8	0.9	4.3	84	
8	1995.02.14	4.4	1.5	8.9	0	4.8	78	
8	1995.02.15	4.9	4.5	6.1	2.1	3.8	90	
8	1995.02.16	6.4	3.7	7.8	4.2	5.1	91	
8	1995.02.17	3.9	1.6	6.8	3.2	4.8	90	
8	1995.02.18	3.5	2.4	5.1	0.7	6.1	85	
8	1995.02.19	2.9	1.4	5.2	0	4.6	85	
8	1995.02.20	2.4	1.6	3.3	6.5	4.9	93	
8	1995.02.21	3.2	2	4.6	3.1	4	85	
8	1995.02.22	4.5	3.5	5.4	4.5	6.5	74	
8	1995.02.23	4	-0.8	7.8	0	4.8	67	
8	1995.02.24	3.3	0.8	6	0.5	4.4	79	
8	1995.02.25	0.4	-1.3	1.8	0	1.8	90	
8	1995.02.26	0.8	-1.5	2.5	0	1.9	90	
8	1995.02.27	-1.2	-4	1.4	0	1.8	84	
8	1995.02.28	0.3	-2.1	6.3	1.9	5.9	90	
8	1995.03.01	7.4	6.8	8.8	0.8	7.3	82	
8	1995.03.02	8	5.8	11.2	0.1	5	68	
8	1995.03.03	5.2	-0.3	8.6	0.3	3.9	71	
8	1995.03.04	5	3.6	6.9	4.2	2.4	92	
8	1995.03.05	5	3	8	2.8	2.3	93	
8	1995.03.06	4.1	1.5	8.1	0	2.4	92	
8	1995.03.07	2.9	1.9	3.9	2.1	1.8	93	
8	1995.03.08	1.1	0.3	1.8	6.7	2.9	97	
8	1995.03.09	1	0.1	2.2	12.9	1.5	94	
8	1995.03.10	-0.8	-3.8	0.7	0	2	89	
8	1995.03.11	1.1	-0.3	4	2.2	3.1	94	
8	1995.03.12	2.5	-0.1	4.6	3.2	4.5	84	
8	1995.03.13	-1.7	-4.4	-0.7	0	4.1	60	
8	1995.03.14	-5.4	-7	-4.2	0	5.3	62	
8	1995.03.15	-2.4	-5.1	0.6	0	5.5	63	
8	1995.03.16	-0.9	-2.2	0	0.4	4.9	75	
8	1995.03.17	1.1	-0.7	5	0.2	2.9	81	
8	1995.03.18	2.5	0.2	7	5.5	5.6	81	
8	1995.03.19	3.3	0.7	6.4	2.8	4.5	83	
8	1995.03.20	2.4	0.7	5.7	2	5.9	80	
8	1995.03.21	1.9	0.3	3.3	2.8	5.4	83	
8	1995.03.22	1.4	-0.5	4.3	0.3	5.6	74	
8	1995.03.23	2.2	0.5	4.4	0	3.6	83	
8	1995.03.24	4.9	3	8.1	1.4	4.1	91	
8	1995.03.25	4.9	1.6	7.2	6	4.9	86	
8	1995.03.26	1.8	-0.1	3.5	6.3	6	85	
8	1995.03.27	0.8	-0.6	3	5.2	4.8	93	
8	1995.03.28	-1.8	-3.2	-0.3	0.9	6.6	79	
8	1995.03.29	-1	-4	3.7	0	4.5	68	
8	1995.03.30	-0.6	-4.1	2.5	0.1	2.5	78	
8	1995.03.31	0.2	-3.6	3.9	0	1.6	76	
8	1995.04.01	-0.3	-3.3	2.6	2	3.8	83	
8	1995.04.02	3	0.2	6.4	0	5.8	83	
8	1995.04.03	3.4	1.6	6.2	2.9	6	69	
8	1995.04.04	3.2	0.3	5.5	2.9	4	82	
8	1995.04.05	2.6	-1	6.8	0	4.9	64	
8	1995.04.06	1.3	-1.3	4.5	4.7	3.1	84	
8	1995.04.07	3.7	2.1	5.5	1.6	4.5	89	
8	1995.04.08	3.2	1.6	4.9	6.8	3.9	89	
8	1995.04.09	1	-0.6	2	4.5	5.8	90	
8	1995.04.10	0.8	-2	4.2	0	3.5	77	
8	1995.04.11	0.7	-4.4	5.4	0	2.5	76	
8	1995.04.12	0.5	-0.5	1.5	8.9	5.4	84	
8	1995.04.13	3.9	-0.4	9	0	3.5	74	
8	1995.04.14	8.2	2.9	13.7	0	2.8	55	
8	1995.04.15	8.6	0.8	15.5	0	1.5	54	
8	1995.04.16	7.6	1.7	13.8	0	2.3	62	
8	1995.04.17	4.6	2.5	6.7	3.6	2.4	85	
8	1995.04.18	5.4	0.4	10.1	0	3.1	74	
8	1995.04.19	9.8	5.9	15.1	1.4	2.9	77	
8	1995.04.20	13.8	7.6	19.7	0.1	3.4	63	
8	1995.04.21	9.2	3	16.4	0	3.4	70	
8	1995.04.22	14.7	5.6	22.7	0	2.5	56	
8	1995.04.23	17.9	11.9	23.7	0	2.9	52	
8	1995.04.24	17.9	10.4	24.2	0	2.5	46	
8	1995.04.25	16	8.6	22.3	0	1.8	49	
8	1995.04.26	15.5	5.8	21.6	0	2	54	
8	1995.04.27	14.6	10.8	18.4	0	2.5	62	
8	1995.04.28	10	5.4	12	0	3.1	85	
8	1995.04.29	4.8	0.6	5.8	1.4	4	76	
8	1995.04.30	5.7	0.3	10.6	0	2.3	67	
8	1995.05.01	3.8	-1	7	0	3.3	56	
8	1995.05.02	3.6	-1	7.5	0	2.3	60	
8	1995.05.03	5.2	-3.6	13.8	0	2.1	58	
8	1995.05.04	9.6	8	15.3	5.6	3.1	75	
8	1995.05.05	10.8	5.2	15.8	3	3.1	70	
8	1995.05.06	10.4	5.9	15.9	3.4	2.4	81	
8	1995.05.07	8.2	5.6	11	0.4	3.6	84	
8	1995.05.08	7.5	3	9.8	4.4	4.8	88	
8	1995.05.09	5.4	2.6	6.9	12.2	2.5	94	
8	1995.05.10	6.8	4.2	9.1	1.2	5.1	71	
8	1995.05.11	6.6	1	11.1	0	1.8	65	
8	1995.05.12	10.3	2.4	16.3	0	2.3	63	
8	1995.05.13	11.9	10.3	13.9	11.2	4	83	
8	1995.05.14	11.9	5	17.3	1.3	4.6	86	
8	1995.05.15	6.9	3	10.1	0.9	5.6	63	
8	1995.05.16	7.2	0.6	12.5	0.4	3.5	71	
8	1995.05.17	12.6	5.3	19.3	0	3	62	
8	1995.05.18	15.1	11.3	18.9	1.4	4.8	70	
8	1995.05.19	15.3	8.2	20.7	0.4	3.6	67	
8	1995.05.20	8.7	7.4	10.3	11.7	3.8	95	
8	1995.05.21	10.5	6.8	15.4	0	3.9	76	
8	1995.05.22	9.4	5.2	13.1	0	4	63	
8	1995.05.23	9.6	1.7	15.7	0	1.5	64	
8	1995.05.24	13.8	5.4	19.8	0	2.6	62	
8	1995.05.25	14.3	11.5	17.6	10	2.8	90	
8	1995.05.26	15.5	13.4	17.9	2.4	2.5	88	
8	1995.05.27	18	10.3	25.2	0	1.5	74	
8	1995.05.28	21.5	14.7	27.1	0	2.5	60	
8	1995.05.29	21.2	12.8	29.3	0	1.6	66	
8	1995.05.30	21.5	15.3	28.3	0	1.8	65	
8	1995.05.31	19.6	14.8	25.1	0.7	1.8	67	
8	1995.06.01	20	12.1	27	0	2	68	
8	1995.06.02	23.6	18.1	29.9	0	3.3	62	
8	1995.06.03	15.9	11.5	17.3	10.8	3.4	92	
8	1995.06.04	13	11.3	15.5	11.9	2.1	86	
8	1995.06.05	15.5	10.5	19.5	0	2.4	70	
8	1995.06.06	15.4	9.2	20.3	0	1.9	74	
8	1995.06.07	16.1	9	20.9	0	1.5	77	
8	1995.06.08	19.4	13.5	24.7	0	2.8	71	
8	1995.06.09	21.3	15.5	26.3	1.6	2.4	73	
8	1995.06.10	19.2	15.5	24.7	13.3	2.8	77	
8	1995.06.11	20.5	14.3	26.4	0.1	2.4	79	
8	1995.06.12	20.3	16.4	23.8	0	2.8	66	
8	1995.06.13	21.1	16.4	26.3	0	2.6	79	
8	1995.06.14	19.7	14.4	24.6	18.5	1.6	81	
8	1995.06.15	15.7	13.1	18.4	0.8	2.3	82	
8	1995.06.16	16.8	10.7	22.6	0	2	78	
8	1995.06.17	15.1	11.4	17.7	7	1.1	87	
8	1995.06.18	14.8	11.5	18.9	0	3.3	79	
8	1995.06.19	14.8	9.8	17.6	0.4	4.1	66	
8	1995.06.20	14.5	8.8	19.8	0	4.1	65	
8	1995.06.21	15.4	9.8	20.7	0	2	70	
8	1995.06.22	13.5	10	15	5.1	3.6	88	
8	1995.06.23	12.4	10.2	14.8	25.6	5.1	95	
8	1995.06.24	14.7	12.9	17.3	3.5	3.4	93	
8	1995.06.25	16.9	13.8	20.5	2.6	3.5	82	
8	1995.06.26	18.9	13.7	23.1	0	3.4	75	
8	1995.06.27	19.1	14.7	23.1	0	4.1	70	
8	1995.06.28	15.5	10.3	20.1	0	3.4	69	
8	1995.06.29	17.5	9.6	23.8	0	2.6	70	
8	1995.06.30	16.8	10.7	22.1	0	2.3	59	
8	1995.07.01	17.1	11.5	23.2	6.1	3.6	70	
8	1995.07.02	13.1	7.4	18	0	2.9	69	
8	1995.07.03	17.1	10.1	24.1	0	3.6	72	
8	1995.07.04	17.7	11.6	21.9	5.6	3.5	87	
8	1995.07.05	13.6	9.2	18.3	0.1	3.8	81	
8	1995.07.06	12.8	7	17.9	0	2.6	79	
8	1995.07.07	18	12.4	24.5	0	2.4	79	
8	1995.07.08	21.8	15.3	28	0	1.6	81	
8	1995.07.09	23.5	16.6	29	0	0.6	81	
8	1995.07.10	21.4	16.7	27.3	18.6	1.8	82	
8	1995.07.11	17.7	14.3	20.7	5.5	3	81	
8	1995.07.12	18.1	12.3	22.7	0	1.3	68	
8	1995.07.13	19.4	11.4	25.8	0	1.6	70	
8	1995.07.14	21.8	14.2	28.1	0	0.8	69	
8	1995.07.15	22.5	16.1	26.9	0	2.3	70	
8	1995.07.16	20.4	16.3	25	0	2.8	62	
8	1995.07.17	17.4	14.7	18.3	9.7	3.3	80	
8	1995.07.18	17.2	13.6	22.1	4.6	2.5	85	
8	1995.07.19	17.1	12.4	20.7	1.2	3.6	83	
8	1995.07.20	17.5	12.8	22.1	0	3.9	73	
8	1995.07.21	19.6	12.9	26	0	2.5	77	
8	1995.07.22	23.6	16.6	30.4	0	3.4	67	
8	1995.07.23	17	11.3	18.8	0.8	3.1	76	
8	1995.07.24	14.5	8.3	18.5	0	2	75	
8	1995.07.25	15.6	10.1	22.2	7.4	1.9	76	
8	1995.07.26	14.9	9.2	19.6	0	2.3	78	
8	1995.07.27	15.8	9.1	21.5	0	1.9	73	
8	1995.07.28	17.6	10.3	24.3	0	2	69	
8	1995.07.29	19.5	12.6	25.3	0	2.5	66	
8	1995.07.30	19.2	11.5	24.5	0	2.1	68	
8	1995.07.31	19.2	14.5	23.4	0	2.9	70	
8	1995.08.01	18.2	13.3	22	0	2.6	69	
8	1995.08.02	18.5	13.4	22.5	0.8	2.9	72	
8	1995.08.03	18.4	12.5	23	0	2.1	76	
8	1995.08.04	18.8	11.3	24.9	0	1.6	72	
8	1995.08.05	17	12.4	20.3	0	4.3	64	
8	1995.08.06	15.8	7.6	22.1	0	1.8	67	
8	1995.08.07	18.9	10.2	26.7	0	2.6	71	
8	1995.08.08	16	12.3	18.7	3.1	4.1	71	
8	1995.08.09	14.3	8.7	19.3	0	2.8	65	
8	1995.08.10	16	9	22.2	0	2.5	65	
8	1995.08.11	15.2	10.4	19.7	0	4.1	66	
8	1995.08.12	14.5	9.6	18.9	0	2.9	74	
8	1995.08.13	18.5	13.1	25.8	0	2.8	68	
8	1995.08.14	19	10	27.1	0	1.3	60	
8	1995.08.15	16.7	14.1	19	3.3	1.5	84	
8	1995.08.16	16.5	14.3	19.5	1.8	1.1	88	
8	1995.08.17	19	12.7	25.3	0	1.5	73	
8	1995.08.18	19.9	12.5	25.9	0	1.5	70	
8	1995.08.19	20.5	12.3	28.2	0	1.3	66	
8	1995.08.20	20.4	12.3	27	0	1.1	67	
8	1995.08.21	17.8	11.3	22.8	0	2.8	58	
8	1995.08.22	16.5	9.1	23.3	0	1.4	61	
8	1995.08.23	18.7	9.4	27.6	0	2.1	57	
8	1995.08.24	21.2	12.9	29.9	0	2.5	60	
8	1995.08.25	18.9	15.5	20.7	1.8	1.5	88	
8	1995.08.26	19.2	15.2	25.2	0	3.8	78	
8	1995.08.27	16.2	12.9	19.2	0	2.9	69	
8	1995.08.28	15.1	10.8	20	0	2	68	
8	1995.08.29	14	12.6	15.4	20.1	3.8	88	
8	1995.08.30	12.6	10.6	14.8	0	5.1	80	
8	1995.08.31	12.9	10.3	17.1	12.3	3.4	92	
8	1995.09.01	12.9	9.8	16.4	0.6	4.6	76	
8	1995.09.02	15.6	12.3	20.1	0.7	2.8	74	
8	1995.09.03	14.1	11.7	16.1	21.9	5.3	91	
8	1995.09.04	15	12.6	19.6	0.6	5.1	76	
8	1995.09.05	15.8	13.3	19.9	3.4	3.4	80	
8	1995.09.06	14.2	11.1	18.7	0.5	1.4	88	
8	1995.09.07	15.3	12.2	17.6	2	1.9	91	
8	1995.09.08	14.3	10.4	19.3	0	0.9	88	
8	1995.09.09	13.4	11.1	15.6	4.6	1.8	95	
8	1995.09.10	15.3	10.7	17.8	0	1.5	91	
8	1995.09.11	13.9	8.9	19.7	0	0.5	87	
8	1995.09.12	15.8	11.7	20.7	0.3	1.3	85	
8	1995.09.13	16	10.8	19.1	0.3	1.5	86	
8	1995.09.14	14.7	8.8	20.9	0	1.5	90	
8	1995.09.15	17.1	14.9	19.6	3.4	2	95	
8	1995.09.16	10.7	8.8	11.3	47.1	4	96	
8	1995.09.17	9.1	5.6	12.6	0.4	4.1	68	
8	1995.09.18	7.7	2.3	13.3	0	1.5	67	
8	1995.09.19	7.4	0.2	14.8	0	0.6	73	
8	1995.09.20	8.6	3	14.4	0	2.4	70	
8	1995.09.21	8.7	8.2	9	8.8	2.6	91	
8	1995.09.22	8.8	4.8	13.2	0	3.3	83	
8	1995.09.23	9.5	5.1	13.9	0	1.5	87	
8	1995.09.24	12.3	8.4	15.9	0	2.9	84	
8	1995.09.25	12.6	9.4	18.1	0	3	83	
8	1995.09.26	12.8	8.9	16.8	0	3.8	77	
8	1995.09.27	12	10.2	12.1	12.9	3.5	91	
8	1995.09.28	9.9	6.9	11.1	4.7	5.5	80	
8	1995.09.29	8	5.8	10.6	0	6.5	70	
8	1995.09.30	5.4	3	8.2	0	2.5	79	
8	1995.10.01	6	3.8	7.6	2.4	5	87	
8	1995.10.02	7.5	4.8	10.5	0	4	79	
8	1995.10.03	9.6	5.9	14.3	0	2	87	
8	1995.10.04	10.3	5.6	16.3	0	2.3	78	
8	1995.10.05	11.5	8.5	15.4	0	2.5	78	
8	1995.10.06	13	9.2	18.5	0	2	81	
8	1995.10.07	13.6	10.7	17.8	0	2.1	86	
8	1995.10.08	14.1	8.3	16.5	0	3.4	83	
8	1995.10.09	13.8	9	20.4	0.5	2.6	82	
8	1995.10.10	14.9	10	20.8	0	2.1	84	
8	1995.10.11	14.7	9.6	18.6	0	1.9	95	
8	1995.10.12	12	11.1	13.5	0.4	1.3	99	
8	1995.10.13	12.8	10.6	13.8	0.4	2.6	94	
8	1995.10.14	12.5	7.7	15.6	0	2.8	78	
8	1995.10.15	7.3	2.2	11.4	0	1.3	82	
8	1995.10.16	9	6	11.5	0	1.5	73	
8	1995.10.17	8.1	2.9	14.8	0	1.9	83	
8	1995.10.18	9.6	7	12.9	0	4.1	83	
8	1995.10.19	9.8	6.7	11.9	0.1	5	80	
8	1995.10.20	9.7	6.2	11.7	2.3	7.4	77	
8	1995.10.21	6.4	3.2	8.4	2.6	5.1	82	
8	1995.10.22	3.7	0	8.1	0	2.9	75	
8	1995.10.23	2.9	-1.4	8.8	0	3.8	78	
8	1995.10.24	3.8	-0.6	10.2	0	3.1	78	
8	1995.10.25	5.1	-0.6	12.6	0	2.1	78	
8	1995.10.26	4	-0.7	11.6	0	1.1	84	
8	1995.10.27	4.6	-1.8	12.8	0	2.1	76	
8	1995.10.28	6.2	4.4	7.5	6.4	3.3	89	
8	1995.10.29	5.4	3	8.4	0	2.9	96	
8	1995.10.30	4.8	3.3	7	0.4	1.8	94	
8	1995.10.31	4.9	3.6	6.5	0	1.3	92	
8	1995.11.01	4.3	2.6	6.2	27.5	3.8	94	
8	1995.11.02	0.1	-1.4	0.5	2.1	4	93	
8	1995.11.03	0.3	-0.6	1.4	0	2.8	92	
8	1995.11.04	-0.9	-2.6	-0.3	0	2.4	79	
8	1995.11.05	-1.3	-3.9	0.6	0	2.8	88	
8	1995.11.06	-2.1	-5.3	2.2	0	2.3	93	
8	1995.11.07	0.4	-1.8	1.1	3	5	79	
8	1995.11.08	-2.8	-5.4	-1.3	0	3.3	75	
8	1995.11.09	-5.9	-9	-2.2	0	1.9	82	
8	1995.11.10	-4.5	-10.1	0.2	0.1	1.6	91	
8	1995.11.11	1.6	-0.8	3.6	0.8	2.6	96	
8	1995.11.12	-0.4	-2.2	1.4	0	2.4	88	
8	1995.11.13	2.7	0.6	6.1	0	4.1	85	
8	1995.11.14	1.8	-0.9	3.3	0	3	85	
8	1995.11.15	1.1	-1.5	5.4	0	3.3	91	
8	1995.11.16	5.5	4.4	6.8	5.3	4.8	93	
8	1995.11.17	6.4	2.2	8.2	4.6	4.5	91	
8	1995.11.18	0.4	-0.6	0.5	0.4	6.4	72	
8	1995.11.19	-1.5	-2.7	-0.7	0.1	3.6	88	
8	1995.11.20	-2.3	-7.2	-1.1	0	2.3	86	
8	1995.11.21	-4.8	-8.3	-2.2	0	1.5	95	
8	1995.11.22	-5.1	-6.1	-4.2	0	3.1	95	
8	1995.11.23	-6	-7.6	-4.3	0	4.1	88	
8	1995.11.24	-2.2	-4.1	1.6	0	5.4	94	
8	1995.11.25	2	1.2	2.8	0.8	2.6	96	
8	1995.11.26	-1.2	-2.5	0.7	0	2.8	90	
8	1995.11.27	-0.6	-1.5	0.4	0	2.5	93	
8	1995.11.28	-0.3	-2.9	0.6	0.4	2.6	91	
8	1995.11.29	-3.9	-4.8	-3.4	0	2.1	78	
8	1995.11.30	-3.9	-5.9	-1.8	0.2	1.5	88	
8	1995.12.01	-1.6	-2.4	-0.5	0.2	2.4	92	
8	1995.12.02	0.1	-0.4	0.8	1.4	2.3	97	
8	1995.12.03	-1.3	-4.5	0.2	0.5	2.6	84	
8	1995.12.04	-6.4	-9	-5.2	0.2	3.4	71	
8	1995.12.05	-8.8	-10.2	-7.7	0	3	85	
8	1995.12.06	-9.8	-11.1	-7.6	0	2.5	86	
8	1995.12.07	-11	-14.4	-8	0	3	81	
8	1995.12.08	-7.2	-10.1	-2.8	0	2.8	64	
8	1995.12.09	-5.1	-5.8	-3.6	0	3	89	
8	1995.12.10	-4.5	-4.9	-1.7	0.5	3	89	
8	1995.12.11	0	-2.4	1.2	4.3	4.4	94	
8	1995.12.12	-2.3	-3.9	-0.9	0.2	4	88	
8	1995.12.13	-5.9	-6.6	-5.5	0.3	1.9	87	
8	1995.12.14	-5.5	-12.8	-3.5	0.3	1.9	89	
8	1995.12.15	-5.4	-11.6	-0.1	0.3	2.5	88	
8	1995.12.16	0	-0.3	0.3	0.9	2.1	97	
8	1995.12.17	-2.3	-3.7	-0.2	0	4.6	92	
8	1995.12.18	-3.1	-5.2	-0.4	0.2	3.1	92	
8	1995.12.19	-2.5	-3.4	-2.2	0	2.4	83	
8	1995.12.20	-3.1	-7.4	-1.6	2	4.9	86	
8	1995.12.21	-6.7	-8.2	-4.6	0.6	4.1	87	
8	1995.12.22	-9.8	-13.1	-6.2	0	3.5	83	
8	1995.12.23	-6.8	-9.9	3	9.4	3.3	88	
8	1995.12.24	-2.9	-13.2	3	5.2	4	87	
8	1995.12.25	-11.1	-14.3	-5.2	0	2	86	
8	1995.12.26	-9.1	-16.2	-4.9	7.8	3.6	86	
8	1995.12.27	-17.8	-22	-12.9	0	1	88	
8	1995.12.28	-19.9	-21.9	-16.8	0	1.4	87	
8	1995.12.29	-16	-20.3	-12.5	0	2	90	
8	1995.12.30	-17.4	-19.7	-12.8	0	1.3	91	
8	1995.12.31	-17.3	-19.5	-14	0	1.4	88	
8	1996.01.01	-16.2	-19.6	-10.2	0.2	2.4	87	
8	1996.01.02	-8.7	-9.4	-7.2	2.5	3.4	86	
8	1996.01.03	-7.2	-7.6	-6.8	6.1	1.5	92	
8	1996.01.04	-6.6	-7.1	-5.9	0	1.3	91	
8	1996.01.05	-5.5	-6.6	-4.4	0	1.1	90	
8	1996.01.06	-4.7	-7.2	-3.2	0	2.4	86	
8	1996.01.07	-7.6	-10.1	-4.6	0	3.5	67	
8	1996.01.08	-6.9	-7.8	-5.5	0	3.8	77	
8	1996.01.09	-6.7	-7.5	-5.7	3.9	4.3	86	
8	1996.01.10	-3.4	-4.5	-1.7	2	2.1	95	
8	1996.01.11	-1.6	-2.1	-0.2	0.4	3.5	95	
8	1996.01.12	0.1	-0.6	1	0	4.1	94	
8	1996.01.13	-0.9	-1.5	-0.6	0	4	91	
8	1996.01.14	-4.4	-9.6	-2.1	0	4.3	85	
8	1996.01.15	-11.8	-15.1	-8.9	0	2.5	80	
8	1996.01.16	-12.6	-16	-8.7	0	2.4	81	
8	1996.01.17	-9.4	-13.8	-5.8	0	1.9	92	
8	1996.01.18	-3.7	-5	-1.9	1.9	1.3	97	
8	1996.01.19	-7.6	-11	-5.7	0	2	84	
8	1996.01.20	-6.5	-9.2	-4.4	0	2	88	
8	1996.01.21	-6.4	-7.5	-5.6	0.4	2.4	87	
8	1996.01.22	-7.4	-16.4	-5.8	0.5	1.6	81	
8	1996.01.23	-16.5	-20.7	-10.4	0	0.4	88	
8	1996.01.24	-14.1	-17.3	-13.4	0	2.3	79	
8	1996.01.25	-17.5	-21.2	-14.8	0.2	1.8	84	
8	1996.01.26	-17.8	-20	-15.9	0	1.9	87	
8	1996.01.27	-14.6	-18.8	-10.6	0	2	86	
8	1996.01.28	-11.2	-15.4	-5.4	0	1.6	89	
8	1996.01.29	-4.5	-7.9	-1.4	0.8	2.5	93	
8	1996.01.30	-2.4	-3.2	-1.3	0	1.3	88	
8	1996.01.31	-3.8	-10.5	-1.7	0.2	3.4	77	
8	1996.02.01	-6.1	-11.6	-2.4	0	2.8	76	
8	1996.02.02	-4.7	-5.2	-3.6	0.3	2.1	81	
8	1996.02.03	-6	-7	-5.6	0	2.1	79	
8	1996.02.04	-6.7	-9.1	-4	1.9	2.9	91	
8	1996.02.05	-9.4	-14.7	-7.7	1	3.4	76	
8	1996.02.06	-12.8	-19.7	-7.3	0	1.5	87	
8	1996.02.07	-17.5	-23.1	-12.5	0	0.8	88	
8	1996.02.08	-19.1	-22.8	-14.3	0	1.4	81	
8	1996.02.09	-19.5	-25.4	-12.8	0	1.1	81	
8	1996.02.10	-16	-19.3	-10.9	0	2.1	77	
8	1996.02.11	-15.2	-19.4	-11.1	0	4.1	64	
8	1996.02.12	-10.1	-11.5	-7.8	1.1	4.5	84	
8	1996.02.13	-8.1	-10	-7.4	0.2	4.3	81	
8	1996.02.14	-8.3	-9.4	-6.6	0	2.9	84	
8	1996.02.15	-7.2	-8.7	-6.1	0	2.8	85	
8	1996.02.16	-2.1	-4.6	1.9	3.3	6.3	86	
8	1996.02.17	0.4	-4.3	1.8	5	6.6	85	
8	1996.02.18	-7.3	-13.6	-4.7	0.7	3.3	76	
8	1996.02.19	-3	-6	0.3	3.9	4	88	
8	1996.02.20	-0.7	-2.4	1	0.6	3.9	90	
8	1996.02.21	0.5	0.1	0.8	7.9	2.4	98	
8	1996.02.22	-2.8	-4.7	-0.7	4.8	3.8	92	
8	1996.02.23	-2.7	-4.1	-0.7	3.6	3.3	85	
8	1996.02.24	-5.6	-7.8	-4	1.4	2.8	84	
8	1996.02.25	-3.6	-5.8	-1.2	4.4	3.8	89	
8	1996.02.26	-3.5	-7.4	0.9	0.4	3.6	82	
8	1996.02.27	-3.5	-7.3	-2.4	0	4.5	79	
8	1996.02.28	-8.3	-12.8	-4.4	0	2.6	77	
8	1996.02.29	-8.8	-14.1	-2.9	0	3.1	83	
8	1996.03.01	-3.6	-5.6	-0.9	2	2	90	
8	1996.03.02	-5.5	-7.6	-3.5	1.8	2.5	88	
8	1996.03.03	-8.3	-11.2	-6	1.3	2.3	86	
8	1996.03.04	-10.1	-12.8	-6.8	0	3.3	81	
8	1996.03.05	-4.1	-8.2	0.2	1.7	3.8	88	
8	1996.03.06	-2.3	-3.8	-0.5	1	2.6	81	
8	1996.03.07	-3.2	-11.4	-1	0	1.3	70	
8	1996.03.08	-10	-17.9	-2.4	0	0.8	78	
8	1996.03.09	-7	-14.8	-0.9	0	1.4	79	
8	1996.03.10	-4.1	-8	-2.4	0	2.6	69	
8	1996.03.11	-5.8	-9.7	-3.3	0	2.9	76	
8	1996.03.12	-4.2	-4.9	-3.6	0.5	3.5	75	
8	1996.03.13	-3.8	-6.1	-1	0	4.1	71	
8	1996.03.14	-2.7	-6	1	0.5	4.9	74	
8	1996.03.15	-2.1	-4.6	0	13.1	5.3	85	
8	1996.03.16	-0.8	-1.6	0	0	4	78	
8	1996.03.17	-2.2	-6.9	2	0	3.3	67	
8	1996.03.18	-2.4	-7.3	4.3	0	2	53	
8	1996.03.19	-3.8	-13.6	5.7	0	1.1	61	
8	1996.03.20	-4.2	-10.8	1.8	0	1.4	69	
8	1996.03.21	-3.7	-8.8	3	0	2.1	72	
8	1996.03.22	-0.9	-6.1	3.8	0	2.3	65	
8	1996.03.23	-0.3	-4.5	4.2	0	2.5	49	
8	1996.03.24	-0.3	-4.6	4.6	0	2.4	50	
8	1996.03.25	-0.8	-5.8	4.8	0	1.8	56	
8	1996.03.26	-1	-5.7	4.5	0	2.6	72	
8	1996.03.27	-0.3	-1.7	0.6	3.4	4.5	76	
8	1996.03.28	-1.1	-6	4.4	0	2.4	70	
8	1996.03.29	-1.7	-7.1	3.1	0	1.9	62	
8	1996.03.30	-0.3	-4.2	4.6	0	0.9	63	
8	1996.03.31	0	-5.2	3.9	0.3	1.8	76	
8	1996.04.01	-0.3	-1.6	0.2	17.4	2.9	96	
8	1996.04.02	0	-1.1	1.7	4	5.8	88	
8	1996.04.03	0.5	-2.5	3.4	0	3.3	77	
8	1996.04.04	2.1	1	3.1	0.7	2.6	88	
8	1996.04.05	5	1.8	9.4	0	2.3	75	
8	1996.04.06	5.7	0.5	11.2	0	1.3	69	
8	1996.04.07	6.3	-0.6	13.1	0	1.8	51	
8	1996.04.08	6.4	1	12.9	0	1.8	49	
8	1996.04.09	5	-0.8	10.7	0	1.4	58	
8	1996.04.10	3	-3.2	9.3	0	0.9	65	
8	1996.04.11	2.3	-1.1	6.8	0	1.8	79	
8	1996.04.12	1.1	0.3	3	11.5	1.5	91	
8	1996.04.13	1.5	0.2	3.2	25.8	2.4	96	
8	1996.04.14	4.7	2.6	9.6	1.7	2.8	74	
8	1996.04.15	5.4	0.4	10.7	0	3.5	57	
8	1996.04.16	5.4	-0.9	11.4	0	1.8	63	
8	1996.04.17	6.1	-1.4	11.9	0	2	61	
8	1996.04.18	7.7	0.4	14.5	0	1.9	61	
8	1996.04.19	8.1	-0.5	16.4	0	1.4	59	
8	1996.04.20	11.3	2.8	19.8	0	2.4	57	
8	1996.04.21	13.4	5.8	21.1	0	2.5	50	
8	1996.04.22	14.8	5.9	24	0	3.1	51	
8	1996.04.23	16.8	8.9	24.3	0	2.9	49	
8	1996.04.24	17	7.6	25.7	0	1.9	50	
8	1996.04.25	11.2	6.3	14.3	0	3.9	71	
8	1996.04.26	9.7	5.9	14.7	0.5	3.1	71	
8	1996.04.27	7	3	9.4	2	2.8	80	
8	1996.04.28	8.9	1	16	0	3	65	
8	1996.04.29	12.4	9.6	17.1	9.5	2.1	81	
8	1996.04.30	7.1	3	9	7.7	2.3	80	
8	1996.05.01	6.5	2.8	10.5	3.9	1.9	96	
8	1996.05.02	16	10.7	23.8	3.8	2.4	75	
8	1996.05.03	17.1	12.9	21.5	0.5	2.8	64	
8	1996.05.04	15.2	8.8	20.2	0.3	4.8	66	
8	1996.05.05	8.2	5.7	9.8	1.5	7.1	68	
8	1996.05.06	7.6	1.8	11.9	0	3.5	63	
8	1996.05.07	8.3	6.9	9.8	6.4	1.9	89	
8	1996.05.08	11.4	6.5	16.5	0.1	3.4	76	
8	1996.05.09	15.9	10.9	23.7	0	2.5	73	
8	1996.05.10	18.6	14	25.1	1.1	1.4	76	
8	1996.05.11	20.3	14.9	28.2	0.6	2.5	57	
8	1996.05.12	20.8	15.1	27.8	0.5	2.3	62	
8	1996.05.13	20.5	13.5	26.5	0	1.8	68	
8	1996.05.14	19.7	14.7	24.1	0	3.1	71	
8	1996.05.15	18.8	13.3	24.6	0	2.9	75	
8	1996.05.16	13.2	6.7	18.3	0	3.8	70	
8	1996.05.17	11.9	3.7	19.5	0	2	64	
8	1996.05.18	17.8	13.3	22.8	0	1.8	71	
8	1996.05.19	17.2	13.9	21	1.2	3.1	82	
8	1996.05.20	16	14.3	18.1	8	2.8	88	
8	1996.05.21	9.8	6.6	14.8	12.1	4.3	93	
8	1996.05.22	7.2	6	8.3	2	3.3	87	
8	1996.05.23	8.8	4.9	13.1	0	1.6	82	
8	1996.05.24	11.3	6.2	15.4	0.1	2.6	77	
8	1996.05.25	14.4	9.3	20.3	0.1	3.3	78	
8	1996.05.26	12.8	9.6	14.2	4.5	4.1	88	
8	1996.05.27	12.7	6.8	17.9	0	3.9	68	
8	1996.05.28	13.5	10.4	14.7	2.7	2.9	84	
8	1996.05.29	10.7	7.1	15	0.1	3.9	74	
8	1996.05.30	12.2	8	14.5	0	3.3	76	
8	1996.05.31	11.9	6.4	18	0	1.6	72	
8	1996.06.01	17.1	11.5	23.6	0	2.5	60	
8	1996.06.02	18.9	11.2	24.9	0	2.3	61	
8	1996.06.03	20.4	11.5	26.5	0	1.9	57	
8	1996.06.04	16	11.8	19.5	0.3	2.4	79	
8	1996.06.05	14.5	8.8	19.2	0	3.8	75	
8	1996.06.06	15.5	6.3	22.6	0	1.6	63	
8	1996.06.07	19.1	10.5	26.5	0	2.8	64	
8	1996.06.08	19.5	12.7	24.8	0	1.9	62	
8	1996.06.09	22.1	13.2	30.5	0	1.5	58	
8	1996.06.10	21.5	15.4	26.2	0.5	2.8	72	
8	1996.06.11	17.2	12.5	22.3	0	2.4	81	
8	1996.06.12	20.2	11.2	28.1	0	2.5	68	
8	1996.06.13	14.9	9.7	16.3	1.9	4.6	66	
8	1996.06.14	11.8	10	17.1	8.5	3.4	79	
8	1996.06.15	11.4	7.1	14.7	0	4.4	65	
8	1996.06.16	11.7	8	14.9	0	3.4	66	
8	1996.06.17	12.4	9.4	13.9	0	2.9	65	
8	1996.06.18	14.9	7.9	22.9	1.2	3.5	70	
8	1996.06.19	13.9	9.8	16.1	5.6	4	72	
8	1996.06.20	12.6	9.4	15.4	1.4	3.4	70	
8	1996.06.21	12	7.3	15.9	0.9	2.6	82	
8	1996.06.22	14.3	9.3	18.5	1	1.5	73	
8	1996.06.23	11.6	9.7	12.7	13.3	2.1	94	
8	1996.06.24	11.4	10.4	12.9	6.1	3.9	94	
8	1996.06.25	13.4	11.3	16.4	0.1	2.3	78	
8	1996.06.26	14.6	10.4	18.3	4	1.9	69	
8	1996.06.27	13.8	9.2	19.2	0	2.4	71	
8	1996.06.28	13.3	10	17.5	0	1.8	81	
8	1996.06.29	14.1	9.5	17.8	0	2.5	73	
8	1996.06.30	15	11	18.5	0.8	2.3	77	
8	1996.07.01	13.2	11.1	15.5	2	4.1	80	
8	1996.07.02	12.9	10.1	15.9	7.2	3.6	86	
8	1996.07.03	14.5	9.5	19.7	0	2.5	75	
8	1996.07.04	16.2	8	22.8	0	3	63	
8	1996.07.05	20.7	17.3	24.2	0	2.8	64	
8	1996.07.06	19.8	13.5	24.7	2.3	4.3	78	
8	1996.07.07	16	12.3	20.2	0	2.5	73	
8	1996.07.08	15.7	11.9	20.7	3.3	1.8	91	
8	1996.07.09	19.1	12.5	21.7	8.4	6.1	76	
8	1996.07.10	14.5	12.5	17.7	0	5.5	72	
8	1996.07.11	15.4	10.6	19.6	0	1.6	81	
8	1996.07.12	14.3	12.7	15.1	4.9	3	92	
8	1996.07.13	15.8	12.1	20.3	0.6	3.9	79	
8	1996.07.14	17.2	11.9	23	0	3.6	82	
8	1996.07.15	15.5	11.5	18	0	4	71	
8	1996.07.16	12.8	10.9	15.4	14.3	2.9	80	
8	1996.07.17	13.1	10.5	16.2	0.6	4.4	77	
8	1996.07.18	12.8	9.9	15.9	5.6	1.8	78	
8	1996.07.19	12.4	11.1	15.7	12	2.3	91	
8	1996.07.20	13.2	9.8	16.6	0.6	3.1	75	
8	1996.07.21	11.5	8.2	15.3	2.5	3	81	
8	1996.07.22	13.1	8.6	18.6	0.4	2.8	75	
8	1996.07.23	14.4	8.2	19.3	0	2.3	64	
8	1996.07.24	15.3	7.1	21.9	0	1.9	62	
8	1996.07.25	17.1	9	23.1	0	2.1	63	
8	1996.07.26	18.5	13	23.7	0	2.5	62	
8	1996.07.27	17.6	12.1	22.6	0	2.8	72	
8	1996.07.28	18.5	13.9	23.8	0	2.5	76	
8	1996.07.29	16.5	9.6	21.2	0	2	66	
8	1996.07.30	16.9	13.1	21	1.9	2	80	
8	1996.07.31	17.9	14.1	21.8	0	2.4	73	
8	1996.08.01	18.3	12.7	24.4	0	1.6	72	
8	1996.08.02	19.4	14.5	24.6	4	2.8	78	
8	1996.08.03	16.5	11.5	20.5	0	2.3	74	
8	1996.08.04	14.2	6.2	20.4	0	2	71	
8	1996.08.05	15.5	10.9	20.1	0	2.4	71	
8	1996.08.06	17.2	12.9	22.3	1	3	68	
8	1996.08.07	17.1	10.6	22.7	0	3	69	
8	1996.08.08	14.8	9.6	19.1	0	3.3	63	
8	1996.08.09	15.8	10.7	20.9	0	1.5	69	
8	1996.08.10	17.4	9	24.1	0	1.5	64	
8	1996.08.11	18.2	12.7	23.5	0	2.5	56	
8	1996.08.12	18.3	12.5	24	0	3.1	52	
8	1996.08.13	19	12	25.7	0	3.1	52	
8	1996.08.14	19.2	15.5	25.1	2.3	4.1	60	
8	1996.08.15	17.4	13.6	21.9	4.9	3	84	
8	1996.08.16	16.7	11.2	23.2	0	1.3	86	
8	1996.08.17	20.4	14.1	26.1	0	1.6	64	
8	1996.08.18	19.3	10.1	27.5	0	0.8	62	
8	1996.08.19	20.3	11.8	27.8	0	1.6	62	
8	1996.08.20	19.9	11.3	27.9	0	1.1	64	
8	1996.08.21	20.6	12	28.3	0	1.8	61	
8	1996.08.22	20.6	16.8	25.1	4.2	1.6	77	
8	1996.08.23	21.6	17.1	27.2	0	2.8	64	
8	1996.08.24	20.7	14.3	26.4	0	2	64	
8	1996.08.25	19.5	13.7	24.9	0	2.3	70	
8	1996.08.26	17.2	12.6	20.6	0	2.4	79	
8	1996.08.27	17.9	16.1	20.7	0.4	2.9	86	
8	1996.08.28	18.3	13.2	23.5	0	3.3	66	
8	1996.08.29	18.9	14.3	24.7	0	4.5	44	
8	1996.08.30	19.6	14.9	25.2	0	3.6	40	
8	1996.08.31	19.4	13.9	25.4	0	3.3	44	
8	1996.09.01	18	10.2	24.8	0	0.9	56	
8	1996.09.02	19.5	13.8	26.8	0	1.8	54	
8	1996.09.03	18.2	10	27.4	0	1.3	55	
8	1996.09.04	14.9	11.4	18.7	0	2.9	84	
8	1996.09.05	13	10.1	16.1	0	3.1	70	
8	1996.09.06	11.3	8.3	15.2	0	4.3	74	
8	1996.09.07	11.4	10	12.3	16.5	5.1	93	
8	1996.09.08	10.7	9.8	12.5	0.4	4.5	92	
8	1996.09.09	10.5	8.6	12.3	0	3.6	69	
8	1996.09.10	9.6	7.4	12.9	0.3	1.9	79	
8	1996.09.11	9.2	6.3	13.2	0.8	3.1	84	
8	1996.09.12	8.4	3	14.2	0	3	70	
8	1996.09.13	10.4	7.7	15.1	0.9	3.6	68	
8	1996.09.14	9.1	4.5	13.3	0	4.5	68	
8	1996.09.15	7.8	4.5	10.3	0.5	4.6	83	
8	1996.09.16	7.6	7.2	8	13.6	5.5	89	
8	1996.09.17	8.5	5	11.6	0	4.3	80	
8	1996.09.18	6.7	3.2	7.8	0	2.3	84	
8	1996.09.19	6.8	1.4	13	0	1.8	84	
8	1996.09.20	7.2	4.7	9.8	0	2.5	82	
8	1996.09.21	6	2.4	9.5	0	1.3	70	
8	1996.09.22	5.4	-0.1	11.1	0	1.8	68	
8	1996.09.23	6.4	-0.2	13.4	0	2.8	64	
8	1996.09.24	7.1	3.2	11.9	0	3	63	
8	1996.09.25	6.4	3	10.6	0.8	2.1	75	
8	1996.09.26	7.2	6.5	8.3	0.4	1.6	94	
8	1996.09.27	8.8	7.2	10.7	0	1.4	89	
8	1996.09.28	9.2	6.6	12.3	0	1.5	86	
8	1996.09.29	9.3	8.6	10.3	0	2.8	89	
8	1996.09.30	10.4	9	13.1	10.4	5.4	93	
8	1996.10.01	15.5	13.3	18.8	1.2	5.5	78	
8	1996.10.02	13.1	9.2	16.4	0.1	3.1	76	
8	1996.10.03	9.5	5.4	12.2	0.1	3.4	80	
8	1996.10.04	8.5	4.2	14.2	0	3.5	80	
8	1996.10.05	10.4	6.2	14.6	0	2.4	72	
8	1996.10.06	9.1	6.4	12	1.1	1	93	
8	1996.10.07	7	1.6	10	0	1.3	93	
8	1996.10.08	6.7	0.5	14.5	0	1	84	
8	1996.10.09	9.3	3	15.6	0	1.3	78	
8	1996.10.10	9.6	6	12.3	0	2.4	80	
8	1996.10.11	6.2	0.6	12	0	1.4	74	
8	1996.10.12	5.7	0.4	12.5	0	2.1	72	
8	1996.10.13	8.9	4.6	15.4	0	3	71	
8	1996.10.14	8.4	2.6	16.5	0	1.3	84	
8	1996.10.15	9	1.2	16.2	0	1.8	77	
8	1996.10.16	10.5	5.7	16.1	0	2.4	73	
8	1996.10.17	10.3	6.3	15.4	0	2.8	80	
8	1996.10.18	11.6	10.5	12.8	0	3.1	89	
8	1996.10.19	10.5	9.5	11.5	7	1.5	96	
8	1996.10.20	9.4	7.1	10.5	6.1	4.4	89	
8	1996.10.21	8.2	7.3	8.7	6.2	4.1	90	
8	1996.10.22	8.2	6.9	8.6	4.5	3.9	90	
8	1996.10.23	7.3	5.9	9	0.4	3.4	88	
8	1996.10.24	5.6	3.2	6.7	0	3.3	84	
8	1996.10.25	2.3	-0.9	3.4	0	2	87	
8	1996.10.26	2.5	-0.2	5.6	0	0.6	91	
8	1996.10.27	3.5	1.1	5	0	2.3	89	
8	1996.10.28	3.5	1.2	7.1	2	3.5	94	
8	1996.10.29	8.6	7.5	9.8	2.5	4.1	95	
8	1996.10.30	7.7	5.9	9.8	3.1	4.9	89	
8	1996.10.31	4.4	1.4	5.4	15.3	3.9	90	
8	1996.11.01	4.3	0.5	7.3	2.2	3.1	93	
8	1996.11.02	8	7.7	9.9	4.7	5	88	
8	1996.11.03	11.7	11.2	12.5	1.7	4.6	89	
8	1996.11.04	12	8.8	12.5	1.3	5.1	89	
8	1996.11.05	9.9	7.6	13.4	0	3.8	87	
8	1996.11.06	7.9	5.8	9.4	0.4	6	74	
8	1996.11.07	9.5	8.1	11	0	6.8	69	
8	1996.11.08	5.9	1.9	8.5	0.1	4	74	
8	1996.11.09	2.5	1	4.7	0	4.5	86	
8	1996.11.10	4	-0.3	7	0.4	4.4	81	
8	1996.11.11	2.3	-0.8	5.2	1.1	2.9	90	
8	1996.11.12	6.2	3.1	9.6	0	3	87	
8	1996.11.13	9.8	8	12.1	0	4.3	80	
8	1996.11.14	5.9	2.2	9.1	1.3	2.1	86	
8	1996.11.15	1.9	-1.9	5	0	1.5	87	
8	1996.11.16	5.4	3.8	7.5	1.3	1.6	93	
8	1996.11.17	6.4	5.9	6.9	0.9	2	96	
8	1996.11.18	8	6.8	9.6	1.9	1.8	97	
8	1996.11.19	9.5	6.4	11.8	2.4	4.8	85	
8	1996.11.20	6.3	3.2	8.5	0	3.1	86	
8	1996.11.21	7.7	4.9	9.1	7.8	3.3	93	
8	1996.11.22	3.1	0.6	5.2	2.2	4.9	85	
8	1996.11.23	1.5	-0.8	3.3	0	4.1	81	
8	1996.11.24	-0.4	-1.3	0.4	2.8	1.8	93	
8	1996.11.25	0	-0.2	0.2	1	0.8	96	
8	1996.11.26	-0.2	-0.5	0.3	0	1.4	93	
8	1996.11.27	-0.2	-0.6	0.3	1	2	96	
8	1996.11.28	-0.2	-1.5	0.4	3.3	1.5	95	
8	1996.11.29	-0.3	-0.8	0.4	0.3	4	93	
8	1996.11.30	0	-1.2	0.6	0.4	4.4	91	
8	1996.12.01	0.2	-0.4	0.4	2.6	1.9	97	
8	1996.12.02	-0.1	-0.5	0.2	2.3	2.3	95	
8	1996.12.03	0.1	-0.7	1	1.4	1.5	94	
8	1996.12.04	1	0.3	2.1	0	3.4	93	
8	1996.12.05	-0.3	-1.6	0.2	0	3.9	96	
8	1996.12.06	0.7	-0.8	2.1	0	3.3	96	
8	1996.12.07	0.6	0	1.1	0.2	1.3	96	
8	1996.12.08	0.6	-0.4	1	0.1	1.4	91	
8	1996.12.09	-0.8	-1.4	-0.6	0	3.4	96	
8	1996.12.10	-2.1	-2.4	-1.8	0	2.9	98	
8	1996.12.11	-3.1	-3.4	-2.7	0.4	1	98	
8	1996.12.12	-3.3	-3.9	-1.2	0	3.6	97	
8	1996.12.13	-0.3	-1	0.3	0.5	4.6	97	
8	1996.12.14	-3	-7.9	0.2	3	2	92	
8	1996.12.15	-5	-8.1	-1.4	1.1	6.1	82	
8	1996.12.16	-2.6	-5	-1.2	0.7	5.8	73	
8	1996.12.17	-3.9	-6.5	-2	0.3	3.8	85	
8	1996.12.18	-3	-4.2	0.2	2.5	2.8	96	
8	1996.12.19	-4.8	-13.8	0.4	4.7	4.8	88	
8	1996.12.20	-11.4	-18.2	-7.5	0	1.6	89	
8	1996.12.21	-14	-19.2	-7	0	2.4	87	
8	1996.12.22	-5.1	-8.3	-2.7	2.7	3.8	89	
8	1996.12.23	-13.6	-17.1	-10.4	0	1.3	89	
8	1996.12.24	-16.9	-21.1	-8.3	1.8	3.1	93	
8	1996.12.25	-11.5	-19.6	-4.8	2.4	4.6	89	
8	1996.12.26	-22.8	-27.9	-20	0	2	84	
8	1996.12.27	-22.6	-27.1	-16.8	0	2.9	82	
8	1996.12.28	-18.9	-21.5	-14.9	0	3	81	
8	1996.12.29	-16.2	-19	-14.9	0	4.3	78	
8	1996.12.30	-18.9	-21.1	-15.6	0	2.3	78	
8	1996.12.31	-19.3	-24.9	-17.9	0	1.8	78	
8	1997.01.01	-21.5	-26.3	-15.2	0	1.9	77	
8	1997.01.02	-12	-15	-6.4	0.5	3.4	81	
8	1997.01.03	-10.3	-15.1	-7.4	0	2	94	
8	1997.01.04	-15.3	-18.2	-12.6	0	2	87	
8	1997.01.05	-8.1	-12.3	-3.6	0.2	2.8	86	
8	1997.01.06	-7.2	-9.5	-6.1	0.5	1.5	88	
8	1997.01.07	-6.1	-8.9	-3.4	0	4.8	88	
8	1997.01.08	-5.2	-9	-3.5	0	5	89	
8	1997.01.09	-8.2	-10.3	-6.9	2.2	2.8	88	
8	1997.01.10	-10.4	-16	-8.8	1	0.9	89	
8	1997.01.11	-13.8	-18.2	-12.5	0	1.4	92	
8	1997.01.12	-18.3	-21.7	-10.3	0	1.8	87	
8	1997.01.13	-6.1	-10.4	0.6	0	6.4	92	
8	1997.01.14	2	1.3	2.5	0	5.4	94	
8	1997.01.15	1	0.2	1.6	0	3.8	98	
8	1997.01.16	0.5	-0.6	0.9	0	3.9	95	
8	1997.01.17	-1.9	-3	-0.8	0	3.4	98	
8	1997.01.18	-2.9	-3.3	-2	0	4.3	97	
8	1997.01.19	0.5	-0.8	1.4	0	4	90	
8	1997.01.20	0.3	-0.1	0.7	0.3	2.9	95	
8	1997.01.21	-1	-2.6	-0.2	0.2	3.5	85	
8	1997.01.22	-0.8	-2.3	0	0	3.9	84	
8	1997.01.23	-1.5	-3	1	5.1	3.9	90	
8	1997.01.24	1	-1.6	2.2	1.7	6.3	87	
8	1997.01.25	-2.8	-6.7	-1	0	4.5	69	
8	1997.01.26	-5.3	-10	0.1	0	1.9	76	
8	1997.01.27	-4	-7.4	0.7	0	2.8	63	
8	1997.01.28	-2.2	-5.3	2	0.5	5.9	66	
8	1997.01.29	-0.1	-3.6	2.7	0.1	5.5	76	
8	1997.01.30	0.6	-0.6	1.6	0	4.6	86	
8	1997.01.31	-0.2	-2.8	1.2	2.8	7	80	
8	1997.02.01	-3	-4.9	-2	0	6.3	61	
8	1997.02.02	-5.2	-7.4	-2.8	0	3.8	73	
8	1997.02.03	-5.6	-9.4	-0.8	0	2.3	82	
8	1997.02.04	-4.2	-7.6	-0.7	0	4	89	
8	1997.02.05	-0.1	-1.7	1.5	1.2	7.1	88	
8	1997.02.06	0.4	-1.7	2	0	4.6	82	
8	1997.02.07	1.7	0.1	3.4	0	4.8	79	
8	1997.02.08	2.8	2	4.1	0.5	7.3	72	
8	1997.02.09	2.4	1.6	2.7	0	4.8	78	
8	1997.02.10	3.3	1.3	4.8	0	4.4	84	
8	1997.02.11	3.3	1.2	4.4	1.1	5.1	82	
8	1997.02.12	2.4	1.6	3	0.2	5.6	79	
8	1997.02.13	2.6	0.6	5.7	2.6	4	94	
8	1997.02.14	3.2	1.9	3.9	4.4	3.8	94	
8	1997.02.15	-2.1	-9.4	0.9	2	3.6	86	
8	1997.02.16	-6.7	-9.9	-3.9	0.2	3.5	76	
8	1997.02.17	-5.8	-8.8	-2.5	0	5.1	64	
8	1997.02.18	-8.6	-15.5	-4.4	0	2.1	69	
8	1997.02.19	-5.4	-6.3	-2.9	1	4.4	74	
8	1997.02.20	-0.1	-1.7	2.6	1.8	4.6	90	
8	1997.02.21	1.9	0.8	4.1	2.4	5.4	93	
8	1997.02.22	2.8	1	4.3	2.9	7.8	80	
8	1997.02.23	4.1	2.4	5.8	0.6	3.3	94	
8	1997.02.24	5	1.9	8	0	3.8	84	
8	1997.02.25	7.1	4.8	9.4	0.4	6.6	76	
8	1997.02.26	6.7	4.1	8.1	7.9	6.8	82	
8	1997.02.27	2.6	0.3	4.2	0.3	6.1	76	
8	1997.02.28	1.7	-1.6	5	0	3.1	71	
8	1997.03.01	3.6	1.8	5.8	0.6	4.9	76	
8	1997.03.02	4.2	0.1	9.1	0	4.3	83	
8	1997.03.03	5.7	3	10.1	0.8	7.3	69	
8	1997.03.04	3.5	1.8	4	0.7	7.4	75	
8	1997.03.05	3	0.9	6.3	0	4.6	63	
8	1997.03.06	2.6	-1.8	6.8	0	2.3	81	
8	1997.03.07	4.2	0.2	8	0.8	6.1	67	
8	1997.03.08	2.3	-3.9	8.3	0	2.3	70	
8	1997.03.09	5.6	2.5	9.4	0	3	70	
8	1997.03.10	5.1	-1.2	12.7	0	2.3	61	
8	1997.03.11	5.7	0	13.2	0	3	67	
8	1997.03.12	3.7	1.6	6.8	0	2	90	
8	1997.03.13	2.7	1.6	5	0	4	94	
8	1997.03.14	4.4	0.4	7	1.7	4.6	88	
8	1997.03.15	0.9	-0.4	2.8	0.6	1.8	85	
8	1997.03.16	-1.4	-4.4	-0.4	0.7	5.4	76	
8	1997.03.17	-3.9	-6.2	-0.9	0.2	4.5	68	
8	1997.03.18	-3.3	-6.1	-0.3	0	4.1	68	
8	1997.03.19	-3.2	-6.6	0	0	2	66	
8	1997.03.20	-2.8	-6.4	0.2	0	4.5	70	
8	1997.03.21	-3.6	-6.9	-1.4	0.8	2.6	66	
8	1997.03.22	-3.9	-8.1	0.4	0	0.8	65	
8	1997.03.23	-2.1	-6.3	2.8	0	0.8	61	
8	1997.03.24	-1.7	-5	1.4	0	2.6	56	
8	1997.03.25	-3.2	-6.1	0.2	0	2.4	63	
8	1997.03.26	-3.2	-7.9	1.7	0	1.5	54	
8	1997.03.27	1.5	-1.9	7	3.1	7	68	
8	1997.03.28	3	0.2	5.2	11	4.8	81	
8	1997.03.29	2	0.3	3.4	4	4.9	87	
8	1997.03.30	1.4	-1.4	4.1	1.3	4.3	80	
8	1997.03.31	1.6	-2.6	5.7	0	3.1	88	
8	1997.04.01	7.7	5.2	12.1	0.1	4.1	77	
8	1997.04.02	7.1	2.1	11.5	0	3.6	71	
8	1997.04.03	6.6	-0.2	14.5	0	3.6	70	
8	1997.04.04	3.7	-0.7	4	6.6	5.5	75	
8	1997.04.05	1.4	-1.3	6	0.5	3.8	64	
8	1997.04.06	0.1	-1.4	1.1	8.1	3.1	83	
8	1997.04.07	-0.4	-2.6	1.8	0	4.3	68	
8	1997.04.08	-1	-5.6	3.2	0.1	2.6	61	
8	1997.04.09	-0.1	-3.6	4.7	2.6	1.9	74	
8	1997.04.10	3.4	1.1	6.4	1.9	4.3	81	
8	1997.04.11	3.9	1.1	5.4	4.6	6.8	87	
8	1997.04.12	0.6	-1.9	1.4	3.1	7	79	
8	1997.04.13	0	-3.3	4.1	0.2	3.8	67	
8	1997.04.14	3.3	0.9	7.4	3.2	5.8	63	
8	1997.04.15	2.6	-1	6.5	2.2	3.6	66	
8	1997.04.16	0.6	-1.8	5.2	6.6	2.9	89	
8	1997.04.17	8.5	5.1	14.5	0.3	4.1	78	
8	1997.04.18	5	0.6	7.5	0	4.5	65	
8	1997.04.19	0.6	-2	2.8	0.4	4	61	
8	1997.04.20	0.1	-3.6	3.2	0.6	3	69	
8	1997.04.21	1.5	-2.3	5.3	0	2	62	
8	1997.04.22	2.2	-3.7	6.7	0	3	52	
8	1997.04.23	3.1	-1.4	6.5	0	3.4	58	
8	1997.04.24	5.5	-1.9	11.7	0	5.4	51	
8	1997.04.25	8.7	3.1	10.5	2.5	5.6	62	
8	1997.04.26	4.3	-0.4	8.8	0	3.4	64	
8	1997.04.27	6.2	-2.6	13	0	1.6	56	
8	1997.04.28	11.2	4.4	18.9	0.1	4	57	
8	1997.04.29	14.9	10.5	20.2	0	4.4	60	
8	1997.04.30	12.5	9.2	15.6	9.9	2.1	78	
8	1997.05.01	8.5	5.6	11.6	0.1	3.1	82	
8	1997.05.02	11.6	9	15.1	0	4.3	75	
8	1997.05.03	9.8	3	12.5	0.3	5.9	62	
8	1997.05.04	7.6	-0.1	14.5	0	3.6	46	
8	1997.05.05	11.1	5	20.3	5.9	3	66	
8	1997.05.06	15.4	12.3	19.5	0	4.4	68	
8	1997.05.07	13.1	4.5	18.7	4.8	3.9	72	
8	1997.05.08	8	0.8	14.1	1.2	2.3	67	
8	1997.05.09	10.3	6.7	12.3	29.1	4.1	89	
8	1997.05.10	11.3	6.6	16.7	0	4.3	66	
8	1997.05.11	13.9	5.3	20.3	0	3	57	
8	1997.05.12	17.4	11.2	23.3	0	2.6	50	
8	1997.05.13	17.2	10.2	25.1	8.3	1.1	63	
8	1997.05.14	17.1	11.7	22.2	1.5	1.8	78	
8	1997.05.15	18.6	13.5	25.2	0.9	1.9	75	
8	1997.05.16	14.5	8.8	18.1	0	3.9	57	
8	1997.05.17	11.6	5.5	16.9	0	2.1	54	
8	1997.05.18	14.5	8.2	19.9	0	2	51	
8	1997.05.19	14	10.3	17.3	0.8	1.8	66	
8	1997.05.20	10	5.7	13.3	0	2.8	44	
8	1997.05.21	13.1	9.8	17.3	9.5	1.6	68	
8	1997.05.22	10.5	6.4	11.4	2.3	3	87	
8	1997.05.23	8.3	5.3	11.9	0	3.5	62	
8	1997.05.24	7.4	3.6	10.5	0	2.8	60	
8	1997.05.25	7.2	1.6	12	0.5	2	68	
8	1997.05.26	8.2	2.8	12.4	2.4	2.1	73	
8	1997.05.27	10.3	3.5	16.5	0.3	2.1	62	
8	1997.05.28	11.3	5.9	16.5	1.6	1.8	64	
8	1997.05.29	10.7	8.1	14.4	1.9	2.5	75	
8	1997.05.30	9.7	7.7	12.9	11.9	2.1	83	
8	1997.05.31	11.2	8.3	16.8	2.5	4.6	77	
8	1997.06.01	12.2	9.6	16.9	0.6	4.5	74	
8	1997.06.02	10.7	8.7	13.3	1.5	3.9	84	
8	1997.06.03	13	9.6	15.9	0.4	3.6	81	
8	1997.06.04	12.7	7.4	17.5	0	2.1	63	
8	1997.06.05	13.6	6.5	18.7	0	2.1	44	
8	1997.06.06	16	8.8	21.9	0	1.9	52	
8	1997.06.07	16.5	9.7	23.1	0.9	2.1	54	
8	1997.06.08	18	10.3	24.5	0	2	63	
8	1997.06.09	19.6	14.7	24.4	1	1.4	73	
8	1997.06.10	17.2	12.7	21.1	8.9	1.5	85	
8	1997.06.11	16	12.9	20.6	0	2.4	87	
8	1997.06.12	16.4	12.9	20.7	3.7	2.8	84	
8	1997.06.13	17	15.3	18.9	0.5	2	86	
8	1997.06.14	18.8	14.9	26.3	4.9	2.4	81	
8	1997.06.15	18.1	15.5	21.7	0	2.3	83	
8	1997.06.16	14.4	11.2	15.4	0	4.5	76	
8	1997.06.17	12.7	11.5	14.9	0	5.6	78	
8	1997.06.18	13.4	10.7	17.3	0.8	3.9	75	
8	1997.06.19	12.5	10.2	15.3	5.4	3.6	80	
8	1997.06.20	14.8	6.7	20	0.3	1.3	70	
8	1997.06.21	16.3	13.2	19.4	0	2.3	69	
8	1997.06.22	17.3	10.8	22.9	0	2.6	73	
8	1997.06.23	14.4	12	14.9	17.8	1.8	92	
8	1997.06.24	14.1	11.3	16.9	2.6	3.8	82	
8	1997.06.25	14.2	11.2	17.6	0.5	3.8	76	
8	1997.06.26	14.8	8.9	19.3	0	1.1	63	
8	1997.06.27	17.2	9	24.1	0	1.9	65	
8	1997.06.28	19.7	11.4	26.8	0	1.9	70	
8	1997.06.29	24.6	17.9	31.4	0	1.5	68	
8	1997.06.30	25.5	19.1	30.9	0	1.8	68	
8	1997.07.01	25.2	18.4	29.6	0.3	3.1	64	
8	1997.07.02	18.6	16.3	20.6	6.1	3.1	86	
8	1997.07.03	18.3	11.7	23.2	0	1.9	69	
8	1997.07.04	19.9	12.3	25.9	0	1	67	
8	1997.07.05	19.4	13.7	24.1	0.1	1.5	78	
8	1997.07.06	19.3	16.4	24.6	4.8	3.5	80	
8	1997.07.07	19.5	16.6	22.5	4.7	3.6	84	
8	1997.07.08	20.2	17	23.7	14.2	3.1	81	
8	1997.07.09	18.6	14.8	21.6	2	4	82	
8	1997.07.10	14.8	10.5	17.3	0.5	3.4	75	
8	1997.07.11	14.9	12.7	18.6	4.3	3.3	84	
8	1997.07.12	15.8	11.5	19.9	0.1	2.1	75	
8	1997.07.13	15.5	11.5	19.4	0	2.1	76	
8	1997.07.14	15.6	11.1	19.6	5.1	1.4	79	
8	1997.07.15	15.3	10.4	20.9	0	2.3	72	
8	1997.07.16	15.8	9.9	19.1	0.1	1.4	70	
8	1997.07.17	15.1	7.1	20.9	0	1.8	64	
8	1997.07.18	16.2	11.3	20	0	2.8	65	
8	1997.07.19	17.3	12.5	20.7	0	3.3	64	
8	1997.07.20	17.8	16.5	18.9	2.2	4	81	
8	1997.07.21	18.6	14.7	24	10.2	3.5	78	
8	1997.07.22	20.3	15.8	26.1	0	2.9	68	
8	1997.07.23	19.1	12.9	25.2	5.7	1.5	72	
8	1997.07.24	17.3	14.2	23	16	1.4	83	
8	1997.07.25	18.5	13	24.6	1	1.8	80	
8	1997.07.26	19.3	14.1	24.6	0.2	1.3	79	
8	1997.07.27	18.9	15.8	23.5	32.2	2	84	
8	1997.07.28	18.2	12.9	21.8	0	3	77	
8	1997.07.29	16.5	10.6	22.1	0	2.8	76	
8	1997.07.30	17.4	13.5	21.6	0.1	1.3	77	
8	1997.07.31	17.7	10.6	24	0	1.1	74	
8	1997.08.01	18.9	10.8	24.3	0	1.3	72	
8	1997.08.02	19.7	13.9	24.2	0	2	79	
8	1997.08.03	20.8	16.2	26.6	0	2.3	78	
8	1997.08.04	19.4	15.4	24.9	12.5	2.6	81	
8	1997.08.05	17.6	15.2	20.7	10.1	1.8	90	
8	1997.08.06	17.2	14.9	21.6	14.4	1.4	90	
8	1997.08.07	19.3	15.4	24.7	2.2	2.3	77	
8	1997.08.08	18.9	13.2	25.4	0.3	1.3	79	
8	1997.08.09	19.6	12.7	26.1	0	1.1	76	
8	1997.08.10	19.6	12.3	26.1	0.4	0.9	70	
8	1997.08.11	19.9	12.4	26.2	0	1.1	70	
8	1997.08.12	19.2	15.5	22.4	0	2.8	72	
8	1997.08.13	18.3	9.4	25	0	2.6	67	
8	1997.08.14	19.5	12.1	24.9	0	4.3	71	
8	1997.08.15	15.5	10.7	19.5	0	2.9	64	
8	1997.08.16	13.5	6.4	19.4	0	2.8	66	
8	1997.08.17	14.9	6	21.2	0.7	2.3	71	
8	1997.08.18	17.7	10.6	21.9	0	1.6	70	
8	1997.08.19	16.1	7.2	23.2	0	0.9	63	
8	1997.08.20	18	9.7	25	0	0.6	65	
8	1997.08.21	18.8	10.5	25.7	0	0.4	68	
8	1997.08.22	19.6	12.7	26.3	0	1.4	65	
8	1997.08.23	19.6	12	26.4	0	1.9	66	
8	1997.08.24	20	12.9	27.1	0	1.9	63	
8	1997.08.25	20	11.7	27.7	0	0.9	66	
8	1997.08.26	21.4	13.9	28.3	0	1.8	63	
8	1997.08.27	20.8	17.5	24.7	0	1.9	62	
8	1997.08.28	19.5	14.7	23.5	0	3	67	
8	1997.08.29	18.2	10.7	25.1	0	1.4	74	
8	1997.08.30	18.5	14.3	23.8	0	2.5	78	
8	1997.08.31	17.5	12.9	23.3	0	2	82	
8	1997.09.01	19.3	13.9	22.6	0.8	2.6	80	
8	1997.09.02	16.2	9.2	22.5	0	1	73	
8	1997.09.03	15.9	11.3	20.8	0	1.8	56	
8	1997.09.04	15.3	10.7	20.6	0	2.5	54	
8	1997.09.05	15.2	10	21	0	2.9	56	
8	1997.09.06	16.3	13.1	20.5	3.9	3.9	70	
8	1997.09.07	16.2	13.7	20.3	14.2	2.9	83	
8	1997.09.08	14.7	13.6	17.2	2.6	5.3	81	
8	1997.09.09	13.7	8	15.7	2.8	7.1	75	
8	1997.09.10	10.7	6.8	14.1	2.6	5.8	78	
8	1997.09.11	12.8	9.8	16.8	1.8	5.6	69	
8	1997.09.12	14.3	11.2	18	0	3.6	75	
8	1997.09.13	15.5	12.9	19.1	0.4	3.3	81	
8	1997.09.14	11.9	9	15.1	4.2	4.4	74	
8	1997.09.15	9.8	6.2	15	1.4	3.6	79	
8	1997.09.16	13	8.7	18.6	0	3.9	71	
8	1997.09.17	14.3	9	21.1	0	4.5	62	
8	1997.09.18	12.8	7.8	15.8	0	3.4	72	
8	1997.09.19	9.8	5.2	14.5	0	3.5	67	
8	1997.09.20	6.7	2.8	12.7	0	2.6	76	
8	1997.09.21	8.4	2.9	14	0	3.4	72	
8	1997.09.22	11.2	8.2	14.7	0.6	4.3	82	
8	1997.09.23	10.5	8.3	13.5	4.1	3.8	85	
8	1997.09.24	7.1	2.6	10.4	2.7	4	76	
8	1997.09.25	9.1	6.3	12.5	1.3	2.9	89	
8	1997.09.26	12.4	8.1	17	1.7	4.1	81	
8	1997.09.27	8.2	5.8	10.6	0.5	4.5	77	
8	1997.09.28	7.8	5.3	10.2	0	3.6	82	
8	1997.09.29	10.1	6.5	13.8	3.5	3.5	76	
8	1997.09.30	4.6	1	7.7	0	1.9	80	
8	1997.10.01	6.7	4.2	10	0	3.4	69	
8	1997.10.02	7	5	9.7	11.4	4	87	
8	1997.10.03	7.2	5.4	10.1	0.4	3.9	83	
8	1997.10.04	7.7	6	10.9	11.1	4.6	93	
8	1997.10.05	9.9	8.4	12.1	8.2	7.6	79	
8	1997.10.06	9.4	6.1	12.4	0	3.8	69	
8	1997.10.07	12.4	8.9	16.6	0	2.3	80	
8	1997.10.08	12.9	8.2	16.3	0	2.4	90	
8	1997.10.09	12.2	7.6	16.5	1.7	3.8	92	
8	1997.10.10	14.3	12.8	14.6	2.6	5.1	79	
8	1997.10.11	10.3	8.8	13	10.2	5.5	91	
8	1997.10.12	8.7	6.7	9.8	9.6	5.9	87	
8	1997.10.13	6.2	4.2	7.6	0.3	1.9	94	
8	1997.10.14	5.3	2.4	9.2	0	2.1	91	
8	1997.10.15	4.7	3	6.8	0	1.8	94	
8	1997.10.16	3	0.5	6.2	0	1.5	89	
8	1997.10.17	3.9	1.9	6.8	0	1.5	85	
8	1997.10.18	4	1.2	7.4	0	4.1	85	
8	1997.10.19	8.5	5	11.7	0	4.8	74	
8	1997.10.20	9.7	2.9	11.8	1.2	3.4	87	
8	1997.10.21	1.2	-1.2	4.5	0	2.8	79	
8	1997.10.22	2.2	0.4	4.9	0	5.1	73	
8	1997.10.23	2.9	0.8	5.1	3	5.6	78	
8	1997.10.24	0.5	-2.4	1.7	7.7	3.1	88	
8	1997.10.25	-1.2	-3.8	1.3	0	3	89	
8	1997.10.26	-0.5	-1.8	2.1	0	2.5	81	
8	1997.10.27	-2.4	-4.7	-1.2	0	2.1	90	
8	1997.10.28	-1.9	-4.2	0.7	0	2.6	92	
8	1997.10.29	1	0.2	1.9	1.4	4.4	92	
8	1997.10.30	4.6	2.2	7.5	0	2.4	90	
8	1997.10.31	5.7	5.1	6.4	0	3.1	87	
8	1997.11.01	3.5	1.2	4.7	0	4.6	86	
8	1997.11.02	2.5	0.1	5.6	1.5	4.1	89	
8	1997.11.03	-0.3	-5.6	0.9	9.8	2.9	90	
8	1997.11.04	-4.8	-8.8	0.9	0	1.3	86	
8	1997.11.05	-2.4	-3.5	-0.9	0	2.4	94	
8	1997.11.06	-0.5	-3	3.8	0	4.8	83	
8	1997.11.07	7.6	4	12	0.3	3	83	
8	1997.11.08	10.2	8	12.1	1	2.6	93	
8	1997.11.09	10	4.8	11.5	0.1	3.3	88	
8	1997.11.10	6.6	3.2	9.3	0	2.5	94	
8	1997.11.11	2.8	1.4	4.6	0.6	1.3	100	
8	1997.11.12	5.3	2.6	8.3	0.1	2.8	95	
8	1997.11.13	7.9	6.9	8.4	0	4.4	87	
8	1997.11.14	7.1	6.3	9	16.4	2.9	95	
8	1997.11.15	6	4.9	7.1	16.4	1.6	96	
8	1997.11.16	4.1	2.8	5	5.4	3.4	95	
8	1997.11.17	2.6	0	3.5	0.1	3.9	84	
8	1997.11.18	-0.8	-1.6	-0.4	0	4.4	71	
8	1997.11.19	-2.1	-2.4	-1.6	0.5	3.4	83	
8	1997.11.20	-0.8	-1.4	0.5	3.8	2.9	92	
8	1997.11.21	0.4	0	0.5	0	3.1	89	
8	1997.11.22	0.2	-0.4	0.7	3.2	2.6	94	
8	1997.11.23	0.3	-0.7	0.5	1.3	2.9	94	
8	1997.11.24	-1.1	-1.7	-0.6	0.2	2	93	
8	1997.11.25	-1.4	-2.2	-0.9	0	1.6	92	
8	1997.11.26	-2	-2.6	-1.7	0.1	1.9	93	
8	1997.11.27	-1.4	-3.1	0.5	0	2.3	84	
8	1997.11.28	-2.5	-5.2	-0.8	0	1.4	94	
8	1997.11.29	-4.1	-5.2	-2.7	0.3	3.8	86	
8	1997.11.30	-0.8	-2.2	0.4	1.8	3.9	95	
8	1997.12.01	0.7	0.4	1	4.3	2.9	97	
8	1997.12.02	0.2	-0.8	0.8	0.3	3.5	93	
8	1997.12.03	-2.1	-3.2	-1.1	5.4	2.1	89	
8	1997.12.04	-3.5	-4.6	-3	4.1	2.4	90	
8	1997.12.05	-3.8	-4	-3.2	0	2.1	88	
8	1997.12.06	-1.5	-3.3	0.5	0	3.6	90	
8	1997.12.07	0.6	0.2	0.8	7	4.3	95	
8	1997.12.08	0.2	-0.2	0.4	0.4	1.9	93	
8	1997.12.09	-0.1	-0.7	0.6	0.1	2.9	95	
8	1997.12.10	1.3	0.6	2	0.4	3.3	99	
8	1997.12.11	1.5	0.8	2	9.2	2.8	97	
8	1997.12.12	1.6	0.6	2	8.6	1.9	98	
8	1997.12.13	0	-3.1	1.5	7	2.8	96	
8	1997.12.14	-5.9	-8.4	-4	0	3.1	82	
8	1997.12.15	-13.1	-17.2	-10.2	0	3.9	67	
8	1997.12.16	-18.1	-20.4	-15.2	0	2.1	62	
8	1997.12.17	-18.7	-21.6	-14.4	0	2.4	62	
8	1997.12.18	-14.8	-18.6	-9	0	2	64	
8	1997.12.19	-11.7	-15.2	-6.6	0	1.6	74	
8	1997.12.20	-4	-6	-2.2	0	1.4	81	
8	1997.12.21	-4.5	-5.8	-3.6	0	2.6	77	
8	1997.12.22	-2.8	-3.2	-2.2	1.5	2.1	91	
8	1997.12.23	-2	-2.8	-0.2	0	2.3	96	
8	1997.12.24	0.2	-0.2	0.6	0.1	2.3	97	
8	1997.12.25	0.9	0.2	3.2	2.5	2.5	97	
8	1997.12.26	4.7	3.7	6.9	2.8	4	93	
8	1997.12.27	4.4	3.1	5.3	0	5	81	
8	1997.12.28	2.2	-0.3	3.6	0.6	1.9	92	
8	1997.12.29	-0.4	-1.5	0.8	0	0.6	93	
8	1997.12.30	-1.6	-3	-1.1	0.8	2.4	95	
8	1997.12.31	-2.4	-3.6	-1.2	0.2	2	95	
8	1998.01.01	-0.4	-1.2	0.4	4.2	2.8	97	
8	1998.01.02	1	0.3	1.7	0.2	2.1	98	
8	1998.01.03	2.1	1.2	3.1	0.9	3.4	95	
8	1998.01.04	3.2	0.8	4.6	2.6	4.5	90	
8	1998.01.05	1.9	0.6	3.7	2.5	4.8	91	
8	1998.01.06	2	0.8	2.6	2.4	4	90	
8	1998.01.07	2.7	2.2	3.2	1.8	3.9	90	
8	1998.01.08	3.3	1.4	4.8	8.4	5.3	88	
8	1998.01.09	1.5	-0.5	3.5	1.4	3.5	89	
8	1998.01.10	-0.2	-2.5	0.8	0.2	2	85	
8	1998.01.11	5.1	1	8.4	0.4	5.8	82	
8	1998.01.12	3.8	0.7	7.5	0	2.3	85	
8	1998.01.13	2.6	1.2	3.8	0	1.8	95	
8	1998.01.14	2.1	1.5	2.3	0	3	96	
8	1998.01.15	1.8	1.3	2.4	0	3.8	93	
8	1998.01.16	1.1	0	1.8	0	3.6	95	
8	1998.01.17	2.9	2	4.1	2.2	3	96	
8	1998.01.18	1.5	0.2	2.3	2.4	4.3	91	
8	1998.01.19	1.1	0	2.6	0	4.5	83	
8	1998.01.20	2	1	3	1.9	4	91	
8	1998.01.21	2.4	0	3.2	2	2.4	95	
8	1998.01.22	-1.2	-3.5	-0.2	0	2.4	87	
8	1998.01.23	-3.6	-6.3	0	0	1.5	78	
8	1998.01.24	-5.2	-8.8	-1.4	0	1.8	73	
8	1998.01.25	-4.7	-7.7	-2.4	0	1.6	87	
8	1998.01.26	-5.1	-8.8	-0.6	0	2.3	86	
8	1998.01.27	-2.6	-4	-1.4	0	5.3	82	
8	1998.01.28	-3	-5.4	0	2.4	6.3	83	
8	1998.01.29	-6.3	-11.2	-5.2	0.2	2.6	86	
8	1998.01.30	-7.8	-12.8	-4	1.8	5	88	
8	1998.01.31	-7.9	-10.1	-7.4	2.1	5.1	75	
8	1998.02.01	-8.9	-12.8	-5.9	0	5.1	73	
8	1998.02.02	-9.3	-12	-6.9	0	3.5	66	
8	1998.02.03	-8.1	-10.2	-5.8	2.1	4.1	77	
8	1998.02.04	-4.6	-7.1	-0.8	0.5	3.8	88	
8	1998.02.05	-0.4	-2.2	1.5	0.6	6.1	85	
8	1998.02.06	0.3	-8	1.5	1.4	5.6	76	
8	1998.02.07	-4.7	-10.5	0.4	1.1	1.5	93	
8	1998.02.08	0.3	-0.8	1	0.9	3	94	
8	1998.02.09	1.3	1	1.8	2.8	4.3	92	
8	1998.02.10	2.8	1.9	4.2	0.3	4.9	94	
8	1998.02.11	3.9	3.6	5	0	4.8	91	
8	1998.02.12	4.7	3.7	5.6	3.8	4.1	94	
8	1998.02.13	2.6	-0.2	3.6	4.8	3.9	85	
8	1998.02.14	-0.6	-2.3	5	4.3	3.3	85	
8	1998.02.15	3.1	1.6	5.8	2.3	3.5	93	
8	1998.02.16	6	2.7	9.2	3.7	6.4	92	
8	1998.02.17	0	-4	0.4	4	7.1	77	
8	1998.02.18	-1.9	-6.1	4.4	0.2	4	85	
8	1998.02.19	5.8	4.5	7.2	0	4.3	90	
8	1998.02.20	4.5	3.8	5.7	0	4.4	88	
8	1998.02.21	5.4	3.5	8.2	0	4.1	83	
8	1998.02.22	6	3.2	10	0	3.8	79	
8	1998.02.23	3	-0.7	7.5	0	3.8	85	
8	1998.02.24	4.8	1.5	6	0.6	5.4	81	
8	1998.02.25	-1.1	-3.7	-0.1	0	3.3	63	
8	1998.02.26	3.9	1.2	6.2	1	5	81	
8	1998.02.27	5.7	4.5	7.6	0	5.3	75	
8	1998.02.28	5	0.6	7.7	4.5	6.3	78	
8	1998.03.01	1	-1.6	2.9	4.8	5.6	78	
8	1998.03.02	-0.2	-1.2	0.6	1	5.3	76	
8	1998.03.03	1.7	0.4	3.5	6.5	4.1	84	
8	1998.03.04	7.7	5.2	11.3	4.4	5.4	88	
8	1998.03.05	5.9	1.5	12.7	5.8	5.1	76	
8	1998.03.06	-0.5	-3.2	1.5	0.3	3.8	74	
8	1998.03.07	-0.2	-3	3	0	3.8	80	
8	1998.03.08	0.6	-0.1	1.8	6.4	2.9	92	
8	1998.03.09	-0.5	-3.1	0.7	0.3	3	81	
8	1998.03.10	-3.7	-10.1	-1.6	5.6	2.5	78	
8	1998.03.11	-8.1	-14.5	-1.4	0	1.1	74	
8	1998.03.12	-6.7	-10.9	-2.6	0	2.5	66	
8	1998.03.13	-5	-8.1	-1.4	0	3.8	69	
8	1998.03.14	-1.1	-4.2	0.1	4	5	85	
8	1998.03.15	-4.6	-7.2	-2.7	0.4	4.1	75	
8	1998.03.16	-6.2	-11.4	0.4	0	2.1	80	
8	1998.03.17	-3.2	-10	3.2	0	1.3	79	
8	1998.03.18	-0.4	-5.7	5	0.1	2.6	84	
8	1998.03.19	1.6	-2	2.6	0.9	4.6	81	
8	1998.03.20	-2	-4.8	1.8	0.7	1.9	78	
8	1998.03.21	-2.7	-6.3	1.1	1.8	1.4	87	
8	1998.03.22	-3	-6.3	0.8	0.1	1.6	83	
8	1998.03.23	-0.9	-4.9	3.4	0	2.8	69	
8	1998.03.24	-0.1	-3.6	4	0	3.1	61	
8	1998.03.25	0.6	-3.6	5.8	0	2.4	61	
8	1998.03.26	1.5	-4.2	7.4	0	1.3	63	
8	1998.03.27	1.6	-2.2	5.6	0	3.3	61	
8	1998.03.28	2.5	0.6	4.2	5.2	2.1	90	
8	1998.03.29	1.5	-1.6	3.6	0	2.5	84	
8	1998.03.30	2.9	-3.2	10	0	2.1	73	
8	1998.03.31	6.8	-0.1	15	0	3.8	62	
8	1998.04.01	7.8	1.8	9.6	0.5	3.5	85	
8	1998.04.02	1	-1.4	3.8	0.7	3.6	72	
8	1998.04.03	2.5	-0.4	6.1	0	4.1	48	
8	1998.04.04	2.6	1.2	4.8	7.9	3.4	95	
8	1998.04.05	7.7	4.6	11.5	2.2	2.8	84	
8	1998.04.06	9.3	2.8	15.9	0	2.8	78	
8	1998.04.07	6.5	2.1	9	2.3	1.9	88	
8	1998.04.08	6.4	3.8	10.1	12.8	2.1	89	
8	1998.04.09	3.3	1.2	4.5	7.2	3	87	
8	1998.04.10	2.1	-1.5	6.5	0	1.9	77	
8	1998.04.11	6.2	1.7	11.5	6.6	3.4	80	
8	1998.04.12	9.7	4.8	15.5	0	3.5	64	
8	1998.04.13	7.7	4.2	11.6	5.1	1.8	80	
8	1998.04.14	3.4	2.3	3.7	1.6	3.6	88	
8	1998.04.15	3.1	1.6	5.5	0	2.3	75	
8	1998.04.16	5.4	1.8	10	1.7	4.8	74	
8	1998.04.17	8.2	6.9	11.2	7.2	2.8	92	
8	1998.04.18	9	7.2	12.1	0.3	2.3	87	
8	1998.04.19	9.7	8.4	11.5	0.1	2.6	83	
8	1998.04.20	10.6	8.6	13.1	2.8	2.3	82	
8	1998.04.21	10.5	9	12	0.4	2.4	87	
8	1998.04.22	12.9	10.1	16.6	0	2.4	66	
8	1998.04.23	12.7	8.3	17.3	0	0.5	62	
8	1998.04.24	13.6	7.2	19	0	1.3	56	
8	1998.04.25	13.3	4.8	20.5	0	1.5	57	
8	1998.04.26	14.4	6.8	20.7	0	2.9	53	
8	1998.04.27	16	9	22.3	0	4	44	
8	1998.04.28	17	11.5	21.9	0	3.9	43	
8	1998.04.29	16.2	8.6	20.9	0	3.4	41	
8	1998.04.30	16.9	10.8	22.3	0	2.6	41	
8	1998.05.01	15.8	9.4	22.4	0	2	50	
8	1998.05.02	13.1	7.6	18.7	0	2.1	67	
8	1998.05.03	14.3	8.2	21.2	5.8	2.4	74	
8	1998.05.04	15.1	10.9	19.1	6.3	2.4	74	
8	1998.05.05	11.7	7.9	12.5	26.4	5.6	94	
8	1998.05.06	9.7	5.7	13	1.3	5	76	
8	1998.05.07	11.4	8.8	13.4	0.4	4.6	78	
8	1998.05.08	13	8.9	16.7	0	2.6	81	
8	1998.05.09	15.8	9.4	21	0	1.6	71	
8	1998.05.10	17.3	9.2	24.8	0	0.9	66	
8	1998.05.11	19	10.5	25.5	0	1	61	
8	1998.05.12	16.7	7.4	23.7	0	3.3	72	
8	1998.05.13	9.2	4	13.1	0.9	3.5	66	
8	1998.05.14	9	3.4	13.5	0	4	61	
8	1998.05.15	11	5.8	15.8	0	4.6	55	
8	1998.05.16	10.5	9	11.4	1.8	2	78	
8	1998.05.17	11.5	6.5	18	6	1.4	84	
8	1998.05.18	14.9	7	20.8	0	2	69	
8	1998.05.19	15.7	7.4	21.6	0	1.1	65	
8	1998.05.20	14	7.8	18	0	3.6	66	
8	1998.05.21	10.4	7.4	13.8	0	2.5	67	
8	1998.05.22	8.5	5.6	11.5	3.1	3.9	79	
8	1998.05.23	5.7	4.5	6.8	5	6.9	80	
8	1998.05.24	7.6	2.2	12.1	0	6.3	51	
8	1998.05.25	6.9	0.6	13.4	0.5	3.3	74	
8	1998.05.26	13.7	8.9	18.1	0.1	2.3	73	
8	1998.05.27	15.1	6.7	21.6	0	1.3	72	
8	1998.05.28	18.3	11.4	24.9	0	1.3	65	
8	1998.05.29	19.3	10.5	26.3	0	1.5	67	
8	1998.05.30	19	13.7	24.8	0	1.5	69	
8	1998.05.31	17.5	8.7	24.3	0	1.9	61	
8	1998.06.01	19.8	14.1	27.5	5.4	3.5	66	
8	1998.06.02	16.4	12.8	19	0	2.4	80	
8	1998.06.03	17.3	9.1	24	0	2.1	72	
8	1998.06.04	18.3	11.9	23	5	2	76	
8	1998.06.05	16	10	22.5	0.5	2	77	
8	1998.06.06	19.6	12.5	26.2	0	2.8	65	
8	1998.06.07	23.8	17.6	29.4	0	3.8	51	
8	1998.06.08	23.5	13.3	29.6	2	4.4	66	
8	1998.06.09	17.8	13.1	23.3	19.3	2.4	74	
8	1998.06.10	22.1	15.5	28	0	2.6	72	
8	1998.06.11	24	18.6	28.8	0	3.6	63	
8	1998.06.12	21.1	17.4	25	6.2	3.1	78	
8	1998.06.13	15.6	12.1	17.1	3.3	3.1	89	
8	1998.06.14	14.4	11.7	18.2	1.7	3.4	90	
8	1998.06.15	18.3	12.7	22.3	19.2	2.4	91	
8	1998.06.16	13.1	10.5	18.2	3.7	4.9	83	
8	1998.06.17	15.4	11.1	19.2	2.3	5.1	74	
8	1998.06.18	14.6	9.1	19	0	2	76	
8	1998.06.19	13.7	10	17.9	0	4.5	61	
8	1998.06.20	12.6	8	16.7	0	4.3	66	
8	1998.06.21	11.6	8.9	16.4	8.1	3.6	81	
8	1998.06.22	12.1	10	14.2	2.7	2.8	87	
8	1998.06.23	12	10.1	13.7	0.6	4.5	86	
8	1998.06.24	11.6	10.3	12.3	1.8	4	86	
8	1998.06.25	13.1	10.3	17	0.1	2	83	
8	1998.06.26	15.9	9.5	20.3	0	1.5	66	
8	1998.06.27	16.7	12.3	20.6	0.7	1.9	79	
8	1998.06.28	19.6	16.8	23.9	17.6	2.3	85	
8	1998.06.29	17	11.3	21.3	4.6	3.9	72	
8	1998.06.30	15.9	10.7	20.7	0	1.9	74	
8	1998.07.01	16.6	13.4	20.7	7.7	2.6	79	
8	1998.07.02	13.2	10.9	16.2	15.6	4	86	
8	1998.07.03	15.1	11.6	19.5	0	5	76	
8	1998.07.04	14.1	11.9	16.8	5.7	3.8	79	
8	1998.07.05	14.1	9.9	17.6	1.3	2.8	84	
8	1998.07.06	14.8	11.3	17.4	3.8	3.5	86	
8	1998.07.07	12.2	10.1	15.3	9.3	3.5	86	
8	1998.07.08	13.5	9.5	16.8	0.9	1.6	78	
8	1998.07.09	14	7	18.8	0	1.4	74	
8	1998.07.10	15.9	11.3	19.6	0	4.1	75	
8	1998.07.11	13.8	12.5	14.1	17.7	6	89	
8	1998.07.12	12.9	10.7	14.9	2.7	5.5	85	
8	1998.07.13	14.8	9.7	18.5	0.5	4.5	84	
8	1998.07.14	16.2	13.9	17.6	22.5	2.8	91	
8	1998.07.15	16.1	11.5	20.5	0.1	2.9	72	
8	1998.07.16	15.9	9	21.9	0	2.1	69	
8	1998.07.17	15.6	12.6	19.8	0	2.5	79	
8	1998.07.18	16.7	11.8	21.6	0	2.9	64	
8	1998.07.19	15.9	10.6	20	2.1	3	75	
8	1998.07.20	17.1	10.7	22.5	0	3.5	66	
8	1998.07.21	21.3	12.7	29.6	0	2.3	65	
8	1998.07.22	24.7	18.6	32.2	0	3.4	69	
8	1998.07.23	20.3	15.5	24.5	0	2.4	72	
8	1998.07.24	19.3	14.1	22.2	0	2.8	82	
8	1998.07.25	16.8	11.8	20.4	0	2.8	74	
8	1998.07.26	15.6	8.2	20.9	0	1.6	69	
8	1998.07.27	17.6	10.1	23.4	0	1.1	69	
8	1998.07.28	17.5	16.4	19	35.9	3.1	85	
8	1998.07.29	17.7	16	19.6	1.7	3.3	82	
8	1998.07.30	17.8	12.9	21.6	0.7	3	80	
8	1998.07.31	19.3	14.8	23.3	4	3.1	77	
8	1998.08.01	19	12.5	24.6	0	2.9	71	
8	1998.08.02	19.7	12.7	25.5	0	1.5	73	
8	1998.08.03	19.6	17	23.2	6.4	2.1	92	
8	1998.08.04	18.6	15.9	20.8	0	2.8	80	
8	1998.08.05	17.5	13.4	20.5	0	3.5	71	
8	1998.08.06	14.6	11.8	17.1	1.6	4.1	84	
8	1998.08.07	15.1	12.7	19.4	0.1	4	83	
8	1998.08.08	15.9	11.3	20.3	0	3.4	75	
8	1998.08.09	14.2	12.8	16.4	10.7	5.5	85	
8	1998.08.10	15.4	11.8	19.9	0	5.9	67	
8	1998.08.11	13.6	9.6	17.8	0	3	74	
8	1998.08.12	14.2	6.5	19.7	0	1.4	70	
8	1998.08.13	15.4	8.6	21.3	0.1	2.4	69	
8	1998.08.14	15.2	12.9	18.1	17.3	2.5	84	
8	1998.08.15	15	11.5	18.5	0.1	2.8	84	
8	1998.08.16	15.9	11.3	21.1	0.3	2.3	87	
8	1998.08.17	14.3	9	19.3	0	2.3	81	
8	1998.08.18	15.9	12.1	19.9	0.3	1.9	83	
8	1998.08.19	15.4	10.5	17.6	9.2	3.5	80	
8	1998.08.20	14.2	10.6	18.3	0	3	78	
8	1998.08.21	16.8	11.3	24.1	9.5	3.6	72	
8	1998.08.22	15.6	11	17.6	2.7	4.5	83	
8	1998.08.23	12.9	9.6	16.1	4.8	4.9	82	
8	1998.08.24	11.8	9.5	15.6	6.5	5.1	84	
8	1998.08.25	13.1	11.3	16.1	13.3	5.8	88	
8	1998.08.26	11	8.5	13.2	4.2	4.9	82	
8	1998.08.27	10.9	8.6	14.2	1.7	3.4	84	
8	1998.08.28	10	5.8	15.7	0.1	2.5	84	
8	1998.08.29	11.7	10	15.1	3.5	2.4	87	
8	1998.08.30	12.2	10	15.7	1.1	1.6	88	
8	1998.08.31	12.4	10.4	15.2	0.1	1.5	87	
8	1998.09.01	11.1	8.8	14.5	1	2.1	90	
8	1998.09.02	9.7	4	10.7	0	2.1	83	
8	1998.09.03	8.8	2.5	15.5	0	1.4	77	
8	1998.09.04	10.2	3.3	17	0	1.9	79	
8	1998.09.05	9.9	3.8	15.8	0	2.9	70	
8	1998.09.06	11.6	5.4	17.6	0	2.9	69	
8	1998.09.07	14	7.6	21.1	0	3	70	
8	1998.09.08	15	11.1	20.2	0	2.9	68	
8	1998.09.09	15.3	9.3	21.8	0	3.6	64	
8	1998.09.10	17.1	11.6	23.3	0	4.3	64	
8	1998.09.11	18.4	15.5	20.5	0	3.3	75	
8	1998.09.12	17.8	15.1	20.6	0	3	72	
8	1998.09.13	18.5	14.9	22.9	0	5.3	51	
8	1998.09.14	13.6	9.2	16.9	11	4	79	
8	1998.09.15	10.4	7.8	13.6	0.4	2.8	81	
8	1998.09.16	9.8	6.9	13.1	0.1	2.3	87	
8	1998.09.17	11.1	7.7	14.8	5.4	3.5	86	
8	1998.09.18	9.9	3.2	16.5	0	1.5	83	
8	1998.09.19	10.3	3.8	16.6	0	1.3	82	
8	1998.09.20	11.5	7.1	16.5	0	2.3	85	
8	1998.09.21	10.7	6.8	15.6	0	2.3	86	
8	1998.09.22	9.2	3.2	14.5	0	1.5	87	
8	1998.09.23	12.6	7.1	15.8	0	2.5	79	
8	1998.09.24	9.3	3	15	0	1.6	82	
8	1998.09.25	12.5	9.7	15	0.2	1.8	83	
8	1998.09.26	12.6	8.6	17.2	0	2.8	78	
8	1998.09.27	13.1	9.2	18.4	0	1.8	88	
8	1998.09.28	11.9	8.2	14.6	0	1.6	94	
8	1998.09.29	9.7	6.6	11.7	16.4	5.5	93	
8	1998.09.30	6.3	5	7.2	8.5	4.9	87	
8	1998.10.01	3.6	0.5	4.7	0	3.5	67	
8	1998.10.02	2.5	-1.3	7.5	0	2.9	69	
8	1998.10.03	2	-0.6	6	0	3.5	71	
8	1998.10.04	2.7	0.8	5.8	0	2.6	71	
8	1998.10.05	3	1.9	4.4	5.8	1.6	87	
8	1998.10.06	4.7	1.7	8	0.1	2	84	
8	1998.10.07	4	-0.3	8.7	0	3	72	
8	1998.10.08	5.5	0.8	10.4	0	4	67	
8	1998.10.09	8.2	7.2	10.1	0.7	2.1	92	
8	1998.10.10	10.5	9.7	11.2	4.4	3.8	93	
8	1998.10.11	9.4	8.2	10.1	8.6	5.5	90	
8	1998.10.12	9.2	7.3	12.6	0.6	3.9	84	
8	1998.10.13	7.6	4.5	8.9	5.8	3	87	
8	1998.10.14	6	4.2	8.9	0	4.4	89	
8	1998.10.15	9.8	7	13.3	0.2	5.4	74	
8	1998.10.16	8.1	4.9	10.8	0	6	69	
8	1998.10.17	8.2	4.1	13.8	0	3.9	79	
8	1998.10.18	10.9	5.2	12	0.3	5.5	75	
8	1998.10.19	5.1	2	8.7	0	3.5	77	
8	1998.10.20	3.5	0.3	7.4	0	2.1	87	
8	1998.10.21	5.3	1.9	8.2	0.2	4.4	80	
8	1998.10.22	7.1	5	11.2	2.5	4.8	90	
8	1998.10.23	11.9	10.1	15.1	0.7	4.5	89	
8	1998.10.24	11.5	10	13.9	0	3.5	78	
8	1998.10.25	8.7	6.6	10.4	0	5.9	80	
8	1998.10.26	9	4.8	11.2	0.4	3.4	83	
8	1998.10.27	3.9	1.4	5.4	0	3	88	
8	1998.10.28	7.2	4.4	10.1	10.6	7.4	87	
8	1998.10.29	6.3	5.6	7.1	5.7	5.9	83	
8	1998.10.30	6.2	4	6.6	3.6	7.3	82	
8	1998.10.31	5.1	4.5	6	4	5.5	86	
8	1998.11.01	4.9	3	6.5	0.4	4.3	82	
8	1998.11.02	3	2.1	3.9	8.5	3.8	92	
8	1998.11.03	2.6	0.3	4.1	8	3.1	90	
8	1998.11.04	3.3	0.6	6.9	2	2.6	92	
8	1998.11.05	4.3	1.9	5.4	0.3	5.3	88	
8	1998.11.06	2.9	2.5	3.3	1.7	4.4	85	
8	1998.11.07	2.3	0.4	4.5	1.8	5.6	87	
8	1998.11.08	0.9	-0.7	3.3	0	2.6	83	
8	1998.11.09	-2.6	-5.4	-0.5	0	1.3	88	
8	1998.11.10	-3.4	-4.7	-2	0	2.4	70	
8	1998.11.11	-3.2	-4.6	-1.7	0	3.6	76	
8	1998.11.12	-1.9	-2.7	-0.1	4.1	3.1	90	
8	1998.11.13	0.5	0	1.2	0.7	2.3	96	
8	1998.11.14	0.1	-0.7	0.5	0	2	95	
8	1998.11.15	-2.5	-4.4	-1.1	0	3.6	86	
8	1998.11.16	-4	-4.7	-2.9	0.6	3.6	82	
8	1998.11.17	-6.3	-11.2	-2.7	0	3.5	84	
8	1998.11.18	-11	-12.5	-8.8	0	2.3	87	
8	1998.11.19	-10.2	-11.6	-8.6	0.4	1.8	85	
8	1998.11.20	-9.8	-14.1	-9	0.8	2.1	87	
8	1998.11.21	-14.8	-18	-10.3	0	1.4	88	
8	1998.11.22	-13.7	-16.8	-8.9	0	1.5	85	
8	1998.11.23	-11.1	-14.8	-5.4	0	2	80	
8	1998.11.24	-8.1	-10.5	-4.5	0	2.6	72	
8	1998.11.25	-9	-12.6	-4.2	0	1.6	71	
8	1998.11.26	-7.3	-10.7	-4.6	0	2.1	75	
8	1998.11.27	-3.7	-5	-2.5	0	2.9	89	
8	1998.11.28	-2.7	-3.4	-1.7	0	2.9	91	
8	1998.11.29	-3.1	-5.4	-1.4	0	2.4	89	
8	1998.11.30	-8.3	-14.4	-6.5	0	2.4	88	
8	1998.12.01	-15.1	-17.8	-11.9	0	1.4	74	
8	1998.12.02	-16.7	-20.2	-13	0	2.1	76	
8	1998.12.03	-15.3	-19.7	-9.2	0	2.4	70	
8	1998.12.04	-11.8	-14.9	-7.8	0	2.8	75	
8	1998.12.05	-7.2	-7.8	-5.2	2.9	1.9	87	
8	1998.12.06	-3.4	-4.4	-2	2.7	3.1	90	
8	1998.12.07	-3.5	-4.9	-2.6	4.5	2.8	92	
8	1998.12.08	-5.4	-6.7	-4.4	1.8	1.9	92	
8	1998.12.09	-5.3	-7.7	-4.2	1.3	3.5	87	
8	1998.12.10	-9.3	-11.3	-7.6	0	3	84	
8	1998.12.11	-10	-12.2	-5.2	0.6	4.6	91	
8	1998.12.12	-2.3	-4	-0.7	17.4	7.8	92	
8	1998.12.13	-3	-5.3	0.9	1.7	4.8	89	
8	1998.12.14	0.5	-1.6	1.6	0.5	2.9	95	
8	1998.12.15	-0.8	-2.7	1.5	1.8	3.5	91	
8	1998.12.16	1.9	1.5	2.8	5.8	2.4	96	
8	1998.12.17	2.4	1.7	2.7	0	3.6	88	
8	1998.12.18	2.6	0.9	4.7	0	4.1	81	
8	1998.12.19	1.9	1.2	2.7	0.3	3.8	90	
8	1998.12.20	2.2	1	3	2.3	3.8	92	
8	1998.12.21	-0.1	-2	0.5	2.7	4.4	89	
8	1998.12.22	-5.8	-13.1	-2.4	0	2	83	
8	1998.12.23	-10.1	-14.2	-5	0	2.6	89	
8	1998.12.24	-5.2	-6.5	-4	0	4	82	
8	1998.12.25	-1.8	-4.4	0.8	0.2	6	80	
8	1998.12.26	1.3	0.6	3.5	1.1	7.4	91	
8	1998.12.27	2.5	0.7	4.1	5.4	6.6	89	
8	1998.12.28	4.1	3	5.7	0	4.5	89	
8	1998.12.29	3.3	2.3	4.4	0.5	4.4	83	
8	1998.12.30	0.6	-1.9	2.2	0	2.3	91	
8	1998.12.31	-3	-4.1	-2.2	0	3	91	
8	1999.01.01	-3.5	-4.8	-2.8	0	4.9	86	
8	1999.01.02	-5.1	-6.2	-4.2	0	2.6	90	
8	1999.01.03	-4.5	-6.6	-1.1	0	1.6	93	
8	1999.01.04	-1.7	-3.6	1	0	2.4	93	
8	1999.01.05	4.2	2.9	6.3	1.1	6.4	90	
8	1999.01.06	5.3	3.3	7.6	3.7	4.3	91	
8	1999.01.07	4.8	-0.4	6.7	3.2	5.3	85	
8	1999.01.08	-1.1	-1.8	-0.2	1.1	2.3	90	
8	1999.01.09	-1.8	-5	-1	1	1.5	94	
8	1999.01.10	-4.9	-7	-3.4	0	2.6	84	
8	1999.01.11	-8.3	-11.1	-6.4	0	2.1	74	
8	1999.01.12	-3.8	-6.7	0.7	2.2	4.8	82	
8	1999.01.13	-1.9	-4	-1.2	1.2	5.6	84	
8	1999.01.14	-5.4	-9	-0.4	0	2.4	87	
8	1999.01.15	0.5	0.2	1.2	3	4.4	91	
8	1999.01.16	1.3	0.6	2.3	1.2	3.5	94	
8	1999.01.17	2.8	0.8	4.2	0	3.4	85	
8	1999.01.18	-0.3	-1.8	0.6	0	2.6	93	
8	1999.01.19	-1.7	-2	-1.5	0	2.4	100	
8	1999.01.20	-1.9	-2.4	-1.2	0	4	99	
8	1999.01.21	-1.6	-2.2	-1	0	3.1	98	
8	1999.01.22	-0.3	-1.8	2	0.7	3.5	94	
8	1999.01.23	1	-0.8	1.2	0	3.3	82	
8	1999.01.24	-0.5	-1.2	1.1	0.3	3.8	89	
8	1999.01.25	2.4	1.8	4.6	1	4.9	91	
8	1999.01.26	3.8	1.8	6.9	1.2	6.1	81	
8	1999.01.27	0.9	-0.7	1.6	0.3	3.8	89	
8	1999.01.28	-1.8	-9	0.3	2.4	4	89	
8	1999.01.29	-11.3	-16.3	-9.4	0.6	3.4	71	
8	1999.01.30	-15.4	-18	-13.3	0.2	2.4	78	
8	1999.01.31	-15.5	-18.8	-11.1	0	2.6	84	
8	1999.02.01	-2.3	-6.4	1.6	3.2	3.5	94	
8	1999.02.02	1.1	-1.1	1.8	1.4	3.3	93	
8	1999.02.03	-0.6	-2	1.6	6.5	3.8	88	
8	1999.02.04	1.4	0	4.9	3.5	6.1	94	
8	1999.02.05	1	-0.4	2.8	7.3	8.9	82	
8	1999.02.06	-2.6	-5.7	0.2	6.1	6.8	88	
8	1999.02.07	-8.3	-14	-6.3	1	2.5	79	
8	1999.02.08	-11.9	-16.1	-7.8	0.7	1.4	87	
8	1999.02.09	-5.3	-7.4	-3.4	0.4	3	90	
8	1999.02.10	-6.4	-11.5	-3.3	0	1.4	84	
8	1999.02.11	-9.3	-15.2	-8	0	2.3	91	
8	1999.02.12	-12.3	-16.6	-5.6	0	1.9	84	
8	1999.02.13	-6	-8.8	-3.8	0	2.8	67	
8	1999.02.14	-8.4	-10.5	-6.3	0	1.8	96	
8	1999.02.15	-7.4	-9.2	-4.2	0	1.6	92	
8	1999.02.16	-3.6	-5.1	-2	4.4	4.6	90	
8	1999.02.17	-2.2	-7	-0.4	2.7	4.3	87	
8	1999.02.18	-4.3	-5.5	-2.5	1.6	4.6	89	
8	1999.02.19	-3.5	-6.6	0.2	0	2.9	88	
8	1999.02.20	-4.6	-7	0	3.2	3.8	93	
8	1999.02.21	1.1	-0.3	2.4	1.1	3.9	92	
8	1999.02.22	0.5	0.4	1	1.7	4.4	94	
8	1999.02.23	0.2	-1.1	1.6	0.7	2.1	88	
8	1999.02.24	-1.3	-2.5	-0.6	0.9	6.6	86	
8	1999.02.25	-2.2	-3	-1.1	5.2	6.5	89	
8	1999.02.26	-2.5	-6.7	0.3	5.6	3.3	89	
8	1999.02.27	1.9	0.5	3.8	1.3	3.9	90	
8	1999.02.28	2	0.3	3.6	0	3.8	94	
8	1999.03.01	0.9	-1.4	3.1	1.3	4.4	91	
8	1999.03.02	1.9	1.2	2.9	5.4	5	87	
8	1999.03.03	1.6	0.3	3	1.8	2.9	86	
8	1999.03.04	4.1	2.8	5.7	2.2	1.6	98	
8	1999.03.05	6.1	2.1	11.8	0	2.5	82	
8	1999.03.06	5	3.9	6.2	1.5	3.6	87	
8	1999.03.07	4.9	0.7	11	0	2.8	79	
8	1999.03.08	1.6	0	2	0.4	3.5	85	
8	1999.03.09	-1	-2.5	0	0.3	3.3	87	
8	1999.03.10	-2	-3.8	-0.1	3.1	1.8	91	
8	1999.03.11	-0.3	-1.5	0.4	1.9	3.4	95	
8	1999.03.12	-2.4	-3.6	-1.2	0.3	4.9	82	
8	1999.03.13	-2.7	-4.5	-0.8	0.3	4	85	
8	1999.03.14	-1	-2.5	0.2	0	2.3	77	
8	1999.03.15	-2.4	-4.6	-1.7	0	2.9	75	
8	1999.03.16	-2.2	-6.1	2.8	0	2.3	67	
8	1999.03.17	-1	-5.9	5	0	1.3	57	
8	1999.03.18	0.3	-5.3	6.6	0	1.8	62	
8	1999.03.19	1.3	-4.3	8.1	0	1	63	
8	1999.03.20	2	-3.8	8.7	0	1.4	62	
8	1999.03.21	1	-0.3	2.6	1.1	1.6	86	
8	1999.03.22	0.2	-4.1	5.5	0	1.8	85	
8	1999.03.23	2.8	0.9	6.8	1.7	3.6	90	
8	1999.03.24	1.4	-1	4	0.7	2.9	86	
8	1999.03.25	3.5	-0.6	10	0.1	3.1	83	
8	1999.03.26	8.9	2.6	16.8	0	3.3	65	
8	1999.03.27	11.9	6.7	18.2	0	3.9	57	
8	1999.03.28	9.8	5.8	14.3	0	2.9	61	
8	1999.03.29	9.6	3.5	16.2	0	1.9	61	
8	1999.03.30	8.9	1.3	16.3	0	2	60	
8	1999.03.31	10	2.7	17.3	0	1	52	
8	1999.04.01	8.6	0.6	16.4	0	1.8	58	
8	1999.04.02	8.5	0.6	16.1	0	1.8	54	
8	1999.04.03	6.5	3	11.8	0	2.1	67	
8	1999.04.04	5.5	1.1	9.9	0	2.5	62	
8	1999.04.05	3.2	-3.2	10.1	0	2.1	52	
8	1999.04.06	5.4	-0.2	10.3	0	3.5	72	
8	1999.04.07	10.2	6	13.4	7.9	4	85	
8	1999.04.08	7.3	5.4	9.1	1.1	3.9	85	
8	1999.04.09	8.6	4	14.5	0	4.6	74	
8	1999.04.10	10.4	8.7	12.6	0	4.5	76	
8	1999.04.11	10.8	6.8	14	0	3.3	79	
8	1999.04.12	6.9	3.2	8.5	0.5	3	74	
8	1999.04.13	8	2.4	14.1	0	3.1	64	
8	1999.04.14	7.9	3.1	9	13.6	2.9	85	
8	1999.04.15	9	1.5	17.2	0	5	63	
8	1999.04.16	14.6	9.5	19.8	0	4.1	47	
8	1999.04.17	15.5	10.7	16.7	0	6.8	50	
8	1999.04.18	7.1	3.3	10	6.5	6.5	79	
8	1999.04.19	3.6	-0.4	6.1	2.1	3.1	86	
8	1999.04.20	7.2	2.6	16.5	1.7	4.4	81	
8	1999.04.21	5.7	4	6.7	0.3	5	74	
8	1999.04.22	8.5	5.6	11.3	1.7	4.8	67	
8	1999.04.23	9.8	6.3	11.8	0.6	1.9	86	
8	1999.04.24	10.9	2.3	17.7	0.3	2.1	77	
8	1999.04.25	12.5	9.8	15.8	8	1.4	79	
8	1999.04.26	14	9.8	17.7	0	2	68	
8	1999.04.27	13.5	8.8	17.6	0	1.5	66	
8	1999.04.28	15.5	10.5	21.5	0	1.8	61	
8	1999.04.29	10.9	5.9	12.7	2.3	3.3	79	
8	1999.04.30	6.7	-0.2	12	1	4.6	63	
8	1999.05.01	9.1	2.9	11	0	5.1	67	
8	1999.05.02	6.1	-0.9	12.1	0	3.4	69	
8	1999.05.03	4.7	-1.2	9.1	0	2.3	63	
8	1999.05.04	5.9	2.6	9.9	4.2	3	68	
8	1999.05.05	5.7	0.9	10.2	0	2.9	57	
8	1999.05.06	5.5	-2.2	11.4	0	2.4	57	
8	1999.05.07	7.4	-0.7	14.4	0	3	53	
8	1999.05.08	8.7	1	14.6	0	2.1	53	
8	1999.05.09	8.4	5.1	13.1	0	1.6	68	
8	1999.05.10	8.8	5	14.5	9.3	3.1	91	
8	1999.05.11	6	3.8	6.6	0	4	81	
8	1999.05.12	4.4	1.4	7.6	0	3.3	65	
8	1999.05.13	3.9	-1.3	8.2	0.4	2.6	71	
8	1999.05.14	6.1	4	8.5	0.7	2.1	82	
8	1999.05.15	8.7	5.9	12.1	1.2	2.8	79	
8	1999.05.16	9.3	7	11.6	7.7	2.5	74	
8	1999.05.17	10.2	3.7	15	0	3.4	48	
8	1999.05.18	9.9	3.1	15.7	0	2.6	51	
8	1999.05.19	12.8	5.6	18.7	0	2.9	49	
8	1999.05.20	14	3.6	21.6	0	1.1	57	
8	1999.05.21	16.9	9.4	23.5	0	2.9	54	
8	1999.05.22	18.6	12.3	23.5	0	3.9	50	
8	1999.05.23	11.5	6	13.9	1.1	3.6	73	
8	1999.05.24	11.4	3	19.2	0	2	68	
8	1999.05.25	16.6	12.5	20.3	0	2.4	59	
8	1999.05.26	12.8	8.4	15.9	1.1	2.8	74	
8	1999.05.27	12	4.6	18.4	0	2.6	65	
8	1999.05.28	15.7	7.1	22.6	0	1.6	63	
8	1999.05.29	18.6	10.4	25.4	0	2.9	62	
8	1999.05.30	19.1	11.5	25.4	0	2	61	
8	1999.05.31	13.4	8.4	16.1	3.9	4.3	64	
8	1999.06.01	12.7	6.8	17.4	0	1.8	58	
8	1999.06.02	14.1	5.5	20.4	0	2.3	63	
8	1999.06.03	17.3	7.3	24.4	0	1.9	58	
8	1999.06.04	15.6	11.1	18	0	2.1	77	
8	1999.06.05	17.2	14	21.6	0.1	2.5	81	
8	1999.06.06	21	13.9	26.8	0	2.6	69	
8	1999.06.07	21.4	14.8	28.1	0	3.3	62	
8	1999.06.08	18.6	12.1	27.1	0	2.8	79	
8	1999.06.09	18.2	12.5	21.7	0.1	3.4	71	
8	1999.06.10	16.1	9.4	21.8	0	2.5	58	
8	1999.06.11	20.2	14.3	28.3	22.2	3	67	
8	1999.06.12	23.2	17.1	29.7	1.2	2.8	65	
8	1999.06.13	21.7	18.2	28.1	0	1.9	76	
8	1999.06.14	22.9	16.3	28.3	0	2	65	
8	1999.06.15	20.9	16.1	27.4	1	1.5	70	
8	1999.06.16	18.3	15.9	20.8	0	2.6	91	
8	1999.06.17	19.5	15.5	24.9	0.9	2.1	86	
8	1999.06.18	19.6	16.2	24.9	0.1	2.5	86	
8	1999.06.19	21.5	15.5	28	0.4	2.3	77	
8	1999.06.20	20.9	14.3	27.2	0.1	1.3	76	
8	1999.06.21	19.2	16.5	21.7	1.6	1.6	88	
8	1999.06.22	18	15.1	24	14.6	3	88	
8	1999.06.23	17	12	20.5	2.4	2.9	92	
8	1999.06.24	11.9	10.9	12.6	8.8	3.6	92	
8	1999.06.25	11.7	10.3	12.1	2.3	3.4	92	
8	1999.06.26	13.7	7.1	19.6	0	1.8	74	
8	1999.06.27	17.6	8.9	24.7	0	1.6	65	
8	1999.06.28	20.6	13.4	28	0.8	1.5	71	
8	1999.06.29	19.8	14.7	21.7	6.7	3	77	
8	1999.06.30	18	11.9	23.8	0	2.4	69	
8	1999.07.01	19.7	12.5	25	0	1.3	65	
8	1999.07.02	19.2	14.2	23.8	0	1.9	75	
8	1999.07.03	18.7	11.8	24.3	0	2.4	70	
8	1999.07.04	22	14.3	27.9	0	2.4	69	
8	1999.07.05	24.3	17	31.4	0	1.4	67	
8	1999.07.06	27	21.4	32.3	0	4.1	57	
8	1999.07.07	20.1	17.1	22	0.1	3.1	84	
8	1999.07.08	20.1	17	22.8	0	3.1	78	
8	1999.07.09	19.6	15.2	24.3	0	4.3	62	
8	1999.07.10	19.7	13.2	25.1	0	2.8	54	
8	1999.07.11	21.7	12.3	28.5	0	1.5	53	
8	1999.07.12	22.5	13.9	29.3	0	1.3	56	
8	1999.07.13	22.7	13.6	29.3	0	2.4	54	
8	1999.07.14	21.4	17.2	26.9	2.6	3.9	66	
8	1999.07.15	17.2	15.3	18.4	5.5	2.5	90	
8	1999.07.16	16.5	12	20.9	0.6	2.8	75	
8	1999.07.17	17.1	10	22.8	0	2.3	68	
8	1999.07.18	18.4	11.2	24.1	0	1.1	66	
8	1999.07.19	21.1	15.3	25.6	0	1.5	67	
8	1999.07.20	20.9	13.5	26.9	0	2.1	63	
8	1999.07.21	20.8	13.7	27.8	0.1	1.9	69	
8	1999.07.22	19.4	12.9	22.6	2.4	2.8	72	
8	1999.07.23	16.9	10.7	21.7	0	1.8	67	
8	1999.07.24	19.4	12.7	25.1	0	2.1	67	
8	1999.07.25	18.7	12.4	24.4	0	3.6	75	
8	1999.07.26	19	14.5	24	0.4	2.6	82	
8	1999.07.27	18	12.9	23.6	0	2.8	66	
8	1999.07.28	18.5	13.8	23.6	0	3	53	
8	1999.07.29	17.8	10	23.7	0	2.5	60	
8	1999.07.30	18.9	11.6	25.7	0	3	55	
8	1999.07.31	19.5	11.9	25.5	0	3.5	48	
8	1999.08.01	18.6	10.7	24.6	0	2.8	48	
8	1999.08.02	18.7	10	25.5	0	2.4	48	
8	1999.08.03	18.6	10	24.7	0	1.3	51	
8	1999.08.04	18.7	8.6	25.4	0	0.8	54	
8	1999.08.05	19.8	9.9	27.5	0	1.3	56	
8	1999.08.06	20.7	11.7	28.5	0	1.6	53	
8	1999.08.07	20.4	12.3	28.1	0	2.3	61	
8	1999.08.08	16.6	12.6	20.1	12.2	1.9	86	
8	1999.08.09	20.5	16.9	26.8	0.2	1.8	84	
8	1999.08.10	20.2	15.3	27	15.9	2.3	79	
8	1999.08.11	19	16.6	22.8	4.2	2	87	
8	1999.08.12	18.4	15.3	21.1	0	2.1	81	
8	1999.08.13	16.7	13.6	19.9	0.1	1.3	82	
8	1999.08.14	14.9	9.2	18.7	0	1.8	80	
8	1999.08.15	15	8.7	21.1	2.9	1.8	79	
8	1999.08.16	15.8	12.1	19.3	0	5.5	70	
8	1999.08.17	16.1	12.2	21.2	1.1	4.9	68	
8	1999.08.18	15.4	10.3	20.6	4	2	78	
8	1999.08.19	15.6	11.7	22.7	1.4	3	81	
8	1999.08.20	15.7	10.2	21.5	0.7	4	71	
8	1999.08.21	15.4	12.6	19.5	1.2	2.9	76	
8	1999.08.22	13.3	6.6	18.6	1.9	1.5	75	
8	1999.08.23	13.5	8.8	17.6	0	2.9	70	
8	1999.08.24	12.4	9.2	16.3	0.8	1.8	82	
8	1999.08.25	12.4	6.3	17.6	0	1	86	
8	1999.08.26	14.4	5.8	21.9	0	1.4	69	
8	1999.08.27	15.8	8.9	22.8	0	2.6	67	
8	1999.08.28	17.6	14.7	21.4	0.3	2.5	77	
8	1999.08.29	15.9	11.3	19.4	0	1.6	80	
8	1999.08.30	15.3	11.9	19.6	0	2.3	77	
8	1999.08.31	17.1	12.5	22.3	0	1	72	
8	1999.09.01	15.3	11.1	20.7	3.5	1.6	79	
8	1999.09.02	13.8	11.3	15.8	0.3	2.3	83	
8	1999.09.03	16.2	12.1	22.1	0	1.3	85	
8	1999.09.04	16.3	9.5	22.3	0	2.1	62	
8	1999.09.05	15	6	23.7	0	1	67	
8	1999.09.06	15.4	6.8	24.4	0	0.8	64	
8	1999.09.07	17.9	11.1	25.1	0	1	65	
8	1999.09.08	18.3	11	25.7	0	1	65	
8	1999.09.09	16.6	10.8	22.7	0	2.6	83	
8	1999.09.10	16	10.8	21.5	0.1	1.9	86	
8	1999.09.11	16.8	10.5	20.6	0	2.9	73	
8	1999.09.12	12.7	6.4	18.6	0	2.4	67	
8	1999.09.13	8.9	4.8	12.5	0	1.8	71	
8	1999.09.14	9.7	6.2	14.9	0	1.6	71	
8	1999.09.15	7.8	2.7	13.4	0	2.1	66	
8	1999.09.16	8.2	0	15.8	0	0.8	70	
8	1999.09.17	12.6	6.9	17.6	0	1.1	62	
8	1999.09.18	11.4	5.1	18.8	0	2.3	63	
8	1999.09.19	12.8	7	18.2	0	3.9	51	
8	1999.09.20	14.8	9.5	20.4	0	5	48	
8	1999.09.21	14.7	11.7	17.4	0	4.5	63	
8	1999.09.22	15.2	13.5	16.1	1.8	2.3	71	
8	1999.09.23	15.9	11.2	21.7	0.4	1.6	79	
8	1999.09.24	16.9	14.5	20.2	4.4	2.8	79	
8	1999.09.25	15.7	11.2	21.7	0.9	2.8	80	
8	1999.09.26	14.6	11.2	17.9	0	1.6	86	
8	1999.09.27	14.2	11	18.2	9.7	2.8	85	
8	1999.09.28	13.8	8.8	20.4	0	2.9	79	
8	1999.09.29	13.8	9.9	19.5	0.3	2.1	83	
8	1999.09.30	13	9.2	17	5.7	3.4	88	
8	1999.10.01	14.6	11.5	15.9	4.7	4.9	86	
8	1999.10.02	13.2	9.2	17.8	0	5.5	74	
8	1999.10.03	15.8	11.9	21.5	0	3.5	73	
8	1999.10.04	12.4	8.2	15.9	4.6	2.5	90	
8	1999.10.05	9.2	8.7	10	3.4	1.9	95	
8	1999.10.06	9.4	8.9	10.2	8.3	3.3	96	
8	1999.10.07	10.3	9.2	11.7	0.2	3.8	89	
8	1999.10.08	8.3	6	10.7	0.1	3	90	
8	1999.10.09	9	8.2	10.5	8.6	4.1	91	
8	1999.10.10	7.2	5.4	9.7	7.6	6	83	
8	1999.10.11	6.9	4.4	10.5	3.9	3.9	92	
8	1999.10.12	8.2	6.5	9.8	0.5	5.8	85	
8	1999.10.13	8.8	4.6	12.6	0.9	5.5	75	
8	1999.10.14	6.5	3.3	10.5	8.3	2.8	85	
8	1999.10.15	5.8	4.6	8	0.1	3.9	83	
8	1999.10.16	4.1	2.9	5.2	0.6	3	86	
8	1999.10.17	4.2	1	5.4	0.2	3.3	85	
8	1999.10.18	2.8	1.7	5.4	0	1.9	83	
8	1999.10.19	2.3	1.3	4.2	0	1.5	77	
8	1999.10.20	1.8	0.5	3	0	1.4	74	
8	1999.10.21	1	-1.4	2.8	0	2.1	70	
8	1999.10.22	0	-3	4.4	0	4	68	
8	1999.10.23	2.3	-1.2	7.5	0	5	70	
8	1999.10.24	4.2	2.6	7	0.3	5.6	74	
8	1999.10.25	7.5	5.5	10.1	0.7	4	85	
8	1999.10.26	10.1	8.2	11.9	3.8	4	89	
8	1999.10.27	10	7	11	7.6	5.4	87	
8	1999.10.28	6.5	2.5	9.2	1.4	3.4	87	
8	1999.10.29	8.6	6.6	9.6	0	3.9	81	
8	1999.10.30	6.3	2	9	0	3.1	84	
8	1999.10.31	3.8	0	10.4	0	2.4	92	
8	1999.11.01	9.2	5.5	12	0.9	4	82	
8	1999.11.02	8.8	6.8	11.9	0.8	4.1	83	
8	1999.11.03	8.7	6.1	10.8	5.9	3	85	
8	1999.11.04	7.1	5.6	9	0.7	3	90	
8	1999.11.05	6.1	3.7	6.9	0	3	88	
8	1999.11.06	2.7	1.4	3.9	0	3.8	91	
8	1999.11.07	4.7	4.1	5.6	0	2.5	88	
8	1999.11.08	3.8	3	4.2	0	3.6	86	
8	1999.11.09	1.3	-1.8	2.6	0	4	82	
8	1999.11.10	-2.9	-4.9	-2.1	0	1.9	72	
8	1999.11.11	-1.9	-7.8	4.8	0	1.8	86	
8	1999.11.12	6.1	5.2	7.6	0	3.6	92	
8	1999.11.13	5.8	3.8	7.3	0.1	4.1	92	
8	1999.11.14	2.1	-1	3.2	16.2	4.3	91	
8	1999.11.15	-1.7	-3.2	-0.8	0.7	3	84	
8	1999.11.16	-4	-6.7	-0.9	0	2.6	90	
8	1999.11.17	-5.3	-6.9	-3.7	0.3	4.1	82	
8	1999.11.18	-3.2	-3.8	-2.5	0.6	2.6	90	
8	1999.11.19	-3.9	-4.7	-3.4	5.4	2.4	89	
8	1999.11.20	-5.6	-8	-4.2	3.4	3.9	88	
8	1999.11.21	-6.2	-7.7	-2.7	1.4	2.5	89	
8	1999.11.22	-2.7	-3.4	-2	0.2	2.6	88	
8	1999.11.23	-1.9	-3	0.3	10	3.3	95	
8	1999.11.24	-1.5	-7.1	0.6	0.6	3.4	86	
8	1999.11.25	-8.2	-9.9	-5.4	0	2.6	85	
8	1999.11.26	-0.1	-2.7	2.3	2	4.3	95	
8	1999.11.27	1.9	0.7	2.6	0.1	3.4	96	
8	1999.11.28	2.7	1.7	4.5	0	3.6	93	
8	1999.11.29	2.2	0.9	3	0	5.5	87	
8	1999.11.30	3.2	2	4.5	0.3	4.4	90	
8	1999.12.01	4.7	1.7	7	3.4	9.3	85	
8	1999.12.02	2.5	0.7	3.4	6.8	6.6	84	
8	1999.12.03	2	1.7	2.7	2.2	5.4	87	
8	1999.12.04	3.7	1.6	5.1	4.7	12.9	72	
8	1999.12.05	0.8	-1.2	1.9	0	3.3	88	
8	1999.12.06	-0.6	-2.6	0.3	0.3	2.8	92	
8	1999.12.07	1.7	-0.7	5.5	10.4	8.3	92	
8	1999.12.08	4.5	3.1	5.6	8.9	6.3	90	
8	1999.12.09	3.5	2.1	4.7	0.1	5.1	82	
8	1999.12.10	4.2	2.3	4.7	0.6	4.4	86	
8	1999.12.11	1.7	0.4	2.3	0	2.4	94	
8	1999.12.12	4.4	2.8	7	2.3	5.1	92	
8	1999.12.13	6.1	2.8	6.8	0.8	4.5	84	
8	1999.12.14	-0.2	-2.2	2.4	0	2.3	92	
8	1999.12.15	0.6	-0.1	1.3	0.6	3.3	88	
8	1999.12.16	0.4	-1.8	0.9	1.4	3.5	92	
8	1999.12.17	-2.7	-5.3	-0.9	0	5.4	81	
8	1999.12.18	-0.1	-1.4	1.1	0.9	7	78	
8	1999.12.19	-1.4	-2.9	-0.8	0	6.5	76	
8	1999.12.20	-1.5	-3.4	-0.6	0.5	5	87	
8	1999.12.21	-2.7	-4.4	-1.5	0	2.1	90	
8	1999.12.22	-5.1	-6.5	-2.6	0	2.4	95	
8	1999.12.23	-6.1	-7	-4.9	0	4.5	87	
8	1999.12.24	-7.3	-9.7	-5.5	0	5	69	
8	1999.12.25	-6.2	-7.6	-3.1	0	6.1	55	
8	1999.12.26	-4.7	-5.4	-3.5	6.3	4.3	92	
8	1999.12.27	-3.5	-5.1	-2.6	4.3	3.4	92	
8	1999.12.28	-4.6	-7.1	-3.8	2.8	1.3	95	
8	1999.12.29	-4	-5.4	-2.5	0	0.6	96	
8	1999.12.30	-2.6	-4.3	-0.7	0.8	2.3	94	
8	1999.12.31	-2.1	-3.2	-1.1	0.6	3.9	92	
8	2000.01.01	-1.7	-2	-1.3	0.8	1.1	93	
8	2000.01.02	-2.8	-4.8	-1.4	0.9	2.5	93	
8	2000.01.03	0.1	-3.4	2.6	0.3	4.1	89	
8	2000.01.04	1.8	1.2	3.2	2.5	4.3	92	
8	2000.01.05	0.7	0.2	1.4	4.4	2.8	92	
8	2000.01.06	-0.5	-1.5	0	0	3	92	
8	2000.01.07	-0.5	-1.2	0.3	0	4.9	89	
8	2000.01.08	1.1	0.4	2	0	4.1	94	
8	2000.01.09	1.3	0.8	1.7	0.5	3.5	93	
8	2000.01.10	1.2	0.7	2.1	0.4	2.1	96	
8	2000.01.11	1	-0.4	1.8	0	3.1	87	
8	2000.01.12	-1.3	-2.7	0.8	0	4	84	
8	2000.01.13	-3.1	-5.1	-1.9	0	5	80	
8	2000.01.14	-6.3	-7.9	-4.3	0	2.4	89	
8	2000.01.15	-5.5	-6.4	-3.5	0.5	1.6	92	
8	2000.01.16	-2.7	-4.2	-0.7	1	3.5	93	
8	2000.01.17	0.7	-1.3	2.8	4.6	7	88	
8	2000.01.18	-0.6	-3	0.8	1.4	6.9	88	
8	2000.01.19	-4.7	-6.4	-3.3	0.3	5.9	76	
8	2000.01.20	-2.9	-5.7	0.7	5.4	4.5	89	
8	2000.01.21	-6.2	-9.4	-4.4	0.8	4.3	81	
8	2000.01.22	-9.5	-15.4	-6	0.2	3.3	78	
8	2000.01.23	-14.9	-18.1	-7.7	0	1.5	85	
8	2000.01.24	-15.8	-19.4	-10.4	0.4	1.9	90	
8	2000.01.25	-9.9	-15.2	-2.8	4.4	2.9	93	
8	2000.01.26	-0.8	-2.6	1.1	3.7	2.9	91	
8	2000.01.27	1.3	1	1.7	0	4.5	89	
8	2000.01.28	1.4	0.7	2	4.4	5.9	91	
8	2000.01.29	0.3	-0.6	0.9	1.9	6.5	91	
8	2000.01.30	1.9	0.6	2.9	5.3	7.1	87	
8	2000.01.31	-1	-5.4	0.1	10.7	4.3	87	
8	2000.02.01	-1.8	-7.9	2.2	0.1	3.9	91	
8	2000.02.02	3.4	2	4.2	1.9	5.3	90	
8	2000.02.03	0.2	-3.1	1.7	8.7	6.3	89	
8	2000.02.04	-1	-3.4	1	0.4	5.9	80	
8	2000.02.05	2.7	-0.4	4.4	3.6	5.1	90	
8	2000.02.06	3.3	1.2	5.6	1.7	3	94	
8	2000.02.07	4.5	3.4	6.2	0	3.6	89	
8	2000.02.08	3.7	1.7	4.7	3.2	4.6	89	
8	2000.02.09	3.1	1.4	4	6	3.9	92	
8	2000.02.10	2.2	1.6	2.9	1.6	3.4	88	
8	2000.02.11	1.7	0.8	3.7	0.9	4.1	88	
8	2000.02.12	2.4	1.2	3.5	0	3.6	80	
8	2000.02.13	1.3	-0.2	2.2	0.4	4.1	82	
8	2000.02.14	0.6	0	1.7	0.6	4.3	87	
8	2000.02.15	0	-0.6	0.6	0.3	3.9	81	
8	2000.02.16	0.6	-0.1	2.6	3.4	3.9	93	
8	2000.02.17	1.6	-0.5	2.7	0.3	3	83	
8	2000.02.18	-0.4	-1.2	0.3	2.9	1.3	95	
8	2000.02.19	-1.5	-3.2	-0.5	0	2.5	86	
8	2000.02.20	-3.1	-5.5	-0.4	0	3.6	82	
8	2000.02.21	-3	-4.4	-1.6	0.2	3.4	81	
8	2000.02.22	-2.4	-5.3	-0.4	0	2.8	76	
8	2000.02.23	-3.3	-6.1	-1	0.4	1.5	82	
8	2000.02.24	-1.5	-3.6	1.2	0.4	2.8	81	
8	2000.02.25	1.2	-1.9	2.9	1.5	5.4	81	
8	2000.02.26	1.7	1	3.2	1.7	5	86	
8	2000.02.27	2.2	0.4	5.2	0.1	2.5	85	
8	2000.02.28	4.4	1.3	8.3	0	7.5	63	
8	2000.02.29	5.8	3.5	8.2	0	5.6	60	
8	2000.03.01	5.1	2.2	8	2.5	5.4	77	
8	2000.03.02	2.7	-1.1	4	4	4.1	83	
8	2000.03.03	0.5	-2.8	4.6	2.1	6.1	79	
8	2000.03.04	2.2	-2.3	4.8	1.9	7.4	73	
8	2000.03.05	-1.8	-4.7	0.4	0.4	4.9	79	
8	2000.03.06	-1	-3.5	2.2	1.1	5.4	82	
8	2000.03.07	4.7	2.2	8.4	4.7	8.4	85	
8	2000.03.08	2.9	1.5	4.7	0.5	4.4	80	
8	2000.03.09	4	-1.8	5.8	4.4	6.8	87	
8	2000.03.10	-1.4	-2.6	0.4	3.7	5.4	78	
8	2000.03.11	-1.6	-5.3	1.9	1.4	2.5	75	
8	2000.03.12	-3.8	-7.8	-0.5	0	2.9	73	
8	2000.03.13	-1.7	-5.2	1.7	0	3.3	80	
8	2000.03.14	3.2	1	5.4	0.9	5.9	79	
8	2000.03.15	2.5	0	5	7.7	5.3	86	
8	2000.03.16	0.2	-1.2	2.7	2.7	5.5	79	
8	2000.03.17	-0.9	-2	0.5	2.4	4.9	82	
8	2000.03.18	-1.3	-2.1	0.3	1	2.6	88	
8	2000.03.19	-0.2	-1.8	2.5	0.9	3	82	
8	2000.03.20	0.6	-3.5	5.7	0	2.6	69	
8	2000.03.21	1.4	-1.2	3.4	0	3.4	86	
8	2000.03.22	3.7	0.2	7.4	0	3.8	90	
8	2000.03.23	5.2	1.2	8.6	0.4	4.4	75	
8	2000.03.24	1.8	-2	6.3	0	4.9	62	
8	2000.03.25	2.2	-3.9	7.9	0	2	65	
8	2000.03.26	3	1.7	5.4	0	1.9	64	
8	2000.03.27	5.8	2.4	10.5	0	2.8	69	
8	2000.03.28	3.5	2.5	4.4	5	3.9	83	
8	2000.03.29	4.2	1.5	8.5	0	3.1	82	
8	2000.03.30	4.2	-1	10.1	0	3.8	75	
8	2000.03.31	5.5	3.2	8.9	0.3	2.9	87	
8	2000.04.01	4.7	2.9	5.9	0.4	2.6	92	
8	2000.04.02	4.8	0	9.5	0	1.9	81	
8	2000.04.03	7.5	4.2	12.1	0	1	68	
8	2000.04.04	8.3	5	11.7	0	5.3	64	
8	2000.04.05	11.7	7.1	16.4	0.1	3.4	76	
8	2000.04.06	4	0.8	5.8	3.5	8.5	61	
8	2000.04.07	3.5	-0.8	7.5	0	6	42	
8	2000.04.08	2.2	-1	5.3	0	4.6	60	
8	2000.04.09	3	1.6	4.7	0	2.9	67	
8	2000.04.10	4.7	0.4	9.5	0	1.9	62	
8	2000.04.11	6.4	2.8	10.5	0	3.3	59	
8	2000.04.12	9.4	3.2	15.3	0	3.4	59	
8	2000.04.13	11.2	6.9	14.4	0.2	5	56	
8	2000.04.14	9.4	6.2	13.6	1.2	4.4	70	
8	2000.04.15	7.8	3.8	12.2	21.1	2.5	78	
8	2000.04.16	11.1	5.2	17.9	0.1	3.5	75	
8	2000.04.17	11.1	5.6	16	0.1	2.6	67	
8	2000.04.18	13.5	6.2	21.1	0	2.1	60	
8	2000.04.19	14.9	7.6	22.6	0	1.9	64	
8	2000.04.20	17.8	10.9	23.5	0	1.5	53	
8	2000.04.21	16.3	8.9	22.8	0	1	64	
8	2000.04.22	17	9	24.5	0	1.4	64	
8	2000.04.23	18	9.6	25.2	0	1	62	
8	2000.04.24	18.7	13.7	24.9	0	2.8	55	
8	2000.04.25	16.7	12.2	21.3	0	3.5	67	
8	2000.04.26	15.8	8.7	22.2	0	1.1	69	
8	2000.04.27	16.9	7.8	23.9	0	1.1	69	
8	2000.04.28	18.9	10	26.4	0	1.5	60	
8	2000.04.29	20.1	12.8	26.4	0	1	54	
8	2000.04.30	19	10.9	26	0	2	58	
8	2000.05.01	12.7	5.6	14.2	0	4	50	
8	2000.05.02	6.1	0	11	0	2.5	44	
8	2000.05.03	7.3	-3.1	16	0	1.4	49	
8	2000.05.04	11.2	3.6	18.1	0	2.3	50	
8	2000.05.05	11	2.1	17.2	0	1.4	59	
8	2000.05.06	11.3	3.8	18	0	2.3	60	
8	2000.05.07	10.8	2.7	16.4	0	2.3	46	
8	2000.05.08	12.6	2.5	21.4	0	1.4	51	
8	2000.05.09	13.9	3.3	21.7	0	1.4	52	
8	2000.05.10	14.6	5.1	21.6	0	1.4	55	
8	2000.05.11	14.6	4.9	22.9	0	3	56	
8	2000.05.12	7.1	2.5	10	0	6.1	34	
8	2000.05.13	7.8	0	16.2	0	5.4	50	
8	2000.05.14	12.8	7	18.2	0	4.6	60	
8	2000.05.15	16.8	8.5	25	0	3.6	52	
8	2000.05.16	15.8	6.9	22	0	2.1	54	
8	2000.05.17	17.8	7.9	26.6	0	1	54	
8	2000.05.18	19.1	10.5	26.4	5.1	2	57	
8	2000.05.19	16.7	12	24	6.4	2	78	
8	2000.05.20	11.6	9.1	13.4	3.3	2.9	85	
8	2000.05.21	11.2	5.7	15.1	0	2.3	79	
8	2000.05.22	14.3	9.3	18.8	0	2.5	67	
8	2000.05.23	13	5.8	18.8	0	2.4	66	
8	2000.05.24	13.4	5.2	19.4	0	2.1	62	
8	2000.05.25	17.6	12	23	0	2.9	56	
8	2000.05.26	16.8	9.9	19.4	0.1	4.1	57	
8	2000.05.27	16.4	6.1	26.2	0	2.9	60	
8	2000.05.28	19.3	12.8	24.4	0	2.8	70	
8	2000.05.29	16.9	10.5	20.8	5.5	3.6	77	
8	2000.05.30	11.4	7.2	14.4	4.3	2.1	83	
8	2000.05.31	11.2	4.5	16.6	0	1.3	70	
8	2000.06.01	13.1	8.9	17.5	0	2.9	59	
8	2000.06.02	14.2	5.3	20.7	0	2.9	66	
8	2000.06.03	18.4	11.5	22.6	0	4.3	65	
8	2000.06.04	14.4	5.9	21.2	0	1.8	56	
8	2000.06.05	16.1	10	21.4	0	2.4	68	
8	2000.06.06	16.4	12.3	21.3	15.1	2.1	73	
8	2000.06.07	14.3	9.8	17.1	1.1	2.6	83	
8	2000.06.08	11.9	9	15	0.7	5.9	73	
8	2000.06.09	14.6	8.1	20.7	0	2.9	75	
8	2000.06.10	17	8.4	23.7	0	1.3	66	
8	2000.06.11	21.7	13.7	28.9	0	3.5	52	
8	2000.06.12	19.8	13.5	23.2	0.5	4.1	73	
8	2000.06.13	17.8	10.7	24.3	0	3.4	71	
8	2000.06.14	19.4	14.8	23.6	0	3	63	
8	2000.06.15	14.9	9.9	18.3	0	3	56	
8	2000.06.16	11	7.5	14.6	2.2	4	73	
8	2000.06.17	10.9	6.8	15.8	1.5	4.5	65	
8	2000.06.18	10.6	5	14.7	0.5	3.9	57	
8	2000.06.19	12.6	4.6	19.3	0	1.6	61	
8	2000.06.20	18	7.3	28	0	1.9	59	
8	2000.06.21	22.2	15.6	28.2	0	2.3	60	
8	2000.06.22	22.4	14.8	29.8	0	1.8	59	
8	2000.06.23	22	15.1	26.1	0	2.4	67	
8	2000.06.24	18.5	14.1	23.8	7.2	2.1	71	
8	2000.06.25	18	15.1	20.4	6.3	2.4	76	
8	2000.06.26	15.1	12	18.9	2.6	2.5	76	
8	2000.06.27	12.6	10.9	15.2	0.1	3.8	74	
8	2000.06.28	13.4	10.2	18	7.7	3.5	74	
8	2000.06.29	13.2	8.6	17	0	3.5	66	
8	2000.06.30	13.4	10.7	16.1	0.8	3.4	75	
8	2000.07.01	11.7	8.7	14.8	1.3	3.4	82	
8	2000.07.02	13.3	11.3	16	0.8	5.4	80	
8	2000.07.03	15.4	10.1	19.7	0	4.3	70	
8	2000.07.04	17.4	10.9	23.2	0	2	70	
8	2000.07.05	17.7	12.4	21.5	1.3	1.6	72	
8	2000.07.06	16.9	15.4	20.8	11.7	2.1	91	
8	2000.07.07	16.8	12.6	19.4	0	3.6	77	
8	2000.07.08	15.3	10.1	20.4	0	1.6	71	
8	2000.07.09	12.5	10.5	13.6	5.6	2.6	86	
8	2000.07.10	15.3	7.1	21.7	0	1.1	66	
8	2000.07.11	21	14.7	27.3	0.3	3.5	57	
8	2000.07.12	18.4	13.4	20.6	13.3	4.1	75	
8	2000.07.13	15.4	12.6	18.2	5.2	4	80	
8	2000.07.14	14.5	8.4	18.2	0	2.3	66	
8	2000.07.15	13.9	11.5	17.1	9.1	4.3	79	
8	2000.07.16	16.2	10.4	22.9	3.3	1.4	79	
8	2000.07.17	16.5	14.7	18.7	9.1	2.4	91	
8	2000.07.18	16.3	13.7	19.9	4.6	5.4	81	
8	2000.07.19	14.3	12.6	16.2	0.3	4.1	82	
8	2000.07.20	14.6	9	19.3	0	2.3	74	
8	2000.07.21	16.7	13.3	20.2	0	1.6	75	
8	2000.07.22	16.5	10	21.6	0	1.3	75	
8	2000.07.23	18.2	12.4	22.9	0.4	1.3	77	
8	2000.07.24	16.9	14	21.8	11.5	1.6	86	
8	2000.07.25	18.2	15.2	22.4	0	3.3	78	
8	2000.07.26	17.5	13.3	21	0.1	2.4	84	
8	2000.07.27	17.1	13.7	20	0	3.4	85	
8	2000.07.28	16.6	14.7	18.8	0.3	3.5	83	
8	2000.07.29	16.1	11.7	22	9.5	1.8	87	
8	2000.07.30	16.3	14.4	18.6	10	3.9	93	
8	2000.07.31	16.1	11.1	20.6	0	3.5	82	
8	2000.08.01	15.7	10.9	18.8	0	2.5	79	
8	2000.08.02	17.6	11.6	24.2	0.1	2.6	76	
8	2000.08.03	18.9	14.1	23	8.7	4.6	72	
8	2000.08.04	16	10.2	21.3	6.4	1.6	80	
8	2000.08.05	17.7	12.3	22.4	0	1.8	76	
8	2000.08.06	17.8	10.2	24.9	0	1.4	74	
8	2000.08.07	17.7	12.6	22.2	2.6	1.6	83	
8	2000.08.08	13.9	9.7	17.6	0	3.5	70	
8	2000.08.09	13.3	7.2	18.5	0	2.9	74	
8	2000.08.10	14.4	8	19.6	0	1.8	73	
8	2000.08.11	14.2	10.6	17	9.5	1.5	86	
8	2000.08.12	17.3	14.1	22.5	0.4	2.4	84	
8	2000.08.13	16.7	14.3	19.9	0	1.9	78	
8	2000.08.14	16.8	13.7	21.1	0	1.4	83	
8	2000.08.15	18.7	10.8	25.7	0	1.9	73	
8	2000.08.16	18.1	14.8	20.3	6.5	2.8	84	
8	2000.08.17	17.3	13.7	24.3	7.7	2.6	85	
8	2000.08.18	18.1	12.3	23.6	0	2.4	83	
8	2000.08.19	19.7	14.5	25.5	0	1.8	78	
8	2000.08.20	19.4	14.5	25.9	2.5	1.4	85	
8	2000.08.21	19.1	17.2	21.8	0	2.3	83	
8	2000.08.22	16.2	11.1	17.7	8.8	2.1	89	
8	2000.08.23	13.9	10	18	0	3.6	77	
8	2000.08.24	12.7	8.4	17.5	0.1	3.4	79	
8	2000.08.25	11.8	10.4	13.5	10	2.5	91	
8	2000.08.26	14.4	11.7	18.9	0	3.3	80	
8	2000.08.27	14.5	8.7	20	0	2.4	73	
8	2000.08.28	15.4	8.1	21.5	0	1.9	69	
8	2000.08.29	15.8	9.1	22	0	1	67	
8	2000.08.30	15.4	8	20.8	0	0.6	68	
8	2000.08.31	16.3	11.5	19.8	1.5	0.9	77	
8	2000.09.01	14.7	10.6	19.4	3.2	1.4	78	
8	2000.09.02	14.2	6.6	20.2	0	1.6	75	
8	2000.09.03	14.5	11.9	17.5	2.2	2.4	86	
8	2000.09.04	12.9	10	17.9	1.9	2.3	89	
8	2000.09.05	12.2	10.6	13.4	1.4	4.8	82	
8	2000.09.06	10.7	5.3	13.6	1.9	3.1	77	
8	2000.09.07	8.6	1.5	14.7	0	2	74	
8	2000.09.08	9.6	2.4	16.2	0	1.4	75	
8	2000.09.09	15.1	12.8	17.9	1.1	3	84	
8	2000.09.10	14.5	10.7	18.7	1.2	2.6	82	
8	2000.09.11	13	8.7	17.9	0	3	76	
8	2000.09.12	10.9	6.3	15.5	0	1.9	75	
8	2000.09.13	8.9	5	12.1	2.2	1.3	86	
8	2000.09.14	10	7.8	11.3	10.8	2.9	92	
8	2000.09.15	8.6	3.5	14.1	0	2	82	
8	2000.09.16	7.4	0.6	12.8	0	1.3	74	
8	2000.09.17	7.5	2.9	12.3	0	3.5	62	
8	2000.09.18	7.5	2.7	10.9	0	3.6	68	
8	2000.09.19	8.3	7	9	0	3.1	77	
8	2000.09.20	9.2	7.8	11.3	0	2.3	84	
8	2000.09.21	10.4	6	15.9	0	2.1	75	
8	2000.09.22	8.4	1.8	12.2	0	2.6	73	
8	2000.09.23	5.9	-0.4	12.9	0	1.6	66	
8	2000.09.24	6.1	-1.5	13.8	0	1	68	
8	2000.09.25	6.5	-0.8	14.2	0	0.8	72	
8	2000.09.26	6.6	-0.1	14.8	0	0.8	74	
8	2000.09.27	8.2	2.2	16.1	0	1.1	76	
8	2000.09.28	9.2	3.2	16	0	1.8	74	
8	2000.09.29	11.5	7.3	17	0	3.1	64	
8	2000.09.30	11.5	6.6	16.7	0	4.1	62	
8	2000.10.01	14.1	9	19.9	0	5	56	
8	2000.10.02	14.1	11.2	17	0	4.6	58	
8	2000.10.03	15	10.8	19.7	0	1.8	75	
8	2000.10.04	14.4	9.8	18.9	0	1.1	78	
8	2000.10.05	13.6	7.4	21.4	0	1	80	
8	2000.10.06	14.5	10.5	19	0	2.8	64	
8	2000.10.07	12.7	6.2	19.5	0	2.3	65	
8	2000.10.08	13.7	10.3	18.4	0	3.4	58	
8	2000.10.09	9.4	4.3	13.8	0	4	63	
8	2000.10.10	5	1	9.5	0	4.4	68	
8	2000.10.11	6.9	4	9.8	0	5	74	
8	2000.10.12	11.3	9.4	13.6	0.4	5.8	80	
8	2000.10.13	13.9	11	17.4	0	4	80	
8	2000.10.14	13.3	10.5	16.3	0	3.8	86	
8	2000.10.15	9.7	6.8	12.1	0	1.9	90	
8	2000.10.16	9.2	5.3	15.1	0	2.9	78	
8	2000.10.17	10.1	5.9	15.8	0	3.6	64	
8	2000.10.18	8.6	4.9	13.6	0	3.1	70	
8	2000.10.19	6.2	3.3	10	0	3.1	68	
8	2000.10.20	4.8	0.9	10	0	3.5	66	
8	2000.10.21	5.1	-1.6	11.4	0	2.6	71	
8	2000.10.22	6.2	0.5	12.6	0	3.8	72	
8	2000.10.23	6.8	3.7	10.3	0	1.8	86	
8	2000.10.24	7.8	3	13.2	0.6	4.1	77	
8	2000.10.25	10	8.5	11.3	0.1	5.5	81	
8	2000.10.26	11.3	8	12.8	0.6	4.5	74	
8	2000.10.27	8.1	7.4	9.4	0.4	4.8	82	
8	2000.10.28	7.7	5.2	9.9	0	3.1	85	
8	2000.10.29	9.8	9.1	11.5	0.3	3.8	84	
8	2000.10.30	10.5	6.8	13.6	0	4.3	75	
8	2000.10.31	11.3	8.8	13.9	0	4.4	72	
8	2000.11.01	10.2	8.2	12.2	12.2	2.8	88	
8	2000.11.02	7.4	5.2	8.5	5.9	3.3	92	
8	2000.11.03	6.3	4.4	8.3	0	3.1	91	
8	2000.11.04	9	7.6	11.1	0	5.3	83	
8	2000.11.05	8.4	6.2	10.4	16.7	4	91	
8	2000.11.06	5.2	4.4	5.9	0	3.8	89	
8	2000.11.07	8.1	6.6	9.8	0	5.9	85	
8	2000.11.08	9.4	8.3	11.1	11.4	4.5	91	
8	2000.11.09	8.8	8.2	10.1	22.8	3.3	91	
8	2000.11.10	6.7	3.2	7.8	7.7	2.9	92	
8	2000.11.11	4.1	2.3	6	0	3.8	91	
8	2000.11.12	4.5	2	6.7	0	3.4	86	
8	2000.11.13	4.6	3.1	6.2	0	4	81	
8	2000.11.14	4.1	2.6	5	0	3.4	90	
8	2000.11.15	5.6	3.5	7.8	0.2	1.9	95	
8	2000.11.16	6.7	5.7	7.2	10.3	1.8	95	
8	2000.11.17	3.8	2.2	5.5	0	2.4	96	
8	2000.11.18	7	5.7	8.4	0.3	4.1	88	
8	2000.11.19	4.1	1.7	6.7	0.4	2.8	92	
8	2000.11.20	7.7	6.4	8.8	0	3.5	86	
8	2000.11.21	5.8	5.1	6.4	0	3.1	97	
8	2000.11.22	6.6	6.2	7.2	0	4.5	87	
8	2000.11.23	7.3	5.7	7.7	0	4.5	82	
8	2000.11.24	4.2	2.5	4.8	0	5.1	85	
8	2000.11.25	1.1	-0.7	2.2	0	5.3	90	
8	2000.11.26	-0.9	-1.2	-0.5	0	5.1	87	
8	2000.11.27	-1.2	-1.8	0	2.2	4.6	86	
8	2000.11.28	0	-1	1.7	0.9	2.9	98	
8	2000.11.29	1.6	0.2	5	2.1	4.1	98	
8	2000.11.30	6.5	4.7	8.2	0	3.9	93	
8	2000.12.01	5.3	2.7	7.3	0	2.8	92	
8	2000.12.02	4.6	1.8	5.9	0	2.9	97	
8	2000.12.03	0.7	-0.6	2	0.4	1.9	97	
8	2000.12.04	3.8	2.2	5.9	5.6	2.6	96	
8	2000.12.05	3.6	1.2	5	0	2.5	87	
8	2000.12.06	3.6	2.7	4.6	0	2.3	89	
8	2000.12.07	2.3	1	3	0	4.8	96	
8	2000.12.08	3.4	3	3.9	0	4.6	85	
8	2000.12.09	5.7	4.5	6.8	0.9	2.9	92	
8	2000.12.10	6.3	5.1	6.7	0	2.3	94	
8	2000.12.11	4.4	3.2	6.2	0.1	3.1	98	
8	2000.12.12	7.3	6.5	8.5	0.5	4.1	95	
8	2000.12.13	7.6	6.5	9.8	4.6	3.3	96	
8	2000.12.14	5.2	1.7	6.8	3.1	3.9	91	
8	2000.12.15	1.9	0.8	3.4	4	2.8	97	
8	2000.12.16	2.5	0.8	3.4	1.2	2.6	95	
8	2000.12.17	0.9	0.5	1.4	1	2	93	
8	2000.12.18	0.3	-1.7	1.2	0.9	3.6	92	
8	2000.12.19	-3	-5.2	-2.1	0	3.5	72	
8	2000.12.20	-4	-5.1	-3.2	0	2.9	74	
8	2000.12.21	-3.6	-5.8	-2	0.8	2.1	82	
8	2000.12.22	-1.6	-3.4	0	0	2.9	88	
8	2000.12.23	-4.1	-5.2	-3	0	4.8	80	
8	2000.12.24	-2.1	-2.6	-1.1	0.5	3.1	90	
8	2000.12.25	-3	-4.2	-2.7	2.3	1.8	94	
8	2000.12.26	-3.9	-5.1	-2.7	0.2	2.8	87	
8	2000.12.27	-3.9	-4.2	-3.2	0	3.4	83	
8	2000.12.28	-4.1	-4.6	-2.2	0.7	3.9	92	
8	2000.12.29	-1.1	-3.2	0.8	1.3	1.8	91	
8	2000.12.30	-2.2	-4.4	0.8	0.3	2.9	93	
8	2000.12.31	0.5	-0.6	0.8	3.4	4.3	96	
8	2001.01.01	-0.3	-1.8	0.3	17.1	7	96	
8	2001.01.02	-3.9	-5.5	-1.9	1.6	4.3	89	
8	2001.01.03	-0.2	-1.2	0.6	0.2	2.9	95	
8	2001.01.04	0.5	0.4	0.6	6.6	1.6	99	
8	2001.01.05	0.6	0.3	0.9	0	2.3	96	
8	2001.01.06	1.4	0.5	3.6	2.2	4.3	95	
8	2001.01.07	2.3	0.9	3.3	0.1	3.5	94	
8	2001.01.08	0.2	-0.7	0.8	2.1	1.6	98	
8	2001.01.09	0.5	-0.8	1	0.3	1.9	95	
8	2001.01.10	0.5	-0.5	1.7	1	4.4	91	
8	2001.01.11	-0.4	-1.7	0.5	0.9	5.5	80	
8	2001.01.12	-3.3	-5.2	-2	2.4	5.1	76	
8	2001.01.13	-4.2	-6.6	-2	0	2.1	85	
8	2001.01.14	-0.8	-3.6	1.4	0.9	2.4	93	
8	2001.01.15	1.4	1	2	0	2.5	88	
8	2001.01.16	-0.4	-1.1	0.5	0	2.4	85	
8	2001.01.17	-1.8	-2.8	-1.4	0	1.3	84	
8	2001.01.18	-3	-3.4	-2.7	0	2.3	71	
8	2001.01.19	-2.9	-3.4	-2.6	0	4.3	76	
8	2001.01.20	-2.7	-3.4	-2.4	0	1.9	68	
8	2001.01.21	-3.9	-4.9	-3.4	0	2.1	67	
8	2001.01.22	-6	-7.2	-4.5	0	4.1	65	
8	2001.01.23	-5.9	-6.9	-4.4	0	6.1	65	
8	2001.01.24	-4.9	-6.7	-2.4	0	6	66	
8	2001.01.25	-3	-5	0.6	2.4	5	74	
8	2001.01.26	0.7	0	2.1	1.7	3.3	96	
8	2001.01.27	1.3	0.5	1.5	0	3	95	
8	2001.01.28	0.6	0.3	1.2	4.4	2.6	95	
8	2001.01.29	0	-2.7	2.3	0	1.9	89	
8	2001.01.30	0.5	-0.4	1.6	0	1.9	92	
8	2001.01.31	-0.9	-2.7	0.1	0	2	86	
8	2001.02.01	-4.3	-6	-2.2	0.2	3.8	79	
8	2001.02.02	-5.7	-6.6	-4.7	0.4	2.9	87	
8	2001.02.03	-10.1	-16.6	-7.7	1.3	1.8	86	
8	2001.02.04	-16.6	-20.4	-13	0	0.8	87	
8	2001.02.05	-14.3	-22.4	-5.6	3.6	2.6	82	
8	2001.02.06	-1.3	-5	3.1	2.1	3.1	96	
8	2001.02.07	4.1	3.4	5.3	0	3.8	92	
8	2001.02.08	3.6	2.5	4.8	0	2.9	92	
8	2001.02.09	3.5	1.2	8	0	2	93	
8	2001.02.10	0.7	-3.5	2.6	0	2.9	88	
8	2001.02.11	-2.8	-7.5	1.1	0	2.3	72	
8	2001.02.12	2.6	0.4	5.9	1.4	5.5	85	
8	2001.02.13	4.3	1.4	6.2	1.4	4.4	87	
8	2001.02.14	1.4	0.2	3	0.1	3.4	86	
8	2001.02.15	1.3	0.1	2.9	0	4	87	
8	2001.02.16	1.2	-0.9	3.7	0	1.9	84	
8	2001.02.17	-1.4	-3.2	0.5	0	2.5	92	
8	2001.02.18	0	-1.2	0.7	3.7	7.1	73	
8	2001.02.19	-1.9	-6	0.1	0.3	3.8	82	
8	2001.02.20	-1.6	-4.3	1.4	1.2	2	95	
8	2001.02.21	0.3	-0.4	0.9	7.3	6	88	
8	2001.02.22	-1	-2.9	0.3	1.4	4.5	76	
8	2001.02.23	-6	-10.6	-3	1.5	3	85	
8	2001.02.24	-10.2	-11.6	-7.4	0.4	2.6	70	
8	2001.02.25	-8.4	-10.8	-3.5	0	2.6	77	
8	2001.02.26	-6.1	-9	-1.8	0	4.4	66	
8	2001.02.27	-6.5	-12.4	-3.7	1.7	2.8	82	
8	2001.02.28	-7.9	-15.1	0.3	0	3	77	
8	2001.03.01	-3.4	-7.4	0.3	0	3.6	75	
8	2001.03.02	0.1	-1.3	1.9	4.8	2.5	93	
8	2001.03.03	0.1	-1.4	3.2	0	2.6	85	
8	2001.03.04	-1.2	-2.4	-0.1	0.5	2.3	91	
8	2001.03.05	-1.6	-4.4	-0.2	8.5	4	80	
8	2001.03.06	-2	-7	2	0	4	58	
8	2001.03.07	-1.8	-5.8	2.1	0	3.6	70	
8	2001.03.08	-1.4	-8	4.3	0	2.1	82	
8	2001.03.09	1	-1.7	4.2	0	4.6	60	
8	2001.03.10	4.8	3	8.5	0	3.3	86	
8	2001.03.11	5.8	3.8	8.8	5.6	2.9	96	
8	2001.03.12	7.4	4.8	12.3	0	2.8	91	
8	2001.03.13	7.5	3.4	8.4	9.5	2.4	93	
8	2001.03.14	4.4	2.6	8.4	3.7	1.9	91	
8	2001.03.15	2.9	1.2	5.4	1.1	3.3	87	
8	2001.03.16	3.1	0.8	6.1	0	2.9	82	
8	2001.03.17	0.9	-1.8	2.3	2.1	3.5	86	
8	2001.03.18	-0.3	-1.5	0.9	0	2.9	78	
8	2001.03.19	-0.9	-3.1	1.6	0.4	2	72	
8	2001.03.20	-1	-3.8	0.5	17.4	3.1	94	
8	2001.03.21	-4.5	-7.8	-1.8	0.9	3.1	75	
8	2001.03.22	-5.7	-10.9	0.2	0	1.5	75	
8	2001.03.23	-5.8	-9.4	-1.1	0	2	76	
8	2001.03.24	-6.1	-12.2	-0.6	0	1.9	75	
8	2001.03.25	-4.7	-9.4	-0.8	0	3.5	62	
8	2001.03.26	-4.6	-8	-1.7	0	3.5	58	
8	2001.03.27	-5.1	-10.3	-0.1	0	1.8	61	
8	2001.03.28	-4.3	-11.8	3.2	0	1	73	
8	2001.03.29	0.2	-6.2	6.6	0	2.4	59	
8	2001.03.30	2.6	-2.4	8.1	0	4.4	54	
8	2001.03.31	4.7	0.1	10	0	4	64	
8	2001.04.01	7.5	3.2	12.2	0	3.1	70	
8	2001.04.02	8.9	2.6	12.1	0	2.9	70	
8	2001.04.03	8.2	-0.2	16.6	0	2.1	72	
8	2001.04.04	10.5	6	15.5	0	1.6	73	
8	2001.04.05	9.3	6	13.3	0	3.5	68	
8	2001.04.06	6.7	2.6	9.3	3.6	1.5	80	
8	2001.04.07	7.3	-0.6	15.1	0	1.9	70	
8	2001.04.08	11.2	5	17.8	0	2.4	59	
8	2001.04.09	8.9	4.9	10.9	0	3.4	75	
8	2001.04.10	3.9	3.4	4	8.1	3.5	94	
8	2001.04.11	4.1	3.6	4.8	2.5	2.3	96	
8	2001.04.12	4.5	1.1	6.7	2.5	2.8	86	
8	2001.04.13	1.3	-1.1	3.3	1.9	3	86	
8	2001.04.14	-0.4	-1.4	0.3	5.5	4	91	
8	2001.04.15	0.6	-1	3.7	1.1	5.6	73	
8	2001.04.16	3.7	-1	8	0	3.3	65	
8	2001.04.17	6.3	3.4	10.5	0.1	2.3	72	
8	2001.04.18	5.7	2	9.6	0	3	70	
8	2001.04.19	7.2	3.1	10.8	1.2	3	71	
8	2001.04.20	6.6	3.4	11.7	3.4	2	83	
8	2001.04.21	8.7	3.2	16.6	3.8	3.1	83	
8	2001.04.22	10.7	8.8	12.7	0.2	3.4	85	
8	2001.04.23	13.7	11.3	17.6	0	3.4	82	
8	2001.04.24	11.2	9.1	14.8	1.6	3.9	88	
8	2001.04.25	12.8	9.8	18.7	0.5	1.4	80	
8	2001.04.26	13.8	6	20.5	0	2.4	67	
8	2001.04.27	9	8.2	9.8	0.5	4.9	91	
8	2001.04.28	10.1	4	14.8	0	2.8	69	
8	2001.04.29	12	7.7	16.6	0.3	1.6	70	
8	2001.04.30	14.4	6	22.3	0	2.5	64	
8	2001.05.01	19.4	12.3	25.6	0	4.1	50	
8	2001.05.02	14.1	8.2	15.9	0	4.4	58	
8	2001.05.03	12	3	19.4	0	2.3	59	
8	2001.05.04	15.4	8.6	21.9	0	3.8	46	
8	2001.05.05	17.9	10.8	24.6	0	3.6	48	
8	2001.05.06	17.8	13.4	21.7	2.5	1.8	65	
8	2001.05.07	17.2	13.1	22.4	0	3.4	71	
8	2001.05.08	13.4	7.2	18	0	3.8	43	
8	2001.05.09	13.3	5.3	19.7	0	2.1	58	
8	2001.05.10	13.9	8	19.4	0	3.1	55	
8	2001.05.11	10	3.9	14.1	0	4.4	52	
8	2001.05.12	9.5	5.1	13.1	0	3	50	
8	2001.05.13	10	2.7	15.4	0	2	54	
8	2001.05.14	11.4	4.8	17.7	10.3	3.1	69	
8	2001.05.15	16.3	11.6	22.6	0	3.5	65	
8	2001.05.16	16	11.1	21.3	3.4	2.3	71	
8	2001.05.17	17	10.7	24.2	9.6	2.8	75	
8	2001.05.18	16.6	11.3	23.5	26.1	3.1	82	
8	2001.05.19	10.6	7.6	12.7	6.7	5.4	76	
8	2001.05.20	9.8	7.6	12.5	0	4.3	70	
8	2001.05.21	9.2	4.9	11.7	2.4	4.9	73	
8	2001.05.22	7.6	3.4	10.6	0	4.3	66	
8	2001.05.23	9.9	3	17	0	2.3	59	
8	2001.05.24	13.6	6.1	20.5	0	4.4	60	
8	2001.05.25	11	5.1	15.5	0	3.1	56	
8	2001.05.26	8.2	3	13.1	0	2.9	61	
8	2001.05.27	12.5	6.3	18	0	4.1	57	
8	2001.05.28	13.2	9.2	17.4	1.1	4.3	75	
8	2001.05.29	11.9	7.6	13.9	2.3	3.9	79	
8	2001.05.30	9.4	6	12.7	0	3.3	69	
8	2001.05.31	9.5	4.7	13.9	0	2.5	69	
8	2001.06.01	10.2	4.4	15.7	0.1	1.5	64	
8	2001.06.02	8.7	3.7	12	8.8	2.1	87	
8	2001.06.03	12.5	10	15	2	3.5	84	
8	2001.06.04	11.6	6.1	16.4	0	3	72	
8	2001.06.05	12.9	8.7	17.7	0	4	66	
8	2001.06.06	12.7	7.1	18.8	0	2.4	69	
8	2001.06.07	13.9	6.2	19.2	0	1.8	65	
8	2001.06.08	15.3	9.3	20.5	1.7	1.8	75	
8	2001.06.09	11.6	8	13.3	6.9	2.8	88	
8	2001.06.10	11.6	5	17	0	1.5	68	
8	2001.06.11	11.8	8.9	14	2.3	1.6	81	
8	2001.06.12	10.8	7.6	14.3	5.2	5.4	77	
8	2001.06.13	11.2	7.2	14.7	1.9	4.3	79	
8	2001.06.14	12.9	5.4	19.4	0	2.5	67	
8	2001.06.15	13.4	6	18.3	0	2	70	
8	2001.06.16	16.2	8.6	22.4	0	1.9	66	
8	2001.06.17	17.6	15.1	22.4	9.8	2	71	
8	2001.06.18	17	12.1	20.9	3.3	2.9	87	
8	2001.06.19	15.3	12.3	20.3	0	2.4	82	
8	2001.06.20	15.4	13.3	17.8	0	2	82	
8	2001.06.21	14.9	11.1	18.9	0	2	82	
8	2001.06.22	14.2	10.9	17	2.4	2.1	84	
8	2001.06.23	13.4	9.7	15.6	0	3.8	84	
8	2001.06.24	13.5	6.2	18.7	13	2.1	89	
8	2001.06.25	17.3	14.1	22.1	1.2	5	76	
8	2001.06.26	14.9	10.9	20.1	5.4	2.6	78	
8	2001.06.27	17.1	12.5	22.6	0	2.1	65	
8	2001.06.28	17.3	10.2	22.2	0	1.6	62	
8	2001.06.29	18.8	10.9	24.9	0	1.3	65	
8	2001.06.30	18.6	13.5	24.6	0	2	78	
8	2001.07.01	20.8	15.7	26.9	0	2.1	69	
8	2001.07.02	17.2	16.1	17.7	10.2	2.6	89	
8	2001.07.03	18.1	14.7	21.1	0	3.3	78	
8	2001.07.04	19.6	13.3	24.7	0	2.6	69	
8	2001.07.05	22	18	28.3	1.2	1	79	
8	2001.07.06	22	14.7	28.1	0	1	74	
8	2001.07.07	22.9	17.3	29.1	1.2	1.5	74	
8	2001.07.08	22.5	17.9	29.4	4.2	2.8	75	
8	2001.07.09	19.2	17.3	20.9	6.8	2	92	
8	2001.07.10	17.5	15.8	18.1	3.4	4.5	92	
8	2001.07.11	19.1	14.6	25.6	2.1	3.9	78	
8	2001.07.12	18.8	13.9	22.6	6.8	2.6	79	
8	2001.07.13	18.2	11.1	23.5	0	2.1	68	
8	2001.07.14	20.8	15.4	26.9	0.9	2.6	75	
8	2001.07.15	24.9	18.6	31.3	0	3.1	73	
8	2001.07.16	27.4	22.1	32.4	0	3.1	63	
8	2001.07.17	22.6	17.7	28.1	28.2	2.8	76	
8	2001.07.18	20.5	17.1	26.6	60.8	2.6	84	
8	2001.07.19	18.8	15.7	22.6	0	2.8	75	
8	2001.07.20	21.8	16	27.4	0	2.5	66	
8	2001.07.21	22.4	18.8	26.2	0.5	1.6	76	
8	2001.07.22	19.8	17.3	22.5	0	3.1	85	
8	2001.07.23	19.6	16.9	23	22	2.6	91	
8	2001.07.24	21.9	18.9	25.1	0.4	2.4	85	
8	2001.07.25	21.1	16.5	25.2	0	2.5	78	
8	2001.07.26	20.4	17.9	22.9	6.8	2.1	91	
8	2001.07.27	19.9	17.8	23.6	0.4	2.3	92	
8	2001.07.28	20.5	16.9	25.2	9.2	3.3	87	
8	2001.07.29	21.4	15.4	26.5	0	1.8	71	
8	2001.07.30	21.3	13.7	26.6	0	1.3	70	
8	2001.07.31	19.7	15.6	24	0	2.9	75	
8	2001.08.01	16.5	12.1	19.9	1.6	2.8	80	
8	2001.08.02	16.4	11.5	20.9	0	3	70	
8	2001.08.03	16.9	10.7	22.3	0	1.4	69	
8	2001.08.04	19.4	16.7	22.1	3.9	2.6	81	
8	2001.08.05	19	13.5	22.9	2.6	1.5	87	
8	2001.08.06	15.9	11.8	20.1	0	3.5	77	
8	2001.08.07	16.5	10.1	22	0	2.9	68	
8	2001.08.08	18.6	14.7	22.9	3.1	2.4	82	
8	2001.08.09	20.3	17	25	1.7	2.4	78	
8	2001.08.10	17.6	13.3	23.5	5.9	2	85	
8	2001.08.11	15.8	11.6	18.8	0.8	2.9	81	
8	2001.08.12	14.6	9.5	20.1	0	2.4	72	
8	2001.08.13	15.3	13.3	18	0.4	4.3	75	
8	2001.08.14	18.1	16.3	20.5	0.1	3.3	87	
8	2001.08.15	20.9	17.5	25.7	0	2	82	
8	2001.08.16	22.3	17.2	28	0	1.8	76	
8	2001.08.17	23.7	18.3	29.5	0	2.3	71	
8	2001.08.18	21.1	17.9	24.7	0	2.3	88	
8	2001.08.19	20.8	15.5	28	0.5	1.5	82	
8	2001.08.20	22.7	16.1	29.2	0	0.9	73	
8	2001.08.21	22.4	15.9	28.7	0	1	73	
8	2001.08.22	19.2	15.6	22.2	0	2.5	88	
8	2001.08.23	15.5	10.5	19.3	0	2.4	78	
8	2001.08.24	15.9	8.2	22.5	0	1	75	
8	2001.08.25	17.7	14.5	21.7	0	1.1	76	
8	2001.08.26	16.7	11.2	22.6	0	0.9	79	
8	2001.08.27	19.4	11.3	25.9	0	3	72	
8	2001.08.28	12.7	10.3	13.8	13.1	3.9	85	
8	2001.08.29	11.8	9	15.9	0	2.4	87	
8	2001.08.30	13.6	7.7	19.6	0	2.3	73	
8	2001.08.31	13.6	6	20.2	0	0.9	72	
8	2001.09.01	13.5	7.4	18.7	0	1.9	71	
8	2001.09.02	14.8	12.5	17.2	0.1	1.4	81	
8	2001.09.03	14.4	11.3	17.8	0	2.4	84	
8	2001.09.04	15.2	11.7	20.2	3.5	2.3	89	
8	2001.09.05	15.1	11.6	19	0.3	1.1	90	
8	2001.09.06	15.9	13.5	19	0.3	2	90	
8	2001.09.07	14.6	13.5	14.9	16.9	2	97	
8	2001.09.08	13.2	10.8	16.3	4.4	2	90	
8	2001.09.09	10.3	8.4	12.6	1.2	5.4	77	
8	2001.09.10	9.3	7.8	10.5	2.2	5.5	88	
8	2001.09.11	11.9	10.5	13.8	1.8	4.6	85	
8	2001.09.12	10.8	9.6	11.7	25.2	2.3	95	
8	2001.09.13	12.4	11	15.3	2	4.5	84	
8	2001.09.14	13.5	11.8	17.3	3.6	4	88	
8	2001.09.15	13.4	9.2	14.3	9.2	1.9	90	
8	2001.09.16	14.4	10.7	20.2	1.9	2.5	83	
8	2001.09.17	15	13.1	16.8	0.3	2.8	81	
8	2001.09.18	16.9	14.5	21.6	24.2	5.4	82	
8	2001.09.19	13	11.8	13.9	7.2	1.5	95	
8	2001.09.20	14.1	12.5	17.6	1.9	3.8	85	
8	2001.09.21	13.8	10.3	17.5	0	3.6	80	
8	2001.09.22	12.7	10	13.7	4	3	81	
8	2001.09.23	11	10.1	11.9	5.5	1.6	94	
8	2001.09.24	11.8	9.6	15	0.3	1.8	89	
8	2001.09.25	7	2	9.5	0	3.6	76	
8	2001.09.26	4.7	-1.3	10.9	0	0.5	79	
8	2001.09.27	4.6	-0.2	10.3	0	1.4	80	
8	2001.09.28	6.3	3.8	10	0	2	77	
8	2001.09.29	7.3	3.5	12.5	0	2.1	81	
8	2001.09.30	5.6	-1	11.6	0	1.8	66	
8	2001.10.01	8	5.6	13.8	3.2	3.4	82	
8	2001.10.02	14.1	11.5	17.4	8.6	5	84	
8	2001.10.03	15.5	12.4	17.8	5.7	3.5	85	
8	2001.10.04	11.8	9.7	13.3	1.5	2.8	94	
8	2001.10.05	12.2	7.9	15.6	0	3.6	84	
8	2001.10.06	11	7.2	14.8	0	1.3	87	
8	2001.10.07	10.2	4.8	16.2	0	1.6	86	
8	2001.10.08	11.9	10.3	14.1	1	2.8	91	
8	2001.10.09	13.5	11.6	15.9	0.1	1.8	98	
8	2001.10.10	13.1	10.3	14.8	2.1	3.4	90	
8	2001.10.11	11.5	10.1	14.3	2	5.9	76	
8	2001.10.12	10.7	7	14	0	3.9	76	
8	2001.10.13	13.2	10.6	14.7	0.1	3.4	90	
8	2001.10.14	12.6	9.7	17.6	0	2.8	88	
8	2001.10.15	11.5	5.9	12.9	0	1.3	91	
8	2001.10.16	8.7	5.4	14	0	1.6	84	
8	2001.10.17	9.7	7.2	12.4	0	2.1	88	
8	2001.10.18	9.6	7.2	11.3	0	2.1	86	
8	2001.10.19	11.1	9.9	12.3	0.3	2	88	
8	2001.10.20	9	3.3	10.3	0	2.6	76	
8	2001.10.21	5.9	2.2	10.2	0	1.4	77	
8	2001.10.22	4	1.4	6.2	0	1.9	86	
8	2001.10.23	2.7	-2.6	4.5	0	3.3	73	
8	2001.10.24	-0.7	-6	5.7	0	0.9	76	
8	2001.10.25	-0.4	-4.4	5.4	0	1.9	69	
8	2001.10.26	1.5	-2.9	6.6	0	1.9	83	
8	2001.10.27	7.4	5	11.1	0	3.1	84	
8	2001.10.28	7.6	5.3	9.9	3.5	4.4	90	
8	2001.10.29	8.3	7.2	9.1	1.8	4.5	86	
8	2001.10.30	9.1	7.7	11.3	8.2	5.9	89	
8	2001.10.31	12.4	10.2	15.5	0.3	4.5	82	
8	2001.11.01	7.6	3.8	10.7	1.1	8.8	73	
8	2001.11.02	3.4	-0.2	5	0	5.8	67	
8	2001.11.03	4.7	0.6	8.6	0.7	4	88	
8	2001.11.04	8.9	7.7	10.3	0.9	4.3	84	
8	2001.11.05	6	2.2	7.7	6.7	7.4	81	
8	2001.11.06	2.1	0.1	3.7	1.5	4.4	89	
8	2001.11.07	5.3	4	6.7	1.9	6	86	
8	2001.11.08	4.1	3.2	5.5	2.3	5.1	85	
8	2001.11.09	5.6	3	7.2	1.7	5	88	
8	2001.11.10	1.7	-1.2	4.3	2.5	4.1	79	
8	2001.11.11	2.1	0.2	4.1	0	7.4	67	
8	2001.11.12	4.7	4	5.5	1.8	5.1	89	
8	2001.11.13	2.5	-0.1	4	1.8	4.3	84	
8	2001.11.14	0.3	-1.4	4	0.4	2	87	
8	2001.11.15	-0.9	-3.7	2.4	0.4	6.4	79	
8	2001.11.16	2.2	-1.9	4.3	2.5	7.4	65	
8	2001.11.17	0	-3.6	4.3	0	4.3	76	
8	2001.11.18	4.6	2	7	0.4	3.8	87	
8	2001.11.19	2.4	-2	4.6	1.4	4.1	84	
8	2001.11.20	-3.4	-6	-1.5	0	2.9	70	
8	2001.11.21	-4	-7.1	1.2	1.6	2	90	
8	2001.11.22	4	2.7	5.9	8	5.6	92	
8	2001.11.23	1.3	0.4	1.8	1.5	3.6	90	
8	2001.11.24	-0.1	-1.8	0.8	1.6	3	95	
8	2001.11.25	-2.8	-4.3	-2	0.2	4.6	92	
8	2001.11.26	-3.1	-6.1	0.3	0.8	2.6	91	
8	2001.11.27	-1.7	-2.6	-0.4	0.3	1.4	95	
8	2001.11.28	-1.3	-3.1	-0.4	0	3	88	
8	2001.11.29	-1.1	-1.7	-0.6	1.4	3.4	87	
8	2001.11.30	-1.1	-2.2	0.1	0	2.1	87	
8	2001.12.01	-3.6	-5	-2.3	0	2.4	80	
8	2001.12.02	-3.7	-5.4	-1.6	0	1.6	93	
8	2001.12.03	-2.5	-8.4	-1.4	0.5	2.1	88	
8	2001.12.04	-8.6	-10.4	-5.6	0	2.9	78	
8	2001.12.05	-9.2	-10.8	-7.3	0	3.6	84	
8	2001.12.06	-9.5	-12.4	-7.8	0	3.1	81	
8	2001.12.07	-11.7	-15.4	-7.3	0	0.4	86	
8	2001.12.08	-11.4	-14	-8	0	1.3	90	
8	2001.12.09	-9.9	-14	-4.9	0	1.3	90	
8	2001.12.10	-1.1	-3.1	0.7	3.6	2.5	95	
8	2001.12.11	-1	-1.6	-0.6	0.2	2.6	91	
8	2001.12.12	-5.6	-15.1	-1	2	4.1	79	
8	2001.12.13	-15.5	-18	-13.3	0	2	80	
8	2001.12.14	-9.5	-17.1	0.2	0.9	3.1	86	
8	2001.12.15	-3	-3.8	-2.5	0.2	3.6	84	
8	2001.12.16	-8.1	-17.1	-3.6	0	2.8	79	
8	2001.12.17	-8.8	-15.2	0.1	0.8	2.1	89	
8	2001.12.18	-0.7	-9	1.1	1	3	89	
8	2001.12.19	-2.9	-10.2	1.9	0.5	4.8	93	
8	2001.12.20	-4	-8.8	-0.3	0.8	5.5	78	
8	2001.12.21	-7.4	-9.3	-2.2	3	7	84	
8	2001.12.22	-5	-10	-0.8	2.1	5.1	74	
8	2001.12.23	-9.9	-11.6	-8.8	0.3	1.8	92	
8	2001.12.24	-11.7	-13.5	-8.9	0	1.8	92	
8	2001.12.25	-3.7	-6.4	1.4	2.7	6.1	89	
8	2001.12.26	0.7	-2.3	1.2	2.4	6.5	84	
8	2001.12.27	-1.2	-2.3	0.7	1.1	3.3	92	
8	2001.12.28	-3.2	-4	-2.1	1.1	4.3	91	
8	2001.12.29	-0.9	-2.5	0.5	4	3.9	94	
8	2001.12.30	-1.7	-3.9	-0.5	2.4	4	91	
8	2001.12.31	-7.5	-10.9	-5.1	1.2	3.8	83	
8	2002.01.01	-8.9	-13	-4.4	1.6	3.5	86	
8	2002.01.02	-6.9	-16	-0.2	4.7	7.6	87	
8	2002.01.03	-19.7	-24.7	-18.2	0	2.8	81	
8	2002.01.04	-13.1	-22.3	-4.3	0	4	83	
8	2002.01.05	-1.3	-4.4	0.8	0	3.3	94	
8	2002.01.06	0	-5	1.8	0	3.8	90	
8	2002.01.07	-0.9	-1.9	0.1	0	1.5	88	
8	2002.01.08	0.3	-0.6	1.4	0.7	2.4	95	
8	2002.01.09	1.8	0.7	2.4	0.1	4.3	94	
8	2002.01.10	0.8	-0.1	1.3	0	3	93	
8	2002.01.11	0	-0.3	0.5	0	3.5	90	
8	2002.01.12	-2.5	-4	-0.8	0	2.4	89	
8	2002.01.13	-1.9	-2.9	0	0.1	3.4	93	
8	2002.01.14	-1.7	-2.9	-1.4	0	3.1	86	
8	2002.01.15	-3.9	-5.8	-3.3	0	4.1	94	
8	2002.01.16	-6.6	-7.4	-5.7	0	3.1	96	
8	2002.01.17	-5.5	-6.1	-4.5	0	2.8	96	
8	2002.01.18	-3.4	-4.9	-1.9	0.2	4	93	
8	2002.01.19	-3.2	-5	-0.7	0	4.4	94	
8	2002.01.20	0.5	-1	1.9	0.7	4.5	93	
8	2002.01.21	1.3	0.4	2.3	5.2	3.6	95	
8	2002.01.22	2.5	2.2	3.3	0	3.4	97	
8	2002.01.23	3.4	2.6	4	0.8	5.1	87	
8	2002.01.24	2.7	1.8	3.6	0.3	4.6	87	
8	2002.01.25	2	-2.2	5.2	1.3	7.4	74	
8	2002.01.26	-0.9	-3.1	5.4	2.6	5	85	
8	2002.01.27	5	3.8	5.8	12.6	6.1	91	
8	2002.01.28	1.6	-0.7	6.2	2.6	4.9	88	
8	2002.01.29	5.1	2.7	5.5	9.3	9	71	
8	2002.01.30	2.1	-0.9	5.3	4	5.9	80	
8	2002.01.31	2.7	-0.2	7	0.8	4.1	90	
8	2002.02.01	4	3	4.8	1.3	5.5	87	
8	2002.02.02	5.2	2.8	7.5	1.1	3.6	92	
8	2002.02.03	6.3	3	10.8	0	3.1	80	
8	2002.02.04	5.3	2.2	9.2	0	3.5	79	
8	2002.02.05	4.4	0.7	8.6	0	3.6	77	
8	2002.02.06	5.7	3.5	7.6	0.4	2.6	77	
8	2002.02.07	6.1	5.1	7.6	1.9	2.9	91	
8	2002.02.08	4	2.7	4.7	1.8	4.4	87	
8	2002.02.09	4.8	4.2	7.7	3.6	4.1	94	
8	2002.02.10	6.5	3.1	8.2	5	4.1	86	
8	2002.02.11	3.9	1.1	6.8	0.8	4.6	91	
8	2002.02.12	7.2	4.6	8.4	6.8	6.3	87	
8	2002.02.13	2.2	0.1	5.4	6.7	6.3	86	
8	2002.02.14	-0.3	-2.5	0	1.3	6	75	
8	2002.02.15	-0.8	-3.9	3	0	4.5	73	
8	2002.02.16	1.1	-0.4	2.2	0	4	83	
8	2002.02.17	1.8	-0.9	7	0	3.9	71	
8	2002.02.18	1.6	-1.1	4.6	0	3.1	78	
8	2002.02.19	2.5	1.3	3.6	0.3	5.6	74	
8	2002.02.20	0	-2.6	2	1.6	6.1	75	
8	2002.02.21	-3.5	-8.3	-1	6	3.4	92	
8	2002.02.22	-8.4	-16.6	-2.5	0.3	3.6	68	
8	2002.02.23	-0.1	-3.6	3	1.4	5.9	86	
8	2002.02.24	-0.4	-2.8	0.3	11.5	3.5	90	
8	2002.02.25	-3	-8.7	-0.9	0.6	3.9	88	
8	2002.02.26	-6.2	-11.2	0.9	2.2	3.5	94	
8	2002.02.27	3.8	1.5	6.2	6.7	6.4	88	
8	2002.02.28	2.4	0.7	5.4	1	5.5	80	
8	2002.03.01	2.3	0.6	3.9	0.8	4.5	87	
8	2002.03.02	-1	-3.3	2	4.8	3.1	80	
8	2002.03.03	-2.4	-5.5	-0.7	0.3	4.1	77	
8	2002.03.04	0	-3.3	3.4	2	4.1	82	
8	2002.03.05	4.1	2.4	5.5	0.4	4	88	
8	2002.03.06	5.8	4.3	8	1.4	4.9	76	
8	2002.03.07	5	0.7	6.6	5.5	7.8	83	
8	2002.03.08	1.5	-1.4	4.5	0	6.1	73	
8	2002.03.09	3.8	-0.8	8.7	0	5.5	71	
8	2002.03.10	4.1	1	6.7	2.2	5.4	78	
8	2002.03.11	4.8	0.5	10.6	0	5.3	67	
8	2002.03.12	6	0.9	13.6	0	3	66	
8	2002.03.13	7	3.6	11.9	0	1.8	73	
8	2002.03.14	2.4	-2.8	3.8	2.1	3.8	87	
8	2002.03.15	-1.2	-4.2	3.2	0	3	63	
8	2002.03.16	0.9	-4.1	7	0	2.1	61	
8	2002.03.17	4.1	-1.2	9.9	0	4.3	46	
8	2002.03.18	8.4	3.6	13.8	0	3	53	
8	2002.03.19	8.3	3.8	13.3	0	5	49	
8	2002.03.20	5.1	0.6	6.5	4.3	4.3	75	
8	2002.03.21	1.9	-0.3	5.7	0.4	4.1	80	
8	2002.03.22	0.5	-2.3	3.9	2.5	2.5	86	
8	2002.03.23	1.1	0	3.3	3	2.9	92	
8	2002.03.24	0.4	-0.6	1.2	2.6	4.5	93	
8	2002.03.25	0.4	-1.6	4.2	0	3.5	81	
8	2002.03.26	0	-4.7	5.3	0	2.3	79	
8	2002.03.27	1.2	-2.3	6.2	0	3.1	79	
8	2002.03.28	4.7	1.7	10	0	3.4	75	
8	2002.03.29	5.9	-1	13.6	0	2.6	66	
8	2002.03.30	6.5	-1.6	15.5	0	2	59	
8	2002.03.31	6.4	0.4	13.8	0	1.6	62	
8	2002.04.01	7.6	3.3	12.5	0	2.5	56	
8	2002.04.02	5.4	0.6	10.4	0	2.4	67	
8	2002.04.03	2.4	-3.8	6.9	0	2.8	50	
8	2002.04.04	-0.4	-5.2	3.8	1	1	75	
8	2002.04.05	-2.6	-5.1	-0.7	0	3	73	
8	2002.04.06	-1.9	-6.7	2.4	0	3.1	71	
8	2002.04.07	2	-3.8	7.4	0	3.5	60	
8	2002.04.08	3.8	-1	9.5	0	2.9	49	
8	2002.04.09	4.5	-3.5	11	0	1	56	
8	2002.04.10	7.7	2.8	11.7	0	1.5	51	
8	2002.04.11	9.3	3.4	15	0	2.3	49	
8	2002.04.12	10.7	3.2	16.3	0	4	44	
8	2002.04.13	9.1	5.9	11	3.8	5.6	56	
8	2002.04.14	7.9	6.3	10	5.8	3.5	89	
8	2002.04.15	10.5	7	14.9	0	1.6	83	
8	2002.04.16	12.1	7.7	16.2	0	1.8	81	
8	2002.04.17	9.9	6.7	13.3	0	2.1	74	
8	2002.04.18	9	1.2	16.1	0	1.4	56	
8	2002.04.19	11.7	3.9	18	0	0.9	59	
8	2002.04.20	13.5	7.2	18.8	0	1.1	56	
8	2002.04.21	12.1	7.1	18	0	2.6	63	
8	2002.04.22	10.3	4	16.2	0	2.9	52	
8	2002.04.23	10.4	1.7	17.2	0	1.3	57	
8	2002.04.24	10.7	5.4	15.7	0.1	1.1	68	
8	2002.04.25	11.1	5	16	0	2.3	66	
8	2002.04.26	11.4	8	15.3	0	0.9	65	
8	2002.04.27	10.9	7.2	15.9	0.1	3.5	78	
8	2002.04.28	8.2	2.6	12.3	0	2.1	63	
8	2002.04.29	11.9	5.7	18.9	0.5	3.3	59	
8	2002.04.30	11.7	7.2	13	2.8	2.5	70	
8	2002.05.01	10.1	1.4	17.3	0	1.3	71	
8	2002.05.02	15.3	8	22.4	0	2.6	53	
8	2002.05.03	18.6	12.3	24.3	0	4.5	49	
8	2002.05.04	19.3	14.1	24.2	0	5.3	49	
8	2002.05.05	18.3	12.2	23.3	0	4.8	40	
8	2002.05.06	17.2	6	25	0	1.1	47	
8	2002.05.07	18.2	8.7	25.1	0	1.4	53	
8	2002.05.08	18.2	9.2	25.6	0	1.5	57	
8	2002.05.09	19.9	11.7	26.8	0	1.8	49	
8	2002.05.10	18.2	14	22.7	0	3.3	59	
8	2002.05.11	16.5	10.7	21.7	6.6	3.5	55	
8	2002.05.12	17.8	11.1	23.5	0	3.1	51	
8	2002.05.13	19.5	12.7	26	0	2.6	53	
8	2002.05.14	16.5	10.7	24	6.3	1.4	82	
8	2002.05.15	14.1	8.4	15.2	7	3.1	82	
8	2002.05.16	11.5	7.6	15.3	1.6	3.6	78	
8	2002.05.17	11.8	8	13.6	10.9	4	80	
8	2002.05.18	10.2	6	13.3	0.3	3.6	66	
8	2002.05.19	9.6	3.8	14.9	0	2.5	61	
8	2002.05.20	10.2	3	15.3	0	1.8	56	
8	2002.05.21	11.6	1.7	19.3	0	1.6	53	
8	2002.05.22	15.3	5.2	21.7	0	1.4	53	
8	2002.05.23	15.6	7.2	23.5	9.1	2	69	
8	2002.05.24	17.9	8.8	24.7	0	0.8	71	
8	2002.05.25	16.5	11.4	19.9	3.3	3	79	
8	2002.05.26	16.5	8.6	22.6	0	1.4	67	
8	2002.05.27	18.8	16	24.1	16.7	2	83	
8	2002.05.28	17.6	15.9	19.5	0	3	88	
8	2002.05.29	17.7	13.1	21.5	0	3.8	60	
8	2002.05.30	15.6	7	22.1	0	2	60	
8	2002.05.31	15.1	10.9	19.5	0	3.9	73	
8	2002.06.01	14.2	11.1	16.5	0.6	2.1	79	
8	2002.06.02	15	10.8	20	0	2.6	79	
8	2002.06.03	17.5	11.7	23	0	3	62	
8	2002.06.04	17.9	9.3	24.6	0	2	53	
8	2002.06.05	18	11.3	23.2	0	2.6	56	
8	2002.06.06	16.3	11.3	20	0	3	43	
8	2002.06.07	15.7	9.7	21.2	0	3.3	45	
8	2002.06.08	15.4	11.2	18.3	0	3.6	55	
8	2002.06.09	17.3	9.6	22.8	0	1.6	59	
8	2002.06.10	17.7	10	23.1	0	2.3	58	
8	2002.06.11	15.3	12.9	17	3.8	1.8	79	
8	2002.06.12	16.6	12.4	20.3	8.6	2.1	69	
8	2002.06.13	16.1	13.1	20.7	9.4	2.9	79	
8	2002.06.14	13.9	10.9	16.5	4.9	6.6	71	
8	2002.06.15	17	13.6	21.5	0	5.9	64	
8	2002.06.16	16.4	13.8	19.1	0	3.9	73	
8	2002.06.17	17.6	13.9	21.2	0	4.9	62	
8	2002.06.18	19.3	13.4	25.7	0	2.1	67	
8	2002.06.19	22.4	14.1	30.2	0	2.9	62	
8	2002.06.20	22.4	16.5	28.8	0	1.6	69	
8	2002.06.21	22	13.1	26.4	0	3.9	66	
8	2002.06.22	16.9	12.3	22.4	0	3	62	
8	2002.06.23	16.9	11.4	21.7	1	3.1	71	
8	2002.06.24	16.3	9.8	20.4	0	4.8	58	
8	2002.06.25	15.2	10.1	19.4	0	3.8	69	
8	2002.06.26	14.9	9.5	19.7	0	3.5	70	
8	2002.06.27	15.4	8	24.6	3.4	3.3	70	
8	2002.06.28	15.2	12.7	18.5	18.6	2.4	85	
8	2002.06.29	14	10	17.8	3.8	3	79	
8	2002.06.30	14.6	12	18	2.2	5	73	
8	2002.07.01	15.4	13.9	18.3	0.4	3.6	68	
8	2002.07.02	19.6	15.1	25.3	0	2.4	71	
8	2002.07.03	20.7	16.1	24.3	0	2.1	67	
8	2002.07.04	20.9	17.5	27	17.6	3.3	81	
8	2002.07.05	16.1	12.3	19.2	11	3.4	89	
8	2002.07.06	16.5	10.2	22.3	0	2.1	72	
8	2002.07.07	19.9	14.4	23.9	0	2.4	73	
8	2002.07.08	18.7	15.2	22.7	9.3	2.4	74	
8	2002.07.09	19.8	11.8	26	0	1.4	68	
8	2002.07.10	23.2	16.2	30.1	0	2	62	
8	2002.07.11	23.6	15.4	32.5	18.8	3.1	67	
8	2002.07.12	18.6	14.1	23.5	1.7	3.4	76	
8	2002.07.13	19	13	23.8	0	3	70	
8	2002.07.14	20.4	14.1	26.6	0	2.6	75	
8	2002.07.15	22.6	16.1	27.4	0	2.1	70	
8	2002.07.16	22.7	17.7	26.9	0	2.3	63	
8	2002.07.17	23	16.5	28.5	0	2.5	55	
8	2002.07.18	23	19.3	28.7	0	2.9	53	
8	2002.07.19	25.6	19.3	31.6	0	3.3	47	
8	2002.07.20	21.9	17.9	26.8	10.8	2.9	81	
8	2002.07.21	19.8	17.5	23.2	0	3.3	81	
8	2002.07.22	19.4	14.2	21.9	0.5	2.6	76	
8	2002.07.23	15.1	11.7	17.5	0	2.9	75	
8	2002.07.24	18.3	12.7	23.9	0	1.8	67	
8	2002.07.25	16.6	14	19.1	1.4	2.4	71	
8	2002.07.26	16.7	10.8	21.5	0	3.1	62	
8	2002.07.27	18.1	9.5	24.5	0	2	62	
8	2002.07.28	20.5	10.8	27.8	0	0.9	59	
8	2002.07.29	22.6	12.4	30	0	1.3	55	
8	2002.07.30	25	19.3	31.5	0	2	56	
8	2002.07.31	26.9	21.6	30.8	0	2.6	49	
8	2002.08.01	25.7	20.5	30.9	0	2.1	53	
8	2002.08.02	23.2	19.3	28.3	1	1.5	72	
8	2002.08.03	20.8	17.3	24.3	0	2.8	83	
8	2002.08.04	20.1	17.6	23.4	0	2.8	81	
8	2002.08.05	20.2	14.6	25.3	0	3	62	
8	2002.08.06	20.6	15.1	25.1	0	2.1	49	
8	2002.08.07	20	11.7	25.5	0	2.3	49	
8	2002.08.08	18.3	11.6	23.5	0	2	54	
8	2002.08.09	19.2	10	26.6	0	1.5	56	
8	2002.08.10	20.5	11.6	26.3	0	2.3	49	
8	2002.08.11	22.1	15.3	28.3	0	2.9	48	
8	2002.08.12	21.4	16.1	26.6	0.4	3.9	63	
8	2002.08.13	16.2	15.1	16.9	9.2	2.5	94	
8	2002.08.14	18.8	15.5	24.2	0	3.1	83	
8	2002.08.15	22.8	16.4	28.6	0	2.6	67	
8	2002.08.16	22.2	14.5	28.8	0	1.8	60	
8	2002.08.17	21.9	15.9	27.5	0	2.6	62	
8	2002.08.18	19.7	13.3	24.7	0	2.4	52	
8	2002.08.19	18.6	8.8	26.9	0	0.9	55	
8	2002.08.20	19.5	10.1	27.6	0	0.9	54	
8	2002.08.21	19.8	9.6	28.6	0	0.4	52	
8	2002.08.22	19.5	12.7	25.9	0	2.1	55	
8	2002.08.23	16.4	8.4	23.2	0	1.3	55	
8	2002.08.24	16.7	8.4	24.3	0	1.3	58	
8	2002.08.25	17	8	24.9	0	1	58	
8	2002.08.26	18.2	9.6	26.5	0	0.9	59	
8	2002.08.27	18.3	11	25.9	0	1.3	61	
8	2002.08.28	19.6	11.2	27.4	0	2.1	57	
8	2002.08.29	20.9	12.1	28.3	0	1	57	
8	2002.08.30	20.8	12.3	28.6	0	2	61	
8	2002.08.31	21.1	13.5	28.1	0	1.9	63	
8	2002.09.01	18.6	14.3	22.1	1.4	2.5	75	
8	2002.09.02	16.4	11	21.2	0.5	2.9	68	
8	2002.09.03	15.9	6.9	24.2	0	0.8	63	
8	2002.09.04	17.8	8.6	26.6	0	1.3	62	
8	2002.09.05	20.3	14.8	26.5	0	1.8	53	
8	2002.09.06	18.8	11.5	26.7	0	1	60	
8	2002.09.07	19.2	13.9	24.8	3.7	1	74	
8	2002.09.08	18.6	13.4	24.8	0.4	1	78	
8	2002.09.09	17.8	11.3	25	0	1	73	
8	2002.09.10	16.6	10.1	23.5	0.1	1.6	75	
8	2002.09.11	14	10	16.6	0	4.4	56	
8	2002.09.12	10.5	3.7	16.8	0	2.4	54	
8	2002.09.13	10.4	2.5	18.7	0	0.4	65	
8	2002.09.14	12.7	10.3	15.9	32.2	1.8	88	
8	2002.09.15	11.9	8.8	14.7	0	3.3	82	
8	2002.09.16	9.7	7.8	12.1	0.5	2.4	83	
8	2002.09.17	10.3	6.4	14.7	0.6	1.8	81	
8	2002.09.18	12.4	9.8	15.9	1	3.5	86	
8	2002.09.19	10.6	5.8	14.3	0.8	2.9	81	
8	2002.09.20	8.4	0.6	15	0	1.3	74	
8	2002.09.21	12.1	7.8	17.6	0.3	3.4	75	
8	2002.09.22	7.6	5.9	8.9	0	2.6	82	
8	2002.09.23	5.6	1.9	9.3	0	3.4	70	
8	2002.09.24	4.9	-1.3	11.8	0	1.3	70	
8	2002.09.25	6.6	0.4	14.4	0	1.4	70	
8	2002.09.26	6	0.4	11.9	0	1.3	74	
8	2002.09.27	8.6	5.9	12.3	0	2.1	78	
8	2002.09.28	7.9	4.7	11.5	0	2.5	71	
8	2002.09.29	8.9	3.4	14.6	0	3	78	
8	2002.09.30	12.1	10.8	14.2	0	3.1	82	
8	2002.10.01	11.2	3.8	13.5	2.8	2.9	87	
8	2002.10.02	5.8	0.6	12	0	0.8	79	
8	2002.10.03	8.7	5.4	11.7	6.2	1.5	93	
8	2002.10.04	7.5	5.2	9	0	1.9	83	
8	2002.10.05	9	6.7	11.1	2.5	2.6	87	
8	2002.10.06	6.6	5.6	7.3	9.9	1.9	94	
8	2002.10.07	6.3	2.9	9.6	11.7	3.5	95	
8	2002.10.08	3.5	2	5.7	33.5	3	94	
8	2002.10.09	2.5	-1.2	4.6	0	3.9	69	
8	2002.10.10	0.8	-3	5	0	1.4	78	
8	2002.10.11	2.1	1	3.6	0	2	84	
8	2002.10.12	2.7	1.2	3.3	0	3.6	67	
8	2002.10.13	1.2	0.6	2.4	0	4.3	70	
8	2002.10.14	0.9	0.1	1.6	10.1	4.8	94	
8	2002.10.15	3.8	1.5	7.6	3.3	3.1	97	
8	2002.10.16	7.9	7.2	8.9	2	1.8	95	
8	2002.10.17	10.5	7.9	13.6	5.5	3	91	
8	2002.10.18	9.6	6.8	10.5	1.9	3.5	89	
8	2002.10.19	4.8	2.2	7	2	3.4	85	
8	2002.10.20	2.1	-3	4.3	7.4	4.3	86	
8	2002.10.21	-0.4	-3.7	3	0	1.3	92	
8	2002.10.22	2.3	1.5	3.5	5.8	3.1	94	
8	2002.10.23	5.2	3.6	11	18.2	1.8	97	
8	2002.10.24	8.8	2.4	10.7	3.8	3.1	84	
8	2002.10.25	2.6	0.9	4.2	0	2.5	92	
8	2002.10.26	5.1	2.6	8.4	6	4.4	90	
8	2002.10.27	7.2	6	8.6	4.7	4.3	79	
8	2002.10.28	7.2	4.3	9.1	17	6.1	93	
8	2002.10.29	5.1	1.9	7.3	0.4	5.1	83	
8	2002.10.30	2.2	0.9	4.6	3	2.8	94	
8	2002.10.31	3.1	1	4.3	0.1	2	89	
8	2002.11.01	3.5	2	5	2.9	3.6	90	
8	2002.11.02	3.3	2	4	0	2.5	90	
8	2002.11.03	1.7	-0.3	2.6	0.1	2.9	88	
8	2002.11.04	-0.6	-3	0.6	0	1.9	81	
8	2002.11.05	-2.5	-6.2	0.8	0	0	81	
8	2002.11.06	-0.1	-2.2	2	0	1.3	72	
8	2002.11.07	-1.7	-4.3	0.3	0.3	3.3	77	
8	2002.11.08	-1.4	-2.7	-0.2	3.7	2.9	93	
8	2002.11.09	0.3	-0.5	1.5	0.3	2.8	94	
8	2002.11.10	0.1	-0.6	0.2	4.6	1.9	95	
8	2002.11.11	-0.8	-2	0	0.4	2	90	
8	2002.11.12	-2.6	-6.2	-0.8	0.3	2.4	82	
8	2002.11.13	0.2	-2.6	3.2	0	3.8	92	
8	2002.11.14	3.7	2	6	0.4	2.4	94	
8	2002.11.15	3	1	5.4	0.3	1.9	99	
8	2002.11.16	5.4	3.5	7.3	0	0.6	99	
8	2002.11.17	10.7	7.4	13.8	0	4.8	77	
8	2002.11.18	7.3	3.7	8.7	0	5.4	72	
8	2002.11.19	5.6	4.7	7	0.9	1.6	91	
8	2002.11.20	2.8	0.8	5.2	1.2	3.6	87	
8	2002.11.21	0	-3.6	2.2	0	3.3	71	
8	2002.11.22	-1.7	-4.9	1.2	0	1.9	88	
8	2002.11.23	2.7	1.6	4.2	0.1	3.1	98	
8	2002.11.24	5	4.4	5.8	3.7	2.5	97	
8	2002.11.25	6.1	5.2	7.7	0.1	3.5	89	
8	2002.11.26	6.2	4.8	7.7	0	5.4	84	
8	2002.11.27	6.8	4.7	8.1	0	3.3	85	
8	2002.11.28	3.1	1.6	4	0.1	2	84	
8	2002.11.29	1.5	-0.8	2	0	3.9	77	
8	2002.11.30	-3.5	-5.2	-2.4	0.2	5.9	67	
8	2002.12.01	-6.4	-7.8	-5.1	3.9	6.5	76	
8	2002.12.02	-5.8	-6.5	-4.8	0	6	73	
8	2002.12.03	-5.7	-7.5	-3.6	0	3.3	74	
8	2002.12.04	-4.1	-6.1	-3.4	0	2.8	67	
8	2002.12.05	-4.9	-5.7	-3.8	0	3.5	78	
8	2002.12.06	-6.8	-10.2	-5.4	0	3.6	64	
8	2002.12.07	-10.5	-12.2	-7.7	0	2.5	79	
8	2002.12.08	-10.2	-16.4	-8.2	0	2.3	83	
8	2002.12.09	-14.3	-18.3	-9.3	0	0.6	83	
8	2002.12.10	-10.8	-12.5	-8.4	1	1.4	89	
8	2002.12.11	-7.5	-9.7	-5.6	0	1.1	91	
8	2002.12.12	-5.6	-7.1	-3.2	0	4	92	
8	2002.12.13	-1.9	-2.6	-0.8	0.5	1.4	95	
8	2002.12.14	-2.6	-10.6	-1.2	0	2.1	93	
8	2002.12.15	-12.7	-16.2	-11.4	0	2.3	86	
8	2002.12.16	-13.9	-16.6	-10.8	0	2.8	75	
8	2002.12.17	-10.3	-11.2	-7.6	0.7	3.8	78	
8	2002.12.18	-5.3	-6.6	-2.3	4.1	1.5	89	
8	2002.12.19	-4.2	-8.7	-2.2	0.3	2.4	89	
8	2002.12.20	-5.8	-7	-4.5	0	4.9	92	
8	2002.12.21	-4.4	-6.6	-2.2	0.7	3.4	90	
8	2002.12.22	-5.9	-13	-3.7	0.4	3	84	
8	2002.12.23	-13.3	-17.4	-9	0	1.6	87	
8	2002.12.24	-10.9	-12.2	-9.5	0	2.4	86	
8	2002.12.25	-13.5	-20.3	-11.5	0	1.1	93	
8	2002.12.26	-17.6	-20	-14	0	2.3	87	
8	2002.12.27	-13.5	-16.7	-10	0	2	96	
8	2002.12.28	-7.1	-9.3	-3.5	1.1	2.5	97	
8	2002.12.29	-1.3	-3	1.2	0	3.1	96	
8	2002.12.30	-2.8	-12.2	1.5	3.7	4	91	
8	2002.12.31	-13	-15.6	-8.7	0.2	3.3	77	
8	2003.01.01	-10.2	-12.6	-7	0	3.9	80	
8	2003.01.02	-8.2	-12.7	0.7	5.6	3	86	
8	2003.01.03	-5.3	-14.6	1	1.8	2.9	91	
8	2003.01.04	-13.6	-15.4	-11.8	0	2.6	87	
8	2003.01.05	-16.4	-20.4	-12.7	0.5	1.3	89	
8	2003.01.06	-22.2	-29	-20.3	0	0.5	87	
8	2003.01.07	-26.6	-30.4	-20.7	0	0.8	81	
8	2003.01.08	-20.3	-26.7	-11.2	0	1.8	94	
8	2003.01.09	-11.1	-13.6	-9.5	0	3.5	83	
8	2003.01.10	-7.1	-12.1	-2.8	0.9	3.4	90	
8	2003.01.11	-18.3	-21.9	-15.8	0	2.5	83	
8	2003.01.12	-7	-11.2	-1.1	1.2	5.5	92	
8	2003.01.13	0	-0.2	0.8	0.7	5.5	89	
8	2003.01.14	1.4	0.6	4	1.1	4.8	88	
8	2003.01.15	3.9	3.2	4.2	0.4	6.6	84	
8	2003.01.16	2.6	1.6	3.5	0.6	6.9	88	
8	2003.01.17	2.1	0.8	3.2	0.8	4.4	87	
8	2003.01.18	1	-0.7	3.2	0	4.4	82	
8	2003.01.19	0.6	0.2	1.3	0	3	89	
8	2003.01.20	0.5	-1	2.7	0	3.8	81	
8	2003.01.21	-0.2	-0.5	0.2	0	4.3	89	
8	2003.01.22	-1.6	-2.8	0	0	5.6	83	
8	2003.01.23	0.4	0	0.8	0	4.4	85	
8	2003.01.24	0.3	-0.1	0.5	2.8	0.8	97	
8	2003.01.25	-0.2	-1	0.2	0	3	94	
8	2003.01.26	-0.1	-0.4	0.2	0	4.8	88	
8	2003.01.27	1.2	0.6	2.2	1.8	5	93	
8	2003.01.28	2.6	1.4	4.3	5	3.8	93	
8	2003.01.29	0.8	-1.2	1.6	1.6	6	83	
8	2003.01.30	-2.7	-5.6	-2	0	1.1	84	
8	2003.01.31	-6.5	-8.9	-5	0.2	2	80	
8	2003.02.01	-9	-13.2	-7.3	0.2	1.6	85	
8	2003.02.02	-11.3	-16.6	-5.3	0	2	77	
8	2003.02.03	-10.6	-13.7	-6.6	0.6	5.5	80	
8	2003.02.04	-6.7	-7.3	-5.8	2.3	5.6	80	
8	2003.02.05	-6.9	-8.1	-6	0	2.6	85	
8	2003.02.06	-7.1	-8.2	-5.4	9.5	4.4	91	
8	2003.02.07	-5.9	-7	-3.9	6.1	4.5	92	
8	2003.02.08	-2.4	-3.6	-0.9	0.1	1.1	98	
8	2003.02.09	-3.3	-4.7	-2.1	0	2.8	93	
8	2003.02.10	-3.3	-3.7	-2.7	0	1.4	93	
8	2003.02.11	-3.5	-5.4	-2.3	0	1.1	86	
8	2003.02.12	-8.1	-9.7	-6.6	0	2.1	94	
8	2003.02.13	-5.8	-8	-3.3	0.2	1.8	96	
8	2003.02.14	-2.7	-3.6	-1.1	0.1	2.8	92	
8	2003.02.15	-4.4	-13.9	-1.4	1	4.6	86	
8	2003.02.16	-15.1	-20.6	-11.3	0	1	73	
8	2003.02.17	-8.7	-15.4	-1.8	0	3.1	81	
8	2003.02.18	-1.2	-1.6	-0.3	0.2	3.5	95	
8	2003.02.19	-1.3	-2.5	-0.6	0	4	96	
8	2003.02.20	-2.5	-4.6	-1.3	0	2.6	97	
8	2003.02.21	-2.1	-5.4	-1.3	0	1.6	97	
8	2003.02.22	-4.7	-10.6	3	0	1	91	
8	2003.02.23	-5.6	-11.9	2.2	0	1	83	
8	2003.02.24	-7.8	-12.8	-5.2	0	0.6	92	
8	2003.02.25	-6.8	-11.4	-1.9	0	1.6	90	
8	2003.02.26	-8.5	-15.8	0.4	0	1	79	
8	2003.02.27	-8.1	-11	-5.5	0	3.8	84	
8	2003.02.28	-6.7	-7.7	-5.5	0	3.1	84	
8	2003.03.01	-6.1	-6.8	-5.1	0.4	1.9	84	
8	2003.03.02	-4.8	-8.3	-2.6	0	1.8	77	
8	2003.03.03	-5.4	-10.4	-1.5	0	2.1	83	
8	2003.03.04	-2.4	-7	-1.3	3.6	2.6	90	
8	2003.03.05	-4.5	-5.7	-2.5	0.5	1.5	86	
8	2003.03.06	-1.3	-4.5	3.4	0	2	71	
8	2003.03.07	-3	-8.5	3.1	0	1.5	66	
8	2003.03.08	-3.2	-7.1	1.1	0	2.5	63	
8	2003.03.09	-0.5	-3.9	3.2	1.2	2.6	72	
8	2003.03.10	1.9	0.7	3.8	0	1.8	98	
8	2003.03.11	3.5	2.1	5.6	0	3.5	95	
8	2003.03.12	4	-0.1	4.8	3.9	3.9	92	
8	2003.03.13	-1.1	-3.2	1.2	3.1	5.4	85	
8	2003.03.14	2.4	-0.6	4.7	0	4	71	
8	2003.03.15	-0.1	-2.1	4.2	0	2.8	90	
8	2003.03.16	0.5	-3.4	5	0	2.1	85	
8	2003.03.17	0.8	-1.2	3.6	0	3	87	
8	2003.03.18	2.8	0.7	6.3	0	3.6	78	
8	2003.03.19	3.6	1.2	7.5	0	2.9	79	
8	2003.03.20	-0.4	-6.2	1.4	0	6.3	62	
8	2003.03.21	-5.1	-7.9	-1.9	0	5.1	49	
8	2003.03.22	-4	-9.4	1.3	0	0.9	60	
8	2003.03.23	3.1	-1.1	9.6	0	3.3	53	
8	2003.03.24	4.8	-1.3	10.9	0	2.1	53	
8	2003.03.25	3.6	-2.4	10.2	0	1.4	69	
8	2003.03.26	3.5	-2.1	9.7	0	1	61	
8	2003.03.27	4.5	-2.7	11.9	0	2	45	
8	2003.03.28	5.5	-1.9	13.4	0	1	56	
8	2003.03.29	7.1	0.2	14.7	0	1	66	
8	2003.03.30	7.9	1.6	14.4	0	2.9	71	
8	2003.03.31	5.5	-2	7.8	0	5.4	53	
8	2003.04.01	-1.7	-5	2.2	0	4.4	49	
8	2003.04.02	1.9	-3	7.1	0	4.5	46	
8	2003.04.03	5.2	1.7	8.5	0.3	3.5	76	
8	2003.04.04	2.2	-0.6	5	0.5	4.3	66	
8	2003.04.05	1.2	-2.8	2.3	0.7	3.8	79	
8	2003.04.06	-1	-2.2	1.7	1	4.6	85	
8	2003.04.07	-1.6	-2.7	-0.7	2.5	6.1	87	
8	2003.04.08	-2.7	-3.9	-1.5	3.6	4.8	88	
8	2003.04.09	-1.1	-2.3	0.3	7.3	4	88	
8	2003.04.10	-0.1	-1.7	3.2	2.1	3.4	84	
8	2003.04.11	3.3	1.8	4.4	5.5	4.6	77	
8	2003.04.12	3.3	0.3	6.4	1.9	2.8	81	
8	2003.04.13	5.1	-0.3	11.2	0	2.3	74	
8	2003.04.14	6.7	-0.2	12.1	0	1	71	
8	2003.04.15	8	1.9	12.9	0	1.9	59	
8	2003.04.16	8.1	1.5	13	0	1.6	50	
8	2003.04.17	6.8	-0.7	13.1	0	1.6	64	
8	2003.04.18	8.7	3.4	14.8	0	3.5	66	
8	2003.04.19	9.8	4	15	0	3.3	37	
8	2003.04.20	9.6	0.2	16.5	0	1.4	42	
8	2003.04.21	10.3	0.6	18.2	0	1.8	52	
8	2003.04.22	10.3	5.9	13.5	0	2.9	61	
8	2003.04.23	11.1	6.4	16.8	0	3	58	
8	2003.04.24	10.2	2.1	16.5	0	2.1	66	
8	2003.04.25	4.4	-0.4	7.1	0	4	59	
8	2003.04.26	3.4	-5.1	9.7	0	1.4	46	
8	2003.04.27	4.1	3	5.1	5.4	3.4	64	
8	2003.04.28	8.3	3.4	14.8	3.1	3.5	85	
8	2003.04.29	12.9	6	20.7	0.4	3.4	71	
8	2003.04.30	14.6	8.7	18.3	0.8	3.6	64	
8	2003.05.01	15.6	10	16.9	1.5	4.8	60	
8	2003.05.02	12.4	7.4	16.5	0	3.8	59	
8	2003.05.03	12.8	8	19.7	4.1	1.3	69	
8	2003.05.04	9.1	5.7	10.6	1.7	5	76	
8	2003.05.05	8.1	1.2	15.7	0	1.8	73	
8	2003.05.06	16.2	8.6	24.3	0	4.1	51	
8	2003.05.07	13.4	7.3	16.4	0	3	61	
8	2003.05.08	10.8	4	17.6	0	2	62	
8	2003.05.09	13.5	7	22.7	9.3	2.5	68	
8	2003.05.10	11.6	5.6	18.2	0.5	1.9	69	
8	2003.05.11	12.1	9.6	14.5	0	1.6	71	
8	2003.05.12	13.6	10.7	16.2	0.3	2.1	82	
8	2003.05.13	17.1	13.8	22.2	2.1	2	83	
8	2003.05.14	13.2	9	14.9	4	2.5	88	
8	2003.05.15	8.2	7.2	8.8	5.9	2.9	85	
8	2003.05.16	8.5	3.6	10.8	0.4	4	76	
8	2003.05.17	8.8	2.1	15.2	0	2.4	63	
8	2003.05.18	11.3	4.2	19.1	7.1	2.1	73	
8	2003.05.19	13	8.4	16.9	15.4	2.1	88	
8	2003.05.20	14.5	11.9	18.2	5.9	3.6	85	
8	2003.05.21	11.5	9.6	13.6	1	1.8	84	
8	2003.05.22	13	8	17.5	0	2	72	
8	2003.05.23	14.9	6.3	20.4	0	1.6	63	
8	2003.05.24	18.7	11.8	24.8	0	2.4	61	
8	2003.05.25	20.7	12.6	26.7	0	2.1	65	
8	2003.05.26	24.1	17.9	29.8	0	2.5	58	
8	2003.05.27	18	14.1	23.4	0	3.6	78	
8	2003.05.28	16.1	11.3	20.4	2.1	2.6	69	
8	2003.05.29	14.3	9.4	18.6	0	3	55	
8	2003.05.30	14.9	5.9	22.1	0	1.6	64	
8	2003.05.31	17.3	9.8	24.3	0	2.6	62	
8	2003.06.01	14.1	8	17.8	0	2.9	58	
8	2003.06.02	12.8	4.2	18.7	0	1.3	61	
8	2003.06.03	13.7	6.8	19.4	0	2.1	58	
8	2003.06.04	15.4	6.8	23.1	0	1.3	57	
8	2003.06.05	19.4	10.3	28	0	2.5	53	
8	2003.06.06	18.2	12.7	21.4	1.4	3.1	74	
8	2003.06.07	16.7	11.3	21.7	0	2.9	69	
8	2003.06.08	19.2	11.4	25.5	0	2.9	65	
8	2003.06.09	19.3	12.3	25	0	2.6	70	
8	2003.06.10	16.4	11.5	21.4	0	3.4	65	
8	2003.06.11	17.3	9.7	24.7	0.8	2.9	64	
8	2003.06.12	17.5	12.3	21	0	4	67	
8	2003.06.13	16	10.1	22.1	0	3.4	64	
8	2003.06.14	14.9	10.1	18.7	0	4	66	
8	2003.06.15	13.3	8.5	17.7	2.9	1.9	78	
8	2003.06.16	12.9	7.4	17.5	0	0.8	73	
8	2003.06.17	13.3	9.4	16.9	1.8	2.5	66	
8	2003.06.18	12.7	5.2	18.3	0	1.8	58	
8	2003.06.19	14.9	6	21.7	0	2	53	
8	2003.06.20	14.5	11.4	15.6	5.4	4.5	78	
8	2003.06.21	12.2	10.7	14.2	6.8	5.4	85	
8	2003.06.22	14.6	11.5	18.6	2.2	5.4	67	
8	2003.06.23	15.6	9.9	21.1	0	2.9	58	
8	2003.06.24	14.9	12.7	16.1	3	3.6	75	
8	2003.06.25	15.1	13.1	18.8	0.1	2.9	75	
8	2003.06.26	16.4	11.7	20.8	0	3.1	70	
8	2003.06.27	17.1	11.7	22.6	0	2.8	68	
8	2003.06.28	16.3	12.1	19.1	0.4	1.8	71	
8	2003.06.29	16.1	8.5	22.2	0	1.8	67	
8	2003.06.30	17	9.9	22.6	0	1.6	67	
8	2003.07.01	19.5	11.6	25	0	1.3	65	
8	2003.07.02	17	15	17.6	21.1	3	80	
8	2003.07.03	19.1	13	24.6	0	3.8	68	
8	2003.07.04	20	15.9	24.7	0.1	2.1	67	
8	2003.07.05	18.8	12.7	23.5	0	1.5	69	
8	2003.07.06	17.4	13.3	21	0.1	1.8	79	
8	2003.07.07	16.8	14.7	20.3	9.6	4.1	85	
8	2003.07.08	17.5	13.5	21.7	0	6	71	
8	2003.07.09	16.8	13.4	20.9	0	5.4	70	
8	2003.07.10	16.9	12.5	21.4	0	3.6	75	
8	2003.07.11	16.9	13.3	20.7	0	4.3	69	
8	2003.07.12	16.7	11.9	21.8	2.7	2.9	74	
8	2003.07.13	15.7	11	19.9	2	1.8	80	
8	2003.07.14	17.1	13.7	20.8	1.2	2.8	85	
8	2003.07.15	20.1	16.9	24	21.2	1.9	83	
8	2003.07.16	20.8	16.5	25.9	15.3	1.9	81	
8	2003.07.17	21.9	15.2	28.4	0	1.6	78	
8	2003.07.18	22.5	16.5	27.2	0	1.5	68	
8	2003.07.19	21.7	15.9	25.4	0	1.9	76	
8	2003.07.20	20.5	16.9	24.6	0	2	76	
8	2003.07.21	21.8	14.2	27.5	0	0.8	70	
8	2003.07.22	23.7	16.5	28.9	0	1.4	67	
8	2003.07.23	22	18.7	24.8	1	2.4	75	
8	2003.07.24	20.6	16.6	25	0	1.8	78	
8	2003.07.25	21.1	13.1	27	0	1.1	72	
8	2003.07.26	20.5	18.2	25	27	2.3	81	
8	2003.07.27	22.3	18.1	26.9	7.3	1.8	80	
8	2003.07.28	25.1	20	30.2	0	2.5	64	
8	2003.07.29	24.5	19	28.8	0	2.6	57	
8	2003.07.30	22.2	17.5	25.8	0	1	74	
8	2003.07.31	22.9	15.7	28.6	0	1.6	71	
8	2003.08.01	22.5	15.7	27.2	0	2	69	
8	2003.08.02	20	12.2	24.9	0	2	69	
8	2003.08.03	20.2	11.9	26.2	0	1.1	74	
8	2003.08.04	21.1	14.4	26.7	0	1.3	77	
8	2003.08.05	19.2	12.9	23.6	0	3.1	82	
8	2003.08.06	18	12	22.3	0.1	4.3	79	
8	2003.08.07	19.4	14.7	24.3	0	4.9	62	
8	2003.08.08	19.3	14.9	23	0.9	3.3	72	
8	2003.08.09	17.9	13.5	22.4	0	2.8	65	
8	2003.08.10	15.7	11.7	18.7	1.6	3.8	60	
8	2003.08.11	14.2	8.8	18.9	0	3.4	65	
8	2003.08.12	17.2	11.2	21.8	0	3	64	
8	2003.08.13	20.6	15	26.5	0	0.9	76	
8	2003.08.14	19.4	13.7	25	0	2	73	
8	2003.08.15	17	11.5	23.3	0.1	4.3	64	
8	2003.08.16	16.9	13.5	20.5	4	4.9	73	
8	2003.08.17	17.2	13.1	21.7	3.3	3.3	73	
8	2003.08.18	17.1	9.2	23	0	0.8	70	
8	2003.08.19	20.3	16.2	26.8	0	1.9	59	
8	2003.08.20	19	13.3	23.2	7.7	3	76	
8	2003.08.21	16	11.9	19.8	0	2.4	78	
8	2003.08.22	18.1	14.3	23.3	0.2	1.6	75	
8	2003.08.23	17.7	14.1	21.7	0	3.8	67	
8	2003.08.24	14.9	12.2	18.7	18.1	3.6	86	
8	2003.08.25	16.5	14.2	19.6	1.4	3.8	83	
8	2003.08.26	14	10.3	17.6	1.9	3.4	83	
8	2003.08.27	11.5	10	13.4	4.1	5	86	
8	2003.08.28	12.9	10	18.8	0.5	5	74	
8	2003.08.29	14.6	7.2	21.7	0	1.9	70	
8	2003.08.30	16.6	14.5	19.5	19.8	3	88	
8	2003.08.31	13.6	8.8	16.9	5.3	3.3	83	
8	2003.09.01	11.1	6.6	16.1	0	1.8	83	
8	2003.09.02	9.5	7	12.9	12.5	2.3	89	
8	2003.09.03	8.5	3.5	12.5	0.1	3.8	71	
8	2003.09.04	9.6	7.4	13.7	7	1.6	89	
8	2003.09.05	12.5	9.1	16.5	1.4	2.4	87	
8	2003.09.06	11.9	4.8	18.6	0	1.1	79	
8	2003.09.07	12.8	5.4	19.6	0	0.9	77	
8	2003.09.08	12.4	5.9	19.1	0	0.6	79	
8	2003.09.09	12.5	5.1	18.6	0	0.9	77	
8	2003.09.10	11.5	6.8	15.7	0	1.9	76	
8	2003.09.11	13.1	10	16.7	0	2.9	76	
8	2003.09.12	13.2	9.8	16.2	0	2.4	66	
8	2003.09.13	13.7	9	18.4	0	1	69	
8	2003.09.14	11.9	4.8	19.2	0	0.9	76	
8	2003.09.15	12.3	5.1	18.8	0	1.4	80	
8	2003.09.16	13.7	9	19.2	0	2.6	80	
8	2003.09.17	13.8	8.4	17.8	0	1.6	84	
8	2003.09.18	12.5	7.7	16.6	0	2	87	
8	2003.09.19	16.3	10.5	23.7	0	3.8	73	
8	2003.09.20	16	9.4	19.6	0	3	75	
8	2003.09.21	15.1	7.6	23	0	2.1	77	
8	2003.09.22	16.3	12.5	20	0.3	2.8	74	
8	2003.09.23	17.3	12.1	25.6	2.6	3.9	68	
8	2003.09.24	12.2	6.7	15.5	0	2.4	77	
8	2003.09.25	9.5	4.1	16.2	0	1.5	78	
8	2003.09.26	9	3	15.8	0	1.5	75	
8	2003.09.27	11.3	6.2	16.7	0	3.4	64	
8	2003.09.28	10.4	4.6	14.7	0	2.3	73	
8	2003.09.29	12	6.6	18.8	0	1.8	70	
8	2003.09.30	12.8	10.5	14.4	15	1.9	85	
8	2003.10.01	10.6	4.3	13.1	1	2.1	82	
8	2003.10.02	8.5	2.7	12.9	2.3	1.1	92	
8	2003.10.03	9.9	5.1	11.4	4.5	2.5	89	
8	2003.10.04	9	3.9	13.2	0.8	2.3	90	
8	2003.10.05	11.7	9.7	14.1	4.1	1.3	89	
8	2003.10.06	10.5	6.6	12.9	33.3	4.1	90	
8	2003.10.07	7	4	9.5	0.6	4.4	85	
8	2003.10.08	7.7	5.4	8.8	0.8	3.4	83	
8	2003.10.09	7	4.1	10.1	0	1.9	89	
8	2003.10.10	7.5	2.3	11.5	3.3	2.9	87	
8	2003.10.11	9.8	7.1	11.8	3	5.5	83	
8	2003.10.12	8.3	5.2	10.9	0	3.5	81	
8	2003.10.13	6.7	4.4	10	1.1	3.5	80	
8	2003.10.14	6.5	5.8	7.3	3	3.5	89	
8	2003.10.15	5.2	2.9	5.8	2.1	3.4	90	
8	2003.10.16	2.8	1.2	5	0	2.3	87	
8	2003.10.17	2.8	-1	7.6	0	1.3	84	
8	2003.10.18	2.9	-1.2	6.4	0	3.5	82	
8	2003.10.19	2.3	-1.8	9.3	0	2.4	84	
8	2003.10.20	1.1	-1.9	3.2	0	0.6	95	
8	2003.10.21	2.5	0	3.2	1.9	3.4	92	
8	2003.10.22	-1	-1.9	-0.4	10.8	3.3	94	
8	2003.10.23	-2.4	-6	-1.5	0.9	2	92	
8	2003.10.24	-5.8	-11.8	-1.1	0	1.5	91	
8	2003.10.25	-0.9	-2.3	0.9	1.8	6.6	88	
8	2003.10.26	0.3	-1.4	1.7	0	2.4	90	
8	2003.10.27	-1.1	-3.8	0	1	2.5	90	
8	2003.10.28	1.7	0	4	0	4.9	79	
8	2003.10.29	2.1	-1	6.7	0	3.6	69	
8	2003.10.30	1.7	-1.3	4.9	0	3.1	74	
8	2003.10.31	4.7	4	5.6	2.4	2.3	94	
8	2003.11.01	5.6	4.4	7.2	0	3.3	91	
8	2003.11.02	8	7.4	8.5	10.3	1.9	92	
8	2003.11.03	7.6	6.4	8.4	7.9	3.3	89	
8	2003.11.04	8.1	6.1	9.2	1.2	3.9	90	
8	2003.11.05	8	5	9.1	0.1	2.4	91	
8	2003.11.06	4.8	3.3	6.7	0	1.3	97	
8	2003.11.07	3.2	0.6	4.8	0	2.1	95	
8	2003.11.08	1.4	-0.4	2.5	0.6	2.9	99	
8	2003.11.09	3.6	3.2	4.4	0	2.8	90	
8	2003.11.10	3.5	-1.5	5.5	0	1.6	76	
8	2003.11.11	-1.9	-3.3	-1.2	0	1.4	98	
8	2003.11.12	-2.2	-4.4	-0.6	0	1	100	
8	2003.11.13	-3.8	-5.5	-1.6	0	0.5	100	
8	2003.11.14	-3.8	-5	-2.9	0	1.8	96	
8	2003.11.15	-3.5	-3.8	-3	0	2	96	
8	2003.11.16	-1.8	-2.6	-0.5	0	2.1	97	
8	2003.11.17	0.2	-0.4	1.3	5.4	3	98	
8	2003.11.18	2.6	1	3.6	6.3	3.4	93	
8	2003.11.19	5.6	3.3	8.9	3.4	4.5	91	
8	2003.11.20	5.7	0.6	7	0.9	4.6	85	
8	2003.11.21	4.3	2.7	6.7	0	2.9	92	
8	2003.11.22	7	4.6	8	0	3.6	91	
8	2003.11.23	6.4	5.4	8.3	0	2.6	93	
8	2003.11.24	6.2	5.4	7.6	0	3.3	94	
8	2003.11.25	6.8	5.9	8.1	0	1.8	94	
8	2003.11.26	6.5	6.1	7.2	0	2.8	95	
8	2003.11.27	6.8	6.4	7.2	0.9	4.4	91	
8	2003.11.28	6.8	5.8	8.2	0	4.3	88	
8	2003.11.29	5.8	5.4	6.2	0	3.4	87	
8	2003.11.30	4.5	3.2	5.7	0	3.5	92	
8	2003.12.01	3.4	2.6	4	0	3.6	89	
8	2003.12.02	2.6	2.1	3	0	2.9	94	
8	2003.12.03	0.7	0.1	1.4	0.1	2.1	96	
8	2003.12.04	-0.6	-1.2	-0.4	0.2	1.4	98	
8	2003.12.05	2	-0.9	5.7	0.2	4.4	89	
8	2003.12.06	-0.5	-3.2	0.2	16.3	4.4	89	
8	2003.12.07	-2.1	-3.2	-0.5	0	5	76	
8	2003.12.08	2.5	1.1	5	0	5.4	84	
8	2003.12.09	2	0.2	3.4	0	2.1	93	
8	2003.12.10	1.2	-0.2	2.1	0	3.1	91	
8	2003.12.11	0	-1.6	2	0	4.1	80	
8	2003.12.12	0.2	-1	1.4	0	3.6	85	
8	2003.12.13	-0.7	-1.8	1.1	2	4	94	
8	2003.12.14	4.7	3	6.6	17.7	3.4	97	
8	2003.12.15	1.9	-0.8	3.5	3.5	5.3	87	
8	2003.12.16	-0.9	-1.9	0.1	3.2	5.4	87	
8	2003.12.17	-2.9	-7.6	0	0	3.1	85	
8	2003.12.18	2.5	0.8	5.2	0.8	3.3	95	
8	2003.12.19	1.9	-0.6	4	0.4	3.4	93	
8	2003.12.20	0.2	-0.8	1.2	0.4	3.1	94	
8	2003.12.21	2.2	0.2	4.5	1.1	4.8	91	
8	2003.12.22	2.4	-2.1	4.4	1.1	6.9	83	
8	2003.12.23	-3.8	-7.6	-1.9	0.8	2.6	73	
8	2003.12.24	-6.3	-8	-3.2	0	3.3	82	
8	2003.12.25	-4.4	-5.4	-3.1	0	6.6	55	
8	2003.12.26	-0.6	-2.4	1.2	0.4	4.8	87	
8	2003.12.27	0.9	-0.2	2.1	0.1	4.4	82	
8	2003.12.28	0.4	-0.9	2.7	0	3.1	73	
8	2003.12.29	2.8	0.6	4.4	0	4.1	75	
8	2003.12.30	0.6	-0.9	1.4	2.6	1.5	93	
8	2003.12.31	-0.1	-1.2	0.1	11.8	1.6	96	
8	2004.01.01	-2.1	-3.9	-1.4	9	4	94	
8	2004.01.02	-5	-8.5	-3.8	15	5	89	
8	2004.01.03	-10	-12.3	-9.2	2.6	4.4	78	
8	2004.01.04	-14.8	-18	-10.9	0	1.4	80	
8	2004.01.05	-8.5	-9.5	-6.2	0	1.4	88	
8	2004.01.06	-10	-16	-6.6	0	0.5	91	
8	2004.01.07	-10.5	-12.4	-8	0	1.4	92	
8	2004.01.08	-9.9	-12.9	-8.7	0.2	2	92	
8	2004.01.09	-14.1	-16.6	-9.8	0	1.9	87	
8	2004.01.10	-9.5	-12.2	-8.6	0.3	2.1	94	
8	2004.01.11	-9.5	-10.4	-7.8	0.2	2.5	89	
8	2004.01.12	-3.6	-7.8	0.2	2.3	3.5	92	
8	2004.01.13	-0.9	-2.9	0.2	0	1.9	95	
8	2004.01.14	0.2	-1.1	1.5	4.6	3.9	94	
8	2004.01.15	0.3	-0.8	1.1	0.6	4.3	86	
8	2004.01.16	-1.9	-3.4	-0.7	0.2	2.8	88	
8	2004.01.17	-0.4	-2.4	1.4	4.8	3.4	93	
8	2004.01.18	-2.8	-4.7	-2.3	0.4	3.3	84	
8	2004.01.19	-3.4	-5.8	-1.8	0.7	4	83	
8	2004.01.20	-3.1	-6.2	-0.4	5.9	3.1	91	
8	2004.01.21	-7.7	-14.7	-6.5	0.9	4.8	82	
8	2004.01.22	-13.2	-16.4	-9.4	0	0.9	82	
8	2004.01.23	-10.7	-15.4	-8.1	0.2	0.8	88	
8	2004.01.24	-12.1	-15	-10.4	0.2	1.4	88	
8	2004.01.25	-14.6	-19.5	-12.2	0	1.3	83	
8	2004.01.26	-14.8	-20.1	-7.2	0	0.9	85	
8	2004.01.27	-6.4	-7.4	-5.2	0.4	2.4	82	
8	2004.01.28	-7.4	-8.5	-6.1	1.2	2.3	84	
8	2004.01.29	-8.2	-8.7	-7.1	0	1.6	89	
8	2004.01.30	-6.1	-8.4	-3.2	0.3	2.8	88	
8	2004.01.31	-3.8	-7.2	-0.8	0	3.9	83	
8	2004.02.01	0.7	-1.2	2.6	2.5	4.8	85	
8	2004.02.02	-0.3	-2.5	0.6	0.4	2.5	75	
8	2004.02.03	-2.6	-4.3	-0.8	0	2	75	
8	2004.02.04	2.6	0.2	5.4	8.5	3.6	96	
8	2004.02.05	5.5	5.2	6.2	1.7	5.1	95	
8	2004.02.06	5.8	5.4	7.1	3.2	5	90	
8	2004.02.07	5.3	2.8	7.7	6.8	3.3	93	
8	2004.02.08	2.8	1.1	3.9	1	3.5	85	
8	2004.02.09	0.3	-3	1.2	1.1	3.9	88	
8	2004.02.10	-3.2	-5.1	-1.6	1.6	5.5	77	
8	2004.02.11	-7.6	-11	-5.1	0	4	71	
8	2004.02.12	-11.3	-13.2	-9.5	0	2.9	70	
8	2004.02.13	-7.4	-9.2	-4.6	0.8	1.9	85	
8	2004.02.14	-1.6	-4.5	1.2	1.1	3.5	94	
8	2004.02.15	-0.5	-1.7	0.1	0	2.8	87	
8	2004.02.16	-0.8	-2.3	-0.4	1.6	2.6	88	
8	2004.02.17	-0.2	-0.7	0.7	0.7	3.8	91	
8	2004.02.18	-0.3	-3.2	1	6.6	4.9	93	
8	2004.02.19	-9.4	-14.4	-5	0.6	4	79	
8	2004.02.20	-11.9	-18.8	-5	0	1.9	70	
8	2004.02.21	-4	-6.7	-0.4	0	3	55	
8	2004.02.22	-5.3	-8.2	-2.2	0.3	4.1	57	
8	2004.02.23	-0.2	-1.9	1.8	0.7	2.8	82	
8	2004.02.24	-1.6	-2.6	-0.9	0	1.3	74	
8	2004.02.25	-2.5	-5.4	0.4	0	4.1	66	
8	2004.02.26	-0.6	-1.9	2.5	0	3.8	73	
8	2004.02.27	-2.5	-4.7	-1.7	2.6	1.8	88	
8	2004.02.28	-2.6	-3.6	-1.9	1.7	2.4	89	
8	2004.02.29	-3.8	-7.6	-1.9	0	2.4	85	
8	2004.03.01	-4.2	-5.9	-2.2	0	3.5	77	
8	2004.03.02	-0.9	-1.9	0.4	1.7	3.5	83	
8	2004.03.03	-3.3	-7	-2.2	2.3	3.8	81	
8	2004.03.04	-5.9	-9.4	-3.6	1	4.1	82	
8	2004.03.05	-7.6	-12	-3.7	0	3.1	80	
8	2004.03.06	-3.3	-6.6	0.7	0	3.4	72	
8	2004.03.07	-4.4	-8.5	0.2	0	2	63	
8	2004.03.08	-1	-2.7	1.3	0.6	1.8	79	
8	2004.03.09	-0.7	-5	2.7	0	2.8	75	
8	2004.03.10	1.3	-0.9	5.4	0	3.3	69	
8	2004.03.11	-0.4	-3.3	2.2	0	2.8	63	
8	2004.03.12	-1.6	-5.3	2.8	0	1.6	65	
8	2004.03.13	-0.7	-5.7	4.5	0	3	63	
8	2004.03.14	1.7	-0.8	5.7	0.4	3.1	71	
8	2004.03.15	2.1	1	3.4	3.7	3	97	
8	2004.03.16	5	2	8.1	0.1	3.5	92	
8	2004.03.17	6.4	5.3	7.3	0.5	2.5	91	
8	2004.03.18	7.6	3.2	11	0.5	3	87	
8	2004.03.19	5.2	0.2	11.1	0.3	1.9	82	
8	2004.03.20	7	5.6	8.3	4.6	3.6	81	
8	2004.03.21	7	4	9.1	10.9	7	79	
8	2004.03.22	5.1	2.8	8.8	0.6	5.3	73	
8	2004.03.23	5.7	2.4	10.9	0.9	2	77	
8	2004.03.24	5.4	3.8	7.1	13.1	2.4	90	
8	2004.03.25	5.9	3.6	9	0	2.9	96	
8	2004.03.26	2.5	1.6	3.2	0.1	4.6	96	
8	2004.03.27	1.5	0.2	3	0.1	3.4	89	
8	2004.03.28	1.2	-2.6	4.7	0	2.4	85	
8	2004.03.29	3.6	2.1	5.2	0	1.6	84	
8	2004.03.30	6.5	3	10.4	0	1.9	77	
8	2004.03.31	5.6	-0.4	11.3	0	2	74	
8	2004.04.01	2.5	-1.9	4.7	0	3.6	59	
8	2004.04.02	-0.9	-5.1	3.4	0	2	50	
8	2004.04.03	1.4	-4.6	8.2	0	1.9	44	
8	2004.04.04	4.8	-1.4	12	0	2.8	40	
8	2004.04.05	5.8	3	8.7	1.7	1.3	74	
8	2004.04.06	5.7	1	10.1	0	1	85	
8	2004.04.07	6.3	0.6	12.4	12	1.4	82	
8	2004.04.08	7	6	7.4	5.5	2.6	93	
8	2004.04.09	7.2	4.8	10.8	7.5	3.3	79	
8	2004.04.10	6.9	2.8	10.8	0	4.8	76	
8	2004.04.11	6.1	3	11	0.5	2.1	68	
8	2004.04.12	5.1	-0.8	9.9	0	2.1	66	
8	2004.04.13	4.1	-0.9	8.1	0	2.6	49	
8	2004.04.14	4.9	-2.6	11.7	0	1	61	
8	2004.04.15	8.4	-0.4	15.9	0	2	57	
8	2004.04.16	9.7	-0.2	17.1	0	1.5	55	
8	2004.04.17	11.3	4.4	17.7	0	2.1	47	
8	2004.04.18	12.6	7.7	17.6	0	4.6	42	
8	2004.04.19	12	10.9	13.9	0.9	5.5	50	
8	2004.04.20	13.3	7.4	18.9	0	4.3	40	
8	2004.04.21	13.6	5.8	19.9	0	2.4	44	
8	2004.04.22	9.8	6.7	12.7	9.9	2.3	79	
8	2004.04.23	9.2	6.5	12.3	0	2.4	79	
8	2004.04.24	9.3	7.7	11.7	6	1.1	86	
8	2004.04.25	8.4	4.2	10.5	3.1	2.8	87	
8	2004.04.26	7.5	2.3	12	0	2.9	58	
8	2004.04.27	6.5	-1.6	12.8	0	1.3	51	
8	2004.04.28	7.6	-1.2	13.4	0	1.1	49	
8	2004.04.29	9.2	2.1	14.7	0	1.5	45	
8	2004.04.30	8.5	0.5	15.5	0	1.5	56	
8	2004.05.01	11.1	3.7	17.2	0	1.5	50	
8	2004.05.02	13.8	7.9	19.4	0	2	47	
8	2004.05.03	14.2	11.5	18	0.1	2.1	78	
8	2004.05.04	15.6	10.7	21.9	0	3.3	74	
8	2004.05.05	19.6	14.3	24.2	0	5.1	45	
8	2004.05.06	17.9	14.7	22.3	0.7	4.4	49	
8	2004.05.07	13.7	11.8	15	2.2	5.4	75	
8	2004.05.08	14.2	12.7	16.3	0	4.4	78	
8	2004.05.09	10.8	8.9	11.9	14	3.5	85	
8	2004.05.10	9.9	8.7	11.5	1.5	3.5	86	
8	2004.05.11	9.9	8	11.3	3.1	2	90	
8	2004.05.12	9.6	5	12.2	0.7	3	71	
8	2004.05.13	6.3	2.9	8.5	2.6	1.3	81	
8	2004.05.14	6.3	-1	12.3	0	1.4	61	
8	2004.05.15	8.1	5.8	10.9	5.2	3.3	76	
8	2004.05.16	9.5	7	12.9	1.4	4.4	75	
8	2004.05.17	9.2	3.2	13.8	0	2.5	60	
8	2004.05.18	9.2	1.6	16.7	1.5	2.1	71	
8	2004.05.19	10.4	7.8	12.9	0.3	3.9	74	
8	2004.05.20	10.5	6	13.3	2.6	6.4	68	
8	2004.05.21	8.9	4.2	14	0.8	3.3	69	
8	2004.05.22	7.4	1.6	11	3.2	2.1	70	
8	2004.05.23	7.7	1.3	14.1	1	1.6	63	
8	2004.05.24	5.6	2.6	8.4	13.5	3.5	88	
8	2004.05.25	9.4	5.8	14.2	5.3	2.6	80	
8	2004.05.26	9.6	6.4	13.1	0.6	2.8	74	
8	2004.05.27	9.4	5.4	13.5	0.3	2.6	76	
8	2004.05.28	10.5	6.5	15.7	0	1.6	73	
8	2004.05.29	12.7	5	18.5	0	1.4	65	
8	2004.05.30	12.7	6.2	18.2	0	1.9	71	
8	2004.05.31	12.2	6.7	17.3	0	2.3	59	
8	2004.06.01	11.8	4.7	17	0	1.8	49	
8	2004.06.02	13.9	7.5	18.9	0	2.1	53	
8	2004.06.03	14.1	4.5	21.5	0	0.8	58	
8	2004.06.04	15.7	8.5	21.3	0	1.9	57	
8	2004.06.05	15.9	6.8	21.8	0	1.9	57	
8	2004.06.06	16.9	11.9	23.5	5.8	1.8	68	
8	2004.06.07	15	9	20.4	0	2	74	
8	2004.06.08	15.2	10	16.9	1.5	4.4	79	
8	2004.06.09	11.8	6.4	16.3	0	4.4	55	
8	2004.06.10	10.9	2.5	16.7	0	1.3	63	
8	2004.06.11	17.5	12.3	23.4	0	2.4	64	
8	2004.06.12	16.6	11.5	19.3	1.6	3	74	
8	2004.06.13	13.5	9.4	17.5	1.4	3.9	74	
8	2004.06.14	14.8	11	19.1	0.6	4.6	72	
8	2004.06.15	14	12.9	16.2	10.1	4.4	90	
8	2004.06.16	10.4	6.7	12.2	9.6	4.9	87	
8	2004.06.17	10.5	5.7	14.8	4.6	4.1	78	
8	2004.06.18	10.8	8.7	13.5	9.2	2.3	90	
8	2004.06.19	14	8.2	19.9	0	2.3	76	
8	2004.06.20	13.8	11.5	15.7	3.8	1.6	85	
8	2004.06.21	13.4	10.8	16.5	8.3	2.8	93	
8	2004.06.22	14.6	9.6	20	4	3.3	74	
8	2004.06.23	16.3	9.1	23.5	0.3	1.4	77	
8	2004.06.24	18.8	13.9	21.5	1.2	3.4	69	
8	2004.06.25	17.5	12.1	22.1	16.2	1.9	77	
8	2004.06.26	15.2	13.3	17.4	0.1	1.6	77	
8	2004.06.27	14	12.1	16.2	1.4	2.8	84	
8	2004.06.28	14.5	8.2	19	0	2.1	75	
8	2004.06.29	13.9	10.5	17	4.2	3.5	77	
8	2004.06.30	12.3	8.4	15.7	2.1	3	86	
8	2004.07.01	14.7	8.6	20.4	0	2.5	73	
8	2004.07.02	15.3	10.7	17.5	11.6	3	80	
8	2004.07.03	14.4	7.8	20.8	0.8	2.1	75	
8	2004.07.04	15.2	11.4	18.5	4.7	3.1	78	
8	2004.07.05	13.3	9.3	16.4	1.3	2	86	
8	2004.07.06	13.8	9.4	17.9	2	2.4	81	
8	2004.07.07	13.9	8.9	18.3	2.6	2.5	76	
8	2004.07.08	15.8	8	22.2	0	1.3	68	
8	2004.07.09	18.4	12.7	24.3	0	4.3	65	
8	2004.07.10	18.6	14.1	22.7	0	3.8	70	
8	2004.07.11	15.4	12.2	19	4.1	2.3	77	
8	2004.07.12	14	9.8	19.5	3.1	2.3	80	
8	2004.07.13	14.4	12.6	18	7.1	2.8	87	
8	2004.07.14	13.8	9.7	16	0	2.4	81	
8	2004.07.15	14.1	10.7	17.7	0	2	76	
8	2004.07.16	15.6	12.8	18.5	0	2.4	79	
8	2004.07.17	16.2	12.3	20.5	0	1.6	68	
8	2004.07.18	16.6	7.2	23.5	0	1.5	63	
8	2004.07.19	20.9	15.1	26.7	0	3.3	63	
8	2004.07.20	19.1	15.2	22.6	14.3	2.3	82	
8	2004.07.21	19.9	10.5	27.7	0	1.4	74	
8	2004.07.22	21.4	18.5	24.5	0	1.3	82	
8	2004.07.23	18.3	15.7	20.7	0	2	90	
8	2004.07.24	18.5	15.6	23.4	0	1.9	81	
8	2004.07.25	17.7	14.1	21.1	0	2	84	
8	2004.07.26	17.4	10.1	22	0	0.6	71	
8	2004.07.27	15.3	14.1	16.1	31	2.5	91	
8	2004.07.28	15.1	14.5	15.6	1.4	3.1	93	
8	2004.07.29	16.6	12.3	22.5	0	2.5	82	
8	2004.07.30	18.2	10.3	23.7	0	2.4	69	
8	2004.07.31	18.3	15.7	21.4	0	2	78	
8	2004.08.01	17.8	13.8	22.2	0	1.4	82	
8	2004.08.02	18.5	16.5	20.7	14.1	2.5	91	
8	2004.08.03	20.5	17.3	24.8	0	2.8	82	
8	2004.08.04	21.7	16.9	26.5	0	2.4	71	
8	2004.08.05	20.5	13.6	25.9	4.9	1.6	69	
8	2004.08.06	19.6	12.4	26.2	0	1.5	71	
8	2004.08.07	20.3	12.9	25.7	0	1.3	66	
8	2004.08.08	20.1	13	25.9	0	1.9	67	
8	2004.08.09	20.3	13.7	25.8	0	2	68	
8	2004.08.10	17.4	13.9	20.3	0	1.9	84	
8	2004.08.11	16.7	9.9	22.4	0	1.6	73	
8	2004.08.12	17.7	10	24.6	0	1.1	73	
8	2004.08.13	18.2	12	24.9	6.4	1.9	73	
8	2004.08.14	16	10	18.7	8.2	3.6	76	
8	2004.08.15	14.7	8.1	21.1	0	2.9	67	
8	2004.08.16	17.2	11.5	22.8	0	2.9	73	
8	2004.08.17	20.6	16.1	25.3	0	3	64	
8	2004.08.18	20.3	16.9	24.1	18.2	1.8	85	
8	2004.08.19	22.7	17	28.4	0	2.4	69	
8	2004.08.20	21.7	17.3	24.1	1	1.9	77	
8	2004.08.21	17.6	14.5	20	4.9	2.9	86	
8	2004.08.22	15.7	10	18.9	0	1.5	85	
8	2004.08.23	14	9.2	20.6	0	2.3	74	
8	2004.08.24	14	8.4	20	0	1.8	74	
8	2004.08.25	15.1	12.1	20.4	7.7	3.3	77	
8	2004.08.26	16.3	13.1	19.4	1.9	1.6	85	
8	2004.08.27	16.3	13	20.5	0.1	1	84	
8	2004.08.28	15.1	11.4	17.5	0.4	1.9	85	
8	2004.08.29	16.6	10.2	23.1	0	1.8	80	
8	2004.08.30	20.1	14.7	25.7	3.2	2.6	73	
8	2004.08.31	17	13.9	21.2	9.4	2.5	90	
8	2004.09.01	15.1	11.9	19.2	3.7	2.3	82	
8	2004.09.02	14.1	9	19.1	0	1.6	81	
8	2004.09.03	14.8	11.2	17.6	7.9	2	87	
8	2004.09.04	15.9	14.1	17.7	1.9	2.3	89	
8	2004.09.05	17	11.1	20.1	0	1.3	81	
8	2004.09.06	15.3	9.6	21.9	0	1.5	81	
8	2004.09.07	15.6	13.1	19	0.3	2.5	76	
8	2004.09.08	11.2	7.4	13.4	2.1	4.3	79	
8	2004.09.09	8.6	5.2	11.8	0	3.4	68	
8	2004.09.10	9.7	2.9	17.2	0	1.8	78	
8	2004.09.11	13.4	6.3	20.2	0	3.1	68	
8	2004.09.12	15.9	13.5	20	2.1	3.5	81	
8	2004.09.13	14.1	9	17.7	2.4	4	79	
8	2004.09.14	15.2	9.8	22.4	0	3	70	
8	2004.09.15	15.7	13.9	17.1	0.7	2.3	85	
8	2004.09.16	12.3	9.1	14.4	0	4.6	77	
8	2004.09.17	9.7	3.9	15.3	0	1.8	74	
8	2004.09.18	10	4	16.5	0	2.9	69	
8	2004.09.19	12.7	6.9	19.1	0	3.3	70	
8	2004.09.20	13.8	7.8	21.2	0	2.3	75	
8	2004.09.21	13.3	10	14.3	6.1	4.4	83	
8	2004.09.22	10.9	9.8	12.2	0.3	6.3	81	
8	2004.09.23	9.9	8.8	10.9	0.6	4.9	78	
8	2004.09.24	9.7	7.9	11.9	0	3.1	83	
8	2004.09.25	9.5	6.2	12.5	0	3.9	87	
8	2004.09.26	9.9	6.2	16	0	1.8	87	
8	2004.09.27	10.8	6.8	15.2	0	3.5	80	
8	2004.09.28	11.5	9.2	12.5	0	4	80	
8	2004.09.29	11.3	8.6	13.4	0	2.8	88	
8	2004.09.30	13.3	9.5	14.8	1.7	1.5	93	
8	2004.10.01	11.6	9.8	13.8	0.9	1.5	96	
8	2004.10.02	9.2	6.4	11.9	0	1.1	89	
8	2004.10.03	10.2	5.7	15.2	0	0.6	85	
8	2004.10.04	11.3	9.3	14	0.7	0.9	91	
8	2004.10.05	11.9	8.7	16.2	0	3.4	84	
8	2004.10.06	15.4	11.3	20.7	0	3.5	77	
8	2004.10.07	12.7	10	13.3	3.9	0.8	92	
8	2004.10.08	10.4	8.6	12.9	0	3.1	86	
8	2004.10.09	9.2	5.8	12.3	1.7	3.1	86	
8	2004.10.10	5.3	1.4	9	0.4	1.4	81	
8	2004.10.11	2.7	-1	4.8	3.4	3.6	82	
8	2004.10.12	0.6	-4.3	6.3	0	0.4	76	
8	2004.10.13	0.8	-4.9	6.9	0	1.6	73	
8	2004.10.14	3.4	-0.9	8.5	0	3.4	60	
8	2004.10.15	5.6	2	9.9	0	4.1	62	
8	2004.10.16	8.3	6.6	10.6	0	4.3	74	
8	2004.10.17	9.1	7.3	10.1	3.3	5	79	
8	2004.10.18	7	4	9.5	0.8	2.6	85	
8	2004.10.19	8.3	7.4	9.3	6.7	5.4	88	
8	2004.10.20	7.1	5.6	8.4	0.6	2.6	85	
8	2004.10.21	6.1	4.6	8	0	2.5	79	
8	2004.10.22	7.9	5.8	10.7	4	2.6	87	
8	2004.10.23	9.3	5.7	12.9	0	4.1	82	
8	2004.10.24	12.8	11.7	13.7	4.9	4.1	93	
8	2004.10.25	14.3	12.1	18.2	5.9	2.8	87	
8	2004.10.26	11	8.4	13.5	0	2.3	92	
8	2004.10.27	9.2	4	10.1	7.7	1.5	94	
8	2004.10.28	4.8	3	6.4	0	1.9	92	
8	2004.10.29	10.2	6.8	14.2	5.1	3.6	91	
8	2004.10.30	10.3	7.6	12.4	0.5	1.6	94	
8	2004.10.31	10	8.3	12.9	6.7	5	89	
8	2004.11.01	8.1	7.6	8.5	0.1	2.5	88	
8	2004.11.02	7	-0.1	8.6	0	2.4	84	
8	2004.11.03	2	-3.5	8.6	0	1.1	82	
8	2004.11.04	5.4	2.7	9.1	0	2.8	84	
8	2004.11.05	10.1	7.1	11.1	5.8	2.6	93	
8	2004.11.06	5.9	4	6.8	0.6	4.3	81	
8	2004.11.07	3.5	2.1	5.2	0	1.1	92	
8	2004.11.08	2.2	0.3	3.8	0	1.6	98	
8	2004.11.09	3.2	1.5	5.6	0	3.5	85	
8	2004.11.10	4.8	3.6	7	0.9	2.9	92	
8	2004.11.11	7.8	6.8	9.2	0	2.5	87	
8	2004.11.12	7.8	6.8	8.2	0.3	3.8	89	
8	2004.11.13	6.6	2.8	7.4	0	4.3	89	
8	2004.11.14	2.6	-0.9	5.6	0	2.5	85	
8	2004.11.15	0.5	-0.9	3.3	0	4	94	
8	2004.11.16	4.1	0.7	6.6	1.4	5.1	84	
8	2004.11.17	1	-1.6	4.7	0	3.3	83	
8	2004.11.18	2.4	0.1	5	6.2	6.3	85	
8	2004.11.19	-0.9	-2.7	1.2	1.1	3.9	85	
8	2004.11.20	-4.3	-6.4	-2.6	0	3.3	83	
8	2004.11.21	-1.9	-3.8	0.3	0	2.1	85	
8	2004.11.22	-3.2	-5.7	-1.4	0	2.8	86	
8	2004.11.23	-0.5	-3.1	2.2	4.3	5	89	
8	2004.11.24	-3.4	-5.4	-0.6	5.3	5.1	92	
8	2004.11.25	-4	-6.6	0.9	2.8	4	92	
8	2004.11.26	1.3	0.1	2.4	8.1	1.9	96	
8	2004.11.27	-1.1	-2.3	-0.4	4.5	1.6	94	
8	2004.11.28	-4.2	-8.4	-2.3	5.7	1.8	93	
8	2004.11.29	-4.7	-5.2	-3.8	0	2.1	94	
8	2004.11.30	-1.3	-3.3	0.6	0	2.8	96	
8	2004.12.01	-0.1	-1	0.7	0	4.4	91	
8	2004.12.02	0.7	-0.1	2.2	4.2	3.1	96	
8	2004.12.03	2.3	1.8	2.7	0.1	3.6	94	
8	2004.12.04	1.5	0.2	2.4	0.5	2.9	91	
8	2004.12.05	3.6	2.9	4.8	0	5	89	
8	2004.12.06	3.6	2.6	4.2	3.1	6.5	88	
8	2004.12.07	4	2.4	6	0.3	4.3	89	
8	2004.12.08	5.3	4	6	0.3	6	79	
8	2004.12.09	3.3	2.2	4.1	0	4.1	83	
8	2004.12.10	3.8	2.5	5.2	1.4	2.8	93	
8	2004.12.11	1.7	-0.2	3.4	0	2.9	92	
8	2004.12.12	3.5	3	5.3	0	3.8	86	
8	2004.12.13	3.2	2.3	3.8	0	1.8	85	
8	2004.12.14	2.7	2.3	3.4	0	1.8	85	
8	2004.12.15	0.2	-2.4	2	0	6	79	
8	2004.12.16	-1.1	-2.4	0	0.5	4.5	93	
8	2004.12.17	-1.5	-3.6	0.9	0	4.9	85	
8	2004.12.18	0.1	-1.4	1.2	0.8	3	88	
8	2004.12.19	0.2	-0.7	1	0.3	4.3	84	
8	2004.12.20	-2.4	-11.6	-0.3	2.7	2.6	90	
8	2004.12.21	-7.9	-9	-4.4	0	1.4	91	
8	2004.12.22	-5.4	-8.4	-1.8	0	3	96	
8	2004.12.23	-1.3	-3	0.6	3.6	6	91	
8	2004.12.24	2.7	1.2	4.4	2.9	4.9	92	
8	2004.12.25	2.3	-0.8	4.6	0.7	4.5	85	
8	2004.12.26	2.1	1	2.6	0	1.5	91	
8	2004.12.27	1.7	1.4	2.2	6.5	2.1	94	
8	2004.12.28	1.1	0.4	1.6	3.4	0.9	98	
8	2004.12.29	0.8	0.4	1.2	0.3	1.3	93	
8	2004.12.30	-0.8	-2.8	0.3	0	2.6	90	
8	2004.12.31	1.7	0.6	2.8	2	5	94	
8	2005.01.01	2.4	2	2.6	2.6	0.9	98	
8	2005.01.02	0.7	-0.4	1.7	1.9	3.5	93	
8	2005.01.03	1.6	0.9	2	0.4	5.8	82	
8	2005.01.04	0.6	-0.4	1.6	2	2.8	89	
8	2005.01.05	3.2	0.9	4.8	5.7	4.9	88	
8	2005.01.06	3.2	2.8	3.8	1.5	4.4	85	
8	2005.01.07	3.9	2.3	6.8	1.8	6.5	88	
8	2005.01.08	7.9	7.2	9	0.5	5.9	84	
8	2005.01.09	4.9	1.8	6.2	6	8.4	70	
8	2005.01.10	5.1	4.6	8.2	1.5	6.3	86	
8	2005.01.11	8.1	5.8	9.2	0.4	5.4	84	
8	2005.01.12	6.1	4.8	7.6	0	4	86	
8	2005.01.13	4.7	3.4	5.6	1.1	4	88	
8	2005.01.14	2.4	1.2	3.2	1.1	4.6	89	
8	2005.01.15	0	-4.6	0.9	0	3.5	84	
8	2005.01.16	-2.9	-5.9	0.1	0	2.1	91	
8	2005.01.17	-2.3	-4.1	-0.1	0	4.3	81	
8	2005.01.18	-1.6	-3.6	0.8	0	4.5	70	
8	2005.01.19	-2	-4	0.3	0	4.8	71	
8	2005.01.20	-0.8	-2.2	0.8	2.4	5	87	
8	2005.01.21	0.8	0.4	1.2	5.9	4.3	95	
8	2005.01.22	0	-1	0.6	8.6	5.4	93	
8	2005.01.23	-1.7	-7.8	-0.3	3.1	3	90	
8	2005.01.24	-3.7	-5.2	-1.7	0	0.8	91	
8	2005.01.25	-4.3	-6.5	-3	0	2	87	
8	2005.01.26	-5.2	-7	-3.6	0	2	82	
8	2005.01.27	-8.4	-10.8	-6.9	0	3.6	86	
8	2005.01.28	-11.6	-13.2	-10.8	3.6	2.4	84	
8	2005.01.29	-7.9	-12.1	-4.2	2.6	1.3	90	
8	2005.01.30	-5.5	-7.4	-4.1	0.7	2.3	88	
8	2005.01.31	-3.6	-5	-1.4	3.9	4.9	92	
8	2005.02.01	-1.9	-4.7	1	0.4	2.5	90	
8	2005.02.02	-0.3	-1	0.9	4.8	1.5	94	
8	2005.02.03	-1.7	-5.9	-0.5	0.8	2.3	92	
8	2005.02.04	-6.9	-7.9	-6.2	0	1.3	92	
8	2005.02.05	-9.6	-13.1	-8.1	0	2.1	85	
8	2005.02.06	-14	-19.6	-8	0	0.9	80	
8	2005.02.07	-14	-20	-7.5	0	0.9	83	
8	2005.02.08	-14.5	-20.8	-7.3	0	0.9	75	
8	2005.02.09	-11.2	-17.8	-3.7	0	1.4	71	
8	2005.02.10	-6.5	-10.7	-0.9	0	3.6	74	
8	2005.02.11	-0.8	-3.7	2.2	2.9	4.5	87	
8	2005.02.12	-0.1	-1.7	1.1	0	2.6	87	
8	2005.02.13	-0.1	-2.4	2.7	5.7	6	86	
8	2005.02.14	-0.7	-2.4	0.1	0	2.8	90	
8	2005.02.15	-1.8	-2.8	-0.8	0	2	92	
8	2005.02.16	-0.9	-1.5	0	2.7	4	92	
8	2005.02.17	0.2	-0.5	0.6	1.4	2.4	97	
8	2005.02.18	-1.6	-2.8	-1	0.9	3	94	
8	2005.02.19	-3.1	-4.5	-2.6	0.1	1.5	84	
8	2005.02.20	-4.1	-11.4	-1.7	0.4	1.3	84	
8	2005.02.21	-5.8	-8.2	-3.5	0.2	1.4	87	
8	2005.02.22	-4.5	-8.3	-1.5	0.6	2.6	85	
8	2005.02.23	-0.3	-2	2.6	1.8	5.1	80	
8	2005.02.24	-1.1	-2.8	0.5	1.5	4.3	65	
8	2005.02.25	-5.8	-13.2	-2.8	0	1.4	68	
8	2005.02.26	-10.9	-14.3	-7.3	2.1	1.6	89	
8	2005.02.27	-12.3	-16.4	-10	1.6	3.1	78	
8	2005.02.28	-12.6	-16.4	-9.1	0	2.4	84	
8	2005.03.01	-13.9	-20.7	-10.4	0.8	1.3	76	
8	2005.03.02	-12.5	-17.9	-7.3	0.8	1.8	81	
8	2005.03.03	-5.5	-8.6	-1.4	1.7	2.5	71	
8	2005.03.04	-8.1	-13.9	-1.8	0	1.3	73	
8	2005.03.05	-6.3	-10.6	-2.9	0.8	1.9	85	
8	2005.03.06	-5.9	-7	-5.1	2	4.4	87	
8	2005.03.07	-5.2	-6	-4.1	13.4	4.6	92	
8	2005.03.08	-3.3	-4.8	-1.5	1.5	3	85	
8	2005.03.09	-6.4	-11	-4.6	0.4	4.4	81	
8	2005.03.10	-10.7	-13.9	-5.9	0	2.4	72	
8	2005.03.11	-6.3	-9.9	-1.6	1.6	2.1	89	
8	2005.03.12	-0.3	-3.9	1.9	3.9	4.3	87	
8	2005.03.13	-6.7	-10.9	-5.6	1	2.8	82	
8	2005.03.14	-5	-10.2	1	1	3.6	87	
8	2005.03.15	-1.1	-3.8	2.7	0	4.8	83	
8	2005.03.16	-0.1	-3.6	3.3	5.1	2.5	89	
8	2005.03.17	4.6	3.9	5.3	5.5	4.8	96	
8	2005.03.18	1.6	-3.2	3.6	1.1	4.9	83	
8	2005.03.19	-4.7	-7.4	-2.7	0.3	5.9	65	
8	2005.03.20	-4.2	-6.2	-2	0	4.5	70	
8	2005.03.21	-4.4	-7.8	-2.1	0	3	66	
8	2005.03.22	-3	-9.2	2.6	0	2.5	79	
8	2005.03.23	1.8	-0.8	6.1	0	0.6	70	
8	2005.03.24	2.6	-1.9	10.1	0	1.8	68	
8	2005.03.25	3	0.8	7.5	0	1.6	90	
8	2005.03.26	0.5	-2.1	4.3	0.1	1.6	95	
8	2005.03.27	2.2	1	3.4	0	1.4	77	
8	2005.03.28	2.1	-1.8	5.6	0	1.9	62	
8	2005.03.29	0.7	-3.2	4.5	0	1.6	60	
8	2005.03.30	0	-2.4	2.7	0	2.6	68	
8	2005.03.31	-0.2	-5	5	0	1.4	63	
8	2005.04.01	1.8	-4.7	8.2	0	1.3	68	
8	2005.04.02	3.5	-3.4	9.8	0	0.8	67	
8	2005.04.03	5.6	-1.4	13.6	0	1.6	58	
8	2005.04.04	6.9	-2.4	16.1	0	1.1	53	
8	2005.04.05	9.7	1.3	18.6	0	3.1	46	
8	2005.04.06	7.9	1.7	12.1	0.7	3.1	67	
8	2005.04.07	8.6	2.2	15.7	0	3.8	61	
8	2005.04.08	14.4	11.5	17.9	0	3.6	39	
8	2005.04.09	10.2	5.3	12.3	0	2.3	70	
8	2005.04.10	4.8	1.8	7	8.6	3.8	89	
8	2005.04.11	5.7	-0.5	11.3	0	4	66	
8	2005.04.12	11.9	8.1	17.3	0	2.9	67	
8	2005.04.13	11.2	6.9	16	0	1.9	68	
8	2005.04.14	11.4	3	18.8	0	1.3	65	
8	2005.04.15	11.8	6.7	16.4	1.2	2	78	
8	2005.04.16	13	7.1	18.9	0.4	2.1	78	
8	2005.04.17	11.5	10.1	12.1	23.5	1.9	91	
8	2005.04.18	10.3	7.4	12.3	0.4	2.6	90	
8	2005.04.19	8.1	2	10.7	0	3.9	73	
8	2005.04.20	1.6	-2	3.9	0	3.9	52	
8	2005.04.21	0.7	-3.6	5.2	0.1	2.1	70	
8	2005.04.22	3	0.7	7.3	0.7	2.8	71	
8	2005.04.23	2.7	0.2	5.8	0	2.1	66	
8	2005.04.24	3.3	-0.4	6	0	1.6	65	
8	2005.04.25	3.7	-3.7	9.1	0	2.1	60	
8	2005.04.26	6.8	0	12.8	0	3.3	55	
8	2005.04.27	7.8	4	10.6	0	2.3	72	
8	2005.04.28	6.7	0.9	10.9	0	1.4	78	
8	2005.04.29	9.7	5.5	13.6	0	2.3	55	
8	2005.04.30	9.6	1.2	15.4	0	1.3	56	
8	2005.05.01	8.8	5.5	11.9	0.5	1	72	
8	2005.05.02	9	1.9	14.6	0	1.8	69	
8	2005.05.03	9.1	7.5	13.5	1.1	2.6	72	
8	2005.05.04	11.2	6.8	16.8	0	2.3	86	
8	2005.05.05	9	7.2	10	8.8	4.1	90	
8	2005.05.06	9	5.9	13.1	0	3.9	78	
8	2005.05.07	9.1	4.2	11.2	3.6	2.5	81	
8	2005.05.08	8.3	2	12.8	0	1.4	73	
8	2005.05.09	7.5	6.1	9	12.4	2.8	81	
8	2005.05.10	6.7	2.2	10.2	2.5	2.9	78	
8	2005.05.11	6.8	1.4	11.6	0.9	2.4	78	
8	2005.05.12	6.5	1.8	11.5	1.5	2	83	
8	2005.05.13	8	5	12.4	17.4	5.6	85	
8	2005.05.14	10	4.4	15.2	0	3	51	
8	2005.05.15	10.7	5.3	16	0	2.3	66	
8	2005.05.16	12.7	6.6	14.9	1.8	4.3	72	
8	2005.05.17	10.2	4.8	14.3	7.6	2.3	83	
8	2005.05.18	9	6.7	10.9	0	3	81	
8	2005.05.19	9.6	6	13.1	3.5	3.8	67	
8	2005.05.20	10.6	2.6	16.8	0	3	56	
8	2005.05.21	12.6	3.2	19.6	0	1.5	61	
8	2005.05.22	16.4	9.8	21.9	0	2	70	
8	2005.05.23	15.7	10.5	21.7	0	2.5	79	
8	2005.05.24	18.3	11.4	26.2	0.1	2.3	78	
8	2005.05.25	14.2	6.7	19.9	0	2.5	67	
8	2005.05.26	17.3	9.4	24.1	0	2	65	
8	2005.05.27	19.1	11.3	25.3	0	3	60	
8	2005.05.28	20.3	13	26.2	0	1.9	54	
8	2005.05.29	21.6	13.8	30.4	0	2.8	63	
8	2005.05.30	17.8	10.5	24.2	0	1.9	63	
8	2005.05.31	13.2	7.9	13.8	10.5	3.1	88	
8	2005.06.01	10.1	5.2	12.9	4.1	3.8	77	
8	2005.06.02	9.1	4.6	12.6	0.5	2.1	80	
8	2005.06.03	12.9	7.7	17.3	0	2	68	
8	2005.06.04	16.9	9.4	24.5	3.1	2.9	74	
8	2005.06.05	16.3	11.9	19.6	9	2.6	78	
8	2005.06.06	12.9	9.3	15.1	5.1	2	83	
8	2005.06.07	11.1	8.4	14.4	9.9	2.3	82	
8	2005.06.08	10.1	7.2	12.4	0	3.1	80	
8	2005.06.09	12.5	8.4	17.6	9.2	3.3	73	
8	2005.06.10	13.1	7	18.2	0	1.9	71	
8	2005.06.11	12.3	9	12.7	16.9	2.8	89	
8	2005.06.12	11.6	6.5	15.1	0	2	73	
8	2005.06.13	12.9	5.4	19	0	1.4	67	
8	2005.06.14	17	8.3	23.8	0	1.8	62	
8	2005.06.15	18.4	9.8	24.4	0	1.3	65	
8	2005.06.16	17.8	14.1	21.7	0	1.6	73	
8	2005.06.17	17.2	13.3	21.1	0	1.8	78	
8	2005.06.18	15.8	13.1	18.9	38.7	2.9	84	
8	2005.06.19	16.6	13.2	21.3	2.3	4.1	75	
8	2005.06.20	15.9	11.9	20	2	3.6	67	
8	2005.06.21	15	10.3	19.6	0	2.5	60	
8	2005.06.22	14.9	9	21.1	3	2	74	
8	2005.06.23	16.3	12.3	21.4	0	2.3	75	
8	2005.06.24	18.7	10.6	25.8	0	1.9	71	
8	2005.06.25	21.2	14.7	26.9	0	2.3	70	
8	2005.06.26	17.1	13.2	19.2	5.8	4	70	
8	2005.06.27	16.3	9.4	22	0	2.4	64	
8	2005.06.28	15.7	11.5	19.3	4.4	3.6	75	
8	2005.06.29	12.6	10	16.8	6.2	2.6	84	
8	2005.06.30	13.5	9.8	17.6	0.1	2.8	74	
8	2005.07.01	14.6	7.8	19.9	0	2.3	77	
8	2005.07.02	16.1	9	21.2	0	1.9	74	
8	2005.07.03	17.1	10	22.6	0	1.9	73	
8	2005.07.04	17.6	10	22.8	0	1.8	71	
8	2005.07.05	18.9	10.9	24.4	0	1.5	63	
8	2005.07.06	19.5	12.6	25.9	0	1.9	64	
8	2005.07.07	17.6	11.6	26.1	9.7	1.8	76	
8	2005.07.08	18.6	10.7	24.9	0	1.1	75	
8	2005.07.09	20.1	13.9	25.2	0	1.6	64	
8	2005.07.10	20.1	14.1	24.9	0	2.4	56	
8	2005.07.11	20.4	11.9	26	0	1.9	59	
8	2005.07.12	20.7	11.6	27.4	0	1.8	66	
8	2005.07.13	21.3	14.6	26.7	0	1.6	65	
8	2005.07.14	20.9	13.3	26.3	0	2.4	70	
8	2005.07.15	19.6	11.3	25.1	0	1.4	70	
8	2005.07.16	19.6	13.7	26.1	16.3	1.6	74	
8	2005.07.17	18.4	15.3	22.2	0.8	1.8	71	
8	2005.07.18	17.5	14.6	20.8	0	2.1	70	
8	2005.07.19	19.7	13.8	25.2	0.4	1.3	69	
8	2005.07.20	18.5	13.3	20.6	3.2	2.6	73	
8	2005.07.21	14.7	10.5	17.5	1.1	3	73	
8	2005.07.22	13.5	11.7	16.2	13.2	3.5	87	
8	2005.07.23	16.2	13.3	20.5	13.5	4.6	78	
8	2005.07.24	16.6	13.5	19.7	0.4	2.4	83	
8	2005.07.25	17.7	11.6	22	0	2	73	
8	2005.07.26	18.9	15.8	22.2	1	2.5	82	
8	2005.07.27	17.7	12.5	21.5	0	1.1	80	
8	2005.07.28	18.6	14.2	24.1	5.6	1	84	
8	2005.07.29	20.7	15.1	26.4	0.1	0.5	84	
8	2005.07.30	24.3	16.9	31	2.9	2.1	74	
8	2005.07.31	19.8	16.3	21	0	1.6	85	
8	2005.08.01	20.7	17	25.3	0.3	1.9	76	
8	2005.08.02	18.3	11.8	23.8	0	2	73	
8	2005.08.03	18.9	11.5	24.4	0	1.3	71	
8	2005.08.04	17.9	14.6	19.9	5	2.3	81	
8	2005.08.05	16.9	14.3	20.1	1	2.8	77	
8	2005.08.06	13.9	11.3	14.9	13.7	1	93	
8	2005.08.07	15.4	11.7	19.2	1.1	1.8	80	
8	2005.08.08	13.9	10.9	16.7	0	2.4	86	
8	2005.08.09	12.5	11.4	13.1	62.7	8.4	95	
8	2005.08.10	12.9	11.9	16.3	56.4	9.1	88	
8	2005.08.11	13.9	11.1	17.1	0	5.1	79	
8	2005.08.12	14.7	13.5	17.1	0.5	3.6	88	
8	2005.08.13	16.1	12.9	19.9	0	1.9	78	
8	2005.08.14	14.7	12.3	17.7	1.9	2.6	82	
8	2005.08.15	15.9	10.9	19.6	0	1.4	80	
8	2005.08.16	16.9	9.2	23.9	0	1	76	
8	2005.08.17	16.1	10.3	21.4	0	1.4	78	
8	2005.08.18	14.9	7.6	21.7	0	1.9	78	
8	2005.08.19	17.1	10.3	23	0	2	70	
8	2005.08.20	17.1	10	22.9	0	1.5	66	
8	2005.08.21	17.3	9.2	24.2	0	0.6	71	
8	2005.08.22	17.9	10.9	24.4	0	0.8	73	
8	2005.08.23	19.5	13.2	24.2	0	2	67	
8	2005.08.24	19.7	12.9	25.8	0	1.9	67	
8	2005.08.25	20	13.3	26.6	0	1.9	66	
8	2005.08.26	16.7	14.1	18.2	6.7	2.8	90	
8	2005.08.27	14.9	8.7	19.8	1.1	2.3	75	
8	2005.08.28	13.7	7	20.5	0	1.1	78	
8	2005.08.29	16.8	12.7	22.4	0	1.3	74	
8	2005.08.30	17.5	12.1	23.5	0	2.9	71	
8	2005.08.31	13.5	7	19.2	0	1.5	73	
8	2005.09.01	12.9	6.8	18.8	0	1.4	73	
8	2005.09.02	13.2	5.9	20.4	0	0.6	75	
8	2005.09.03	14.4	6.1	22	0	0.9	73	
8	2005.09.04	14.7	7.8	22	0	1	73	
8	2005.09.05	13.5	9.4	19.5	0	1.5	81	
8	2005.09.06	14.1	6.4	22.1	0	0.9	75	
8	2005.09.07	16.1	8	24.8	0	2	70	
8	2005.09.08	18.4	12.9	25	0	2.9	67	
8	2005.09.09	19.4	12.9	26.9	0	1.4	70	
8	2005.09.10	19.2	13.1	26.3	0	1.3	73	
8	2005.09.11	17.8	13.9	22.4	0	1.6	85	
8	2005.09.12	16.6	10.7	22.5	0	0.6	86	
8	2005.09.13	15.2	8	18.2	0	2.9	79	
8	2005.09.14	12.8	6	19.7	0	2.5	72	
8	2005.09.15	14.6	11.3	16.4	0.1	3.9	76	
8	2005.09.16	10.7	7.6	12.3	18.9	2.8	90	
8	2005.09.17	8.4	4.6	12.3	0	2.1	78	
8	2005.09.18	8.1	1	15.2	0	0.9	72	
8	2005.09.19	9.5	3.9	14.7	0	2.6	76	
8	2005.09.20	13.3	11.6	15.2	0	1.1	84	
8	2005.09.21	13.8	12.9	16.3	1.6	0.8	90	
8	2005.09.22	14.1	12.3	16.5	0	0.8	87	
8	2005.09.23	14.4	9.2	17.8	0	2	77	
8	2005.09.24	11.9	7	17.8	0	1.8	75	
8	2005.09.25	12.1	7.1	18.9	0	1.5	76	
8	2005.09.26	13.5	8.2	20.2	0	1.6	74	
8	2005.09.27	15.6	11	21.2	0	1.9	76	
8	2005.09.28	15.7	11.8	21.5	3.1	2.4	76	
8	2005.09.29	13.6	12.4	14.1	0.4	1	91	
8	2005.09.30	12.5	10.9	14.2	19.2	1.5	92	
8	2005.10.01	12.1	10.2	14.1	0	1	96	
8	2005.10.02	14.2	12.1	18.8	0	1.6	91	
8	2005.10.03	12.6	9.8	15.4	0.9	1.3	94	
8	2005.10.04	11.2	6.4	14.7	0	1.6	89	
8	2005.10.05	10.1	5.5	14.4	0	0.9	86	
8	2005.10.06	9	2.8	16.7	0	0.5	86	
8	2005.10.07	10.1	4.6	17.6	0	0.6	83	
8	2005.10.08	9.8	3	18	0	1.4	77	
8	2005.10.09	10.3	5.6	15.3	0	2.3	77	
8	2005.10.10	10.2	5.2	17.4	0	1.4	82	
8	2005.10.11	9.3	5.3	15.2	0	1.6	76	
8	2005.10.12	6.8	1.4	13.6	0	0.6	81	
8	2005.10.13	7.5	4	10.9	0	1.3	88	
8	2005.10.14	9.4	7.6	10.6	0.9	0.9	93	
8	2005.10.15	9.1	6	12.3	0.4	3.6	79	
8	2005.10.16	5.8	4.2	7.6	0.3	4.3	77	
8	2005.10.17	6.3	4.1	8	0	4	78	
8	2005.10.18	5.9	4.2	7.5	0	3.8	81	
8	2005.10.19	4.8	2.7	7.8	0.1	0.8	95	
8	2005.10.20	6.2	4	8	0	2.8	90	
8	2005.10.21	6.2	2.9	9.8	0	3.3	86	
8	2005.10.22	10.8	7.9	14	0	4.3	79	
8	2005.10.23	12.7	10.5	14.3	9	4.3	83	
8	2005.10.24	7.9	2	10.1	1.4	3.8	83	
8	2005.10.25	2.8	-1.5	10.3	8.6	3.3	96	
8	2005.10.26	11.6	10.6	13.2	3.8	6	84	
8	2005.10.27	7.4	3	10.2	0.8	5.3	81	
8	2005.10.28	1	-2.2	4.6	0	2	75	
8	2005.10.29	-0.3	-3.9	3.6	0	3.4	63	
8	2005.10.30	1.2	-1.8	5.8	0	3.5	56	
8	2005.10.31	2.5	-1	8.3	0	3.4	59	
8	2005.11.01	3.6	-0.8	9.4	0	3.6	41	
8	2005.11.02	3.7	-0.5	10.2	0	2.5	63	
8	2005.11.03	4.2	0.6	8.7	0	2.4	76	
8	2005.11.04	6.7	3.2	11.7	0	3.1	73	
8	2005.11.05	5.4	2.7	6.4	0	4	72	
8	2005.11.06	6.8	2.8	9.4	3.3	2.9	88	
8	2005.11.07	2.9	1.4	5	0.5	2.6	97	
8	2005.11.08	4.8	3.2	6.7	2.6	1.5	97	
8	2005.11.09	6.2	5.8	6.8	0	1.1	97	
8	2005.11.10	4.3	2.9	6.1	0	2.1	97	
8	2005.11.11	5.1	3.9	7.2	0.3	3.6	97	
8	2005.11.12	7.6	6.8	8.5	0.1	2.8	96	
8	2005.11.13	6.9	5.4	7.4	0.5	3.9	94	
8	2005.11.14	5.3	5.1	5.6	0	3.9	91	
8	2005.11.15	5.5	4.3	7.3	0.4	7.9	80	
8	2005.11.16	4	0.2	5.8	2.1	4.6	86	
8	2005.11.17	0.6	0.2	1	5	1.3	96	
8	2005.11.18	0.6	-0.1	1.4	0	1.5	88	
8	2005.11.19	0.5	-2.1	1.1	1.7	1.5	89	
8	2005.11.20	-1	-1.8	0.2	0	1.4	89	
8	2005.11.21	-2.4	-4.4	-0.8	0	3.9	85	
8	2005.11.22	-0.6	-1.6	0.4	1	3	93	
8	2005.11.23	0.5	-0.1	1.5	0	1.5	97	
8	2005.11.24	-0.2	-1.9	1.2	0.1	3.3	87	
8	2005.11.25	-1.7	-2.2	-1.2	0.3	3.8	87	
8	2005.11.26	-0.8	-1.1	0.2	0	3.1	88	
8	2005.11.27	1.5	0.6	3.2	0	2.6	91	
8	2005.11.28	2.1	-0.6	4.1	4.6	4.6	92	
8	2005.11.29	-0.6	-1.2	0.2	1.1	4.1	89	
8	2005.11.30	-0.8	-1.6	0.7	0	3.1	89	
8	2005.12.01	-0.7	-6	1.3	0	2.6	87	
8	2005.12.02	-4.8	-7.3	-0.4	0	1.5	91	
8	2005.12.03	-4.6	-5	-3.7	0	3.5	87	
8	2005.12.04	-2.2	-3.6	-0.8	2.7	3.3	93	
8	2005.12.05	0.2	-0.2	1.3	2.7	3.8	95	
8	2005.12.06	1.2	0.8	1.6	0	4.4	94	
8	2005.12.07	0.9	0.2	1.5	4.4	3.8	94	
8	2005.12.08	-0.6	-2.4	0.1	1.1	2.6	98	
8	2005.12.09	-4.9	-9.2	-2.8	1.1	4	86	
8	2005.12.10	-2.4	-4.4	0.3	1.5	3	92	
8	2005.12.11	0.3	-1.4	2.2	4.8	5.9	92	
8	2005.12.12	3	0.5	4.9	1.4	4.6	95	
8	2005.12.13	1.3	0.1	2.9	0	4	88	
8	2005.12.14	0.3	-0.4	0.8	0.3	3	92	
8	2005.12.15	2.1	0.5	3.5	4.2	5.3	94	
8	2005.12.16	0.8	-0.7	2.5	4.4	3.6	92	
8	2005.12.17	-1.7	-2.6	-0.8	7.6	4.8	94	
8	2005.12.18	-3.7	-6.6	-1.9	0	2.9	88	
8	2005.12.19	-4.3	-6.9	-2.9	0	1.9	86	
8	2005.12.20	-6	-6.8	-5.5	0.8	2.5	93	
8	2005.12.21	-6.6	-8.2	-2.5	0.6	2.5	92	
8	2005.12.22	-3	-4	-2	2.4	2.9	94	
8	2005.12.23	-1.7	-2.9	-0.2	0.6	0.9	98	
8	2005.12.24	0.4	-0.1	1.9	4.1	2.6	97	
8	2005.12.25	0.6	-0.4	1.6	1.7	3.5	87	
8	2005.12.26	-0.3	-1.8	0.8	0.5	3	85	
8	2005.12.27	-4.7	-8.6	-1.8	0	2.6	92	
8	2005.12.28	-6	-7.2	-4.6	0.7	4	83	
8	2005.12.29	-1.5	-5.1	1.8	2.5	3.6	93	
8	2005.12.30	-3.1	-7.1	1.9	2.3	1.9	88	
8	2005.12.31	-0.4	-2.9	2.3	4.7	5.9	82	
8	2006.01.01	-0.7	-1.9	0.8	3.1	3.8	83	
8	2006.01.02	-0.4	-1.4	0.4	0.9	2.9	81	
8	2006.01.03	0.4	-0.1	0.7	5.1	2.4	95	
8	2006.01.04	-0.9	-2.7	-0.3	1.4	2.8	89	
8	2006.01.05	-4.3	-5.7	-3.3	0	3.1	80	
8	2006.01.06	-5.3	-6.4	-4.7	0	3	86	
8	2006.01.07	-7.8	-9.6	-5.7	0	1.1	86	
8	2006.01.08	-6.7	-7.8	-5.4	0	1.4	88	
8	2006.01.09	-5.7	-7.9	-3.9	0	0.9	96	
8	2006.01.10	-5.9	-7.2	-5.2	0	1.6	97	
8	2006.01.11	-6.6	-8.3	-4.1	0	4.3	95	
8	2006.01.12	-2.2	-4.2	1.5	0	5.3	95	
8	2006.01.13	1	-0.8	1.4	0	3.1	90	
8	2006.01.14	-3.7	-6.3	-1.3	0	1.5	96	
8	2006.01.15	-7.9	-9.6	-7.3	0	2.1	96	
8	2006.01.16	-10.5	-12.2	-9.1	0	1.6	95	
8	2006.01.17	-7.8	-9.2	-6.7	0	3.1	91	
8	2006.01.18	-7.9	-11.8	-6.4	0.4	4.5	85	
8	2006.01.19	-18.2	-23.6	-13.8	0.6	4.3	75	
8	2006.01.20	-23.9	-25.7	-22	0	2	73	
8	2006.01.21	-21.1	-22.8	-18.5	0	3.5	68	
8	2006.01.22	-21.7	-23	-19.9	0	2.8	75	
8	2006.01.23	-20.6	-23.4	-17.1	0	1.3	79	
8	2006.01.24	-17.5	-20.9	-12.9	0	3.1	77	
8	2006.01.25	-12.8	-14.8	-10.2	0	4	70	
8	2006.01.26	-11.6	-16.6	-8.4	0	1.3	76	
8	2006.01.27	-11.3	-16.4	-2.9	0	2.4	80	
8	2006.01.28	-1.3	-2	0.1	0	3.8	90	
8	2006.01.29	0.5	-0.4	1.5	0.7	4.5	89	
8	2006.01.30	0.3	0	0.8	0	4.9	89	
8	2006.01.31	0.8	0.4	1.1	4.6	4.4	94	
8	2006.02.01	0.9	0.2	1.2	2.2	3.9	94	
8	2006.02.02	0.2	-0.3	0.8	0.8	4	94	
8	2006.02.03	-0.5	-4.2	0	11.3	3.8	93	
8	2006.02.04	-10.8	-15.9	-5.2	0.8	3	84	
8	2006.02.05	-17.6	-23.2	-13.4	0.3	0.6	79	
8	2006.02.06	-19.4	-25.8	-11.3	0.2	1.1	77	
8	2006.02.07	-10.9	-13.7	-8.9	6.6	4.4	86	
8	2006.02.08	-8.6	-9.3	-7.8	2.7	3.8	85	
8	2006.02.09	-4.1	-7.1	-1.3	1.3	4	91	
8	2006.02.10	-6.3	-10.9	-5.1	0.2	2.4	83	
8	2006.02.11	-8.5	-13.2	-4.5	1.3	1.3	88	
8	2006.02.12	-7.1	-9.2	-5.2	0.4	3	83	
8	2006.02.13	-10.5	-12	-9.9	0	1	93	
8	2006.02.14	-9	-12	-4.5	1.1	1.8	88	
8	2006.02.15	-5.4	-7.2	-3.2	0.8	2.3	89	
8	2006.02.16	-8.6	-10.8	-6	0	3.6	81	
8	2006.02.17	-9.2	-11.8	-6.5	0	3.9	76	
8	2006.02.18	-3.8	-5.5	-1.6	0.5	2.1	86	
8	2006.02.19	-1.7	-2.8	-0.3	0	2.8	98	
8	2006.02.20	-0.4	-2.3	0.9	2	1	97	
8	2006.02.21	0	-0.5	0.8	7.7	3.4	96	
8	2006.02.22	-2.8	-10.5	-0.6	14.4	4.4	93	
8	2006.02.23	-6.6	-15.4	-0.5	0.2	1.6	89	
8	2006.02.24	-2.1	-6	-1	0	1.5	86	
8	2006.02.25	-8.8	-14.2	-5.8	0	0.9	93	
8	2006.02.26	-5.1	-8.4	-3.1	1.4	1.9	84	
8	2006.02.27	-11.8	-21.3	-4.1	0	1.5	80	
8	2006.02.28	-7.8	-10.8	-5.2	0	2.9	87	
8	2006.03.01	-8.9	-13.1	-5	1.4	3.1	79	
8	2006.03.02	-6.7	-8.8	-3.9	1.4	1.3	85	
8	2006.03.03	-4.2	-7.2	-1.7	0	4.1	86	
8	2006.03.04	-5.5	-8.5	-3.1	0.9	1.6	87	
8	2006.03.05	-6.8	-13.3	-0.8	0.3	2.8	80	
8	2006.03.06	-5.8	-9.8	-3.2	1.9	2.6	84	
8	2006.03.07	-7.3	-10.4	-2.9	0.3	2	83	
8	2006.03.08	-8	-15	-3.1	0.3	1.4	80	
8	2006.03.09	-11.1	-19.2	-2	0	1.1	74	
8	2006.03.10	-7.9	-12.9	-4.5	0.2	1.3	79	
8	2006.03.11	-4.7	-6.4	-3.3	0	2.4	83	
8	2006.03.12	-7	-8.4	-6.1	1.7	4.8	82	
8	2006.03.13	-6.9	-8.5	-4.6	0	2	83	
8	2006.03.14	-2.8	-6.4	0.9	0	2.3	82	
8	2006.03.15	-0.7	-3.6	1.2	0	2.9	80	
8	2006.03.16	-0.4	-1.7	1.1	0	2	76	
8	2006.03.17	0.9	-1.1	3.8	0	2	76	
8	2006.03.18	2	0.5	3.8	0	0.9	80	
8	2006.03.19	-0.4	-1.6	0.3	0.2	4.9	84	
8	2006.03.20	-2.1	-5.3	0.9	0.3	3.4	67	
8	2006.03.21	-3.3	-8.9	-1.3	2.3	3.3	74	
8	2006.03.22	-5.6	-11.9	1.1	0	1.6	71	
8	2006.03.23	-5.4	-12	0.9	0	1.9	68	
8	2006.03.24	-4	-10.5	2.7	0	2	67	
8	2006.03.25	-3.4	-9.2	3.5	0	1.1	60	
8	2006.03.26	-1.6	-8.8	5.1	0	1.5	57	
8	2006.03.27	0.8	-0.8	2	3	2.9	84	
8	2006.03.28	3.4	2	5.3	1.3	2.5	100	
8	2006.03.29	3.6	-0.4	8	0.6	0.6	96	
8	2006.03.30	2.4	-0.6	6.5	0.3	1.1	87	
8	2006.03.31	4.4	1.2	9.4	0	2.5	83	
8	2006.04.01	4.3	0.5	5.3	0.1	3	89	
8	2006.04.02	3.8	0	9.8	1.3	1.6	89	
8	2006.04.03	5.1	0.2	9.6	2.6	1.6	93	
8	2006.04.04	3.9	0	9.4	0.3	1.8	89	
8	2006.04.05	3.4	2	5.6	1	2.4	80	
8	2006.04.06	2.2	-2.2	4.3	0.1	2.4	72	
8	2006.04.07	2.3	-2.9	7.8	0	2.6	69	
8	2006.04.08	5.3	-0.4	11.8	0	2.4	59	
8	2006.04.09	7.7	1.8	15	1.2	4	55	
8	2006.04.10	6.3	2.4	10.6	3.8	2.5	77	
8	2006.04.11	4.3	0.1	6.8	6.9	2.1	82	
8	2006.04.12	3	-1.4	7.8	0	1.3	76	
8	2006.04.13	4.1	-0.1	8.8	0	0.8	66	
8	2006.04.14	3.2	-0.8	8	3	2.6	82	
8	2006.04.15	6	2	8.6	0.6	4.6	70	
8	2006.04.16	6	-1.4	12	0	2.5	66	
8	2006.04.17	8	2.6	10.5	3.2	2.4	83	
8	2006.04.18	6.2	0.2	13.2	1.1	1.9	80	
8	2006.04.19	7	2.2	10.9	0.7	2.3	76	
8	2006.04.20	8.1	0	16.3	0	2.6	65	
8	2006.04.21	7.8	2.8	12.2	1	2.4	70	
8	2006.04.22	7.9	4.3	12.3	0	2	57	
8	2006.04.23	7.9	0.6	14	0	2.5	40	
8	2006.04.24	10.8	3.2	17.2	0	2.5	34	
8	2006.04.25	13.5	10.1	18.2	0	3.9	34	
8	2006.04.26	10.6	6.3	14.5	0.1	2.6	64	
8	2006.04.27	12.6	8.2	16.6	0.7	4.9	44	
8	2006.04.28	12	5.5	18.2	0	3.1	40	
8	2006.04.29	12.9	7.4	16.8	0	4	38	
8	2006.04.30	12.2	7.2	16.2	0	4	44	
8	2006.05.01	11.4	6.6	16.4	0	5.1	44	
8	2006.05.02	10.6	8.4	11.4	3.3	4.3	58	
8	2006.05.03	13.2	7.6	18.4	0	2.4	49	
8	2006.05.04	13.4	5.1	20.5	0	1.4	43	
8	2006.05.05	13.7	4	21.7	0	2	47	
8	2006.05.06	16.1	7.8	23.2	0	3	36	
8	2006.05.07	17.2	10.2	22.4	0	3.1	32	
8	2006.05.08	15.4	8.1	21	0	2.9	43	
8	2006.05.09	12.1	4.4	18.7	0.1	3	46	
8	2006.05.10	11.2	4.4	17.2	2.3	2.8	64	
8	2006.05.11	12.8	3.3	19.6	0	2	56	
8	2006.05.12	14.9	6.2	22.1	0	2.5	50	
8	2006.05.13	14.8	6.3	22.4	0	3.3	55	
8	2006.05.14	13.5	5	16.5	1.1	2.1	71	
8	2006.05.15	9.3	2.7	15.4	0	3.5	60	
8	2006.05.16	8.1	3.2	13.3	5.4	1.9	76	
8	2006.05.17	11	6.8	14.8	0	0.9	81	
8	2006.05.18	14.8	9	18.9	0	1.6	69	
8	2006.05.19	14.6	12.2	16.2	3.5	3.3	75	
8	2006.05.20	13.8	10	17.8	3.6	3.6	74	
8	2006.05.21	11.8	10.9	13.2	3.5	5	80	
8	2006.05.22	14.9	10.2	19.4	0.9	3.8	68	
8	2006.05.23	17.3	12.1	21.6	3.7	3.4	64	
8	2006.05.24	12.5	8.5	15.1	0	2.3	71	
8	2006.05.25	10.7	4.4	16.4	6.1	2.6	73	
8	2006.05.26	10.5	3.9	12.9	1.2	2.8	72	
8	2006.05.27	8.7	3.8	12.6	1	3.3	75	
8	2006.05.28	8.3	3.4	13.3	5.9	3	83	
8	2006.05.29	10.7	7	13.8	5.7	4.5	76	
8	2006.05.30	9.3	6	15.2	5.9	1.5	82	
8	2006.05.31	10.8	5.2	14.3	0	1.8	74	
8	2006.06.01	9.7	4.8	13.9	2.4	2.6	75	
8	2006.06.02	11.7	6.5	16.6	0	2.1	70	
8	2006.06.03	13.1	6.1	19.8	0	1.9	65	
8	2006.06.04	10	8.3	10.9	9.4	2.6	89	
8	2006.06.05	10.3	8.6	12.5	1.4	4.1	86	
8	2006.06.06	11.6	7.4	14.8	1.5	5	73	
8	2006.06.07	9.6	5.3	13.7	0	2.9	69	
8	2006.06.08	10.2	5.2	14.9	5.6	1	75	
8	2006.06.09	12.3	7.9	15.3	0	3.1	71	
8	2006.06.10	12	3.7	17.5	0	1.6	70	
8	2006.06.11	14.8	9.1	20.4	0	2.8	62	
8	2006.06.12	16.9	11.4	21.2	0	2.1	56	
8	2006.06.13	16.7	7.9	22.6	0	1.5	57	
8	2006.06.14	18	10	23.4	0	1.6	55	
8	2006.06.15	18.7	11.2	24.9	0	1.9	60	
8	2006.06.16	15.7	8.8	21.1	0	2.9	59	
8	2006.06.17	18	7.8	26	0	1.1	55	
8	2006.06.18	17.2	12.7	21.1	4.2	1.6	80	
8	2006.06.19	18.7	14.8	22.3	7.1	1.6	82	
8	2006.06.20	20.7	13.1	26	0	2	71	
8	2006.06.21	22	14.7	27.7	0	2.3	67	
8	2006.06.22	24.1	19.9	28.1	0	3.8	63	
8	2006.06.23	19	13.3	22.4	2.1	2.5	75	
8	2006.06.24	16.1	10.4	21.4	0	2.1	69	
8	2006.06.25	17.6	9	23.8	0	1.6	58	
8	2006.06.26	20.1	11.2	27.2	0	2	57	
8	2006.06.27	22.7	17.4	27.5	6.6	2.9	76	
8	2006.06.28	18	15	18.9	3.2	2.5	83	
8	2006.06.29	16.7	12.4	20.8	0	3	73	
8	2006.06.30	18.2	11.4	23.6	0	3.3	65	
8	2006.07.01	18.1	10.2	23.8	0	2.1	58	
8	2006.07.02	18.7	12.7	23.4	0	1.8	56	
8	2006.07.03	18.7	9.2	25.1	0	1.4	55	
8	2006.07.04	20.1	10	26.9	0	1	57	
8	2006.07.05	21.6	12.6	28	0	1.4	57	
8	2006.07.06	23.5	15.1	30.9	0	1.9	60	
8	2006.07.07	24.4	15.5	31.6	0	2.4	64	
8	2006.07.08	25.2	16.1	32.4	0	2	55	
8	2006.07.09	25.3	17.1	32	0	1.8	56	
8	2006.07.10	23.4	17	30.9	0.1	2	63	
8	2006.07.11	25.5	17.9	32.5	0	2	62	
8	2006.07.12	23.2	20.5	24.6	0	1.8	76	
8	2006.07.13	22.5	16.2	29.5	5.8	0.9	79	
8	2006.07.14	20.2	16.9	22.3	3.8	2.1	80	
8	2006.07.15	17.1	14.1	20.2	0.3	5	70	
8	2006.07.16	17.1	11.1	22.5	0	5.1	52	
8	2006.07.17	17.4	9.5	24.2	0	2.3	56	
8	2006.07.18	19.4	14.7	24.4	0	3.6	64	
8	2006.07.19	18.2	14.1	22.3	0	3.5	59	
8	2006.07.20	18.3	10.2	24.4	0	2	58	
8	2006.07.21	20.5	15.7	27	1.3	2.8	54	
8	2006.07.22	21.7	17.3	28.4	12.4	1.6	77	
8	2006.07.23	21.6	14.8	28	0	2	73	
8	2006.07.24	22.7	14.5	29.3	0	0.8	62	
8	2006.07.25	22.6	18.9	26.9	0	2.3	69	
8	2006.07.26	22.5	14.7	28.3	0	2.3	63	
8	2006.07.27	20.8	15.5	25.6	0	3.3	56	
8	2006.07.28	18.5	10.1	24.7	0	1.6	48	
8	2006.07.29	20.1	12.4	27	0	1.5	55	
8	2006.07.30	18.3	17.3	19.1	3.1	1.9	79	
8	2006.07.31	19.9	15	25.3	0	1.4	76	
8	2006.08.01	18.6	14.3	22.2	1	1.8	83	
8	2006.08.02	18.4	14.9	21.5	8.4	1.5	91	
8	2006.08.03	18.4	12.1	23.9	0	2	71	
8	2006.08.04	16.1	10.7	19.9	2.4	1.9	83	
8	2006.08.05	17.5	15.9	19.1	0.9	2.5	89	
8	2006.08.06	18.1	16.9	19.3	1	4.4	89	
8	2006.08.07	17.8	16.9	19.1	5.6	2.6	95	
8	2006.08.08	17.5	16.9	18.2	0.1	2.4	90	
8	2006.08.09	18.5	12.6	23.2	0	2	64	
8	2006.08.10	17.2	9.8	23.3	0	0.6	67	
8	2006.08.11	17.8	9.7	23.6	0.1	0.8	70	
8	2006.08.12	16.5	15.1	16.7	14.5	1.5	84	
8	2006.08.13	18	14.7	23.3	7.5	2.4	86	
8	2006.08.14	15.9	13	17.1	37.6	2.6	96	
8	2006.08.15	16.6	13.2	21.9	0	3.4	80	
8	2006.08.16	17.3	13.4	22	0	3	76	
8	2006.08.17	18.4	12.4	24.8	0	1.6	76	
8	2006.08.18	22	15	28.2	0	1.9	75	
8	2006.08.19	20.1	17.5	24	8.9	1.6	87	
8	2006.08.20	19.9	15.2	25.1	0	1.6	81	
8	2006.08.21	17.8	13.5	22	15.6	0.9	87	
8	2006.08.22	16.1	11.9	20.4	1.9	1.4	86	
8	2006.08.23	15.9	14.2	18.4	14.7	1.5	91	
8	2006.08.24	17.1	15	20.4	0	3.6	84	
8	2006.08.25	17.7	14	22.5	0	3	80	
8	2006.08.26	15.5	10.5	18.9	0	0.9	88	
8	2006.08.27	17.4	13.9	21.4	3	2.5	82	
8	2006.08.28	15.5	11.5	19.5	0.3	3.3	80	
8	2006.08.29	14.1	8.7	20.1	3	2.3	86	
8	2006.08.30	15.7	14.1	17.7	11.6	2.5	93	
8	2006.08.31	16	14	19.7	2.7	6.6	81	
8	2006.09.01	17.4	14.7	20.7	0	5.6	74	
8	2006.09.02	16	13.8	19.8	1.8	2.9	90	
8	2006.09.03	16.7	12	22.7	5.9	2.5	88	
8	2006.09.04	16.3	13.7	17.4	28.7	5.4	86	
8	2006.09.05	14.3	13.4	16.9	4.5	5.6	83	
8	2006.09.06	15.4	10.2	17.1	0	5.4	76	
8	2006.09.07	15.8	11.5	21.4	0.6	3.5	88	
8	2006.09.08	16	10	18.4	27.6	4.3	82	
8	2006.09.09	12.6	9.6	16.3	1.5	4	79	
8	2006.09.10	15	9.5	18.3	0	3.8	81	
8	2006.09.11	12.7	8.4	17.8	0	1.4	85	
8	2006.09.12	13	6.7	19.9	0	1.1	80	
8	2006.09.13	14.3	7.3	21.9	0	1.3	78	
8	2006.09.14	15	8.2	23	0	0.9	79	
8	2006.09.15	14.2	8.3	21	0	1.8	82	
8	2006.09.16	11.7	6.3	17	0	2.9	66	
8	2006.09.17	12.4	5.6	19.9	0	2.4	73	
8	2006.09.18	14.5	9	20.2	0	1.9	74	
8	2006.09.19	16.1	10.3	22.8	0	1.8	85	
8	2006.09.20	14.9	9.8	17	10.9	2.1	90	
8	2006.09.21	13.3	9.4	18.8	0	2.1	84	
8	2006.09.22	13.2	7.7	19	0	0.8	81	
8	2006.09.23	13.2	6.7	20.4	0	0.8	83	
8	2006.09.24	14.8	8.2	23	0	0.6	80	
8	2006.09.25	15.6	10	23.2	0	1	79	
8	2006.09.26	14.4	7.8	21.6	0	1	82	
8	2006.09.27	14.7	7.8	21.4	0	1.4	80	
8	2006.09.28	14.7	11.9	18.2	0.9	1.6	84	
8	2006.09.29	12.8	8.3	18.1	0.4	1.5	91	
8	2006.09.30	14.1	10.7	19.3	0	1.1	88	
8	2006.10.01	14.3	8.8	20.6	0	1.5	86	
8	2006.10.02	15.1	12.1	16	7.5	2.6	92	
8	2006.10.03	13.6	12	16	0	3.5	87	
8	2006.10.04	13.4	12.5	15.7	23.3	2.9	94	
8	2006.10.05	12.6	8.6	15.1	3.6	3	90	
8	2006.10.06	9.9	8.2	12.3	0	3.3	92	
8	2006.10.07	13.6	11.5	16.5	0.3	3.3	78	
8	2006.10.08	12.4	11	13.3	6.9	4.8	85	
8	2006.10.09	12.2	9.2	16.6	0	3.8	82	
8	2006.10.10	10.9	9	13.5	0	1.5	89	
8	2006.10.11	11.9	8.7	16.3	0	2.3	85	
8	2006.10.12	9.3	6.3	12.6	0	1.5	85	
8	2006.10.13	8.1	5.8	9.7	0.1	2.3	91	
8	2006.10.14	8.3	7.2	9.4	0	2	83	
8	2006.10.15	9.6	4.6	10.8	1.6	4.8	84	
8	2006.10.16	5.6	4.6	6.9	0	1.6	86	
8	2006.10.17	6.6	2.7	10	0	1.3	80	
8	2006.10.18	5.7	1.4	9.4	0	3.6	77	
8	2006.10.19	6.4	2.5	12.3	0	2.3	78	
8	2006.10.20	5.7	-0.6	13.2	0	0.9	82	
8	2006.10.21	8.9	5.4	13.9	0	2.3	82	
8	2006.10.22	10.6	7.9	15.1	0	2.9	91	
8	2006.10.23	11.1	8	14.9	0	3.1	89	
8	2006.10.24	13.2	10.7	16.5	2	3.3	89	
8	2006.10.25	11.2	7.6	11.9	2.2	3.9	91	
8	2006.10.26	7.5	3.6	10.1	0.3	2.6	92	
8	2006.10.27	12.6	9.3	18.1	0	6.1	74	
8	2006.10.28	8.9	5	11.2	0	5.1	62	
8	2006.10.29	5	-1.4	8	2.6	4.4	90	
8	2006.10.30	-1.2	-4.1	3.1	0	2.3	80	
8	2006.10.31	1.5	-1	6.1	2.4	5.3	81	
8	2006.11.01	6.1	3	7.8	1.9	5.4	83	
8	2006.11.02	0.6	-3	2	0.6	4.1	80	
8	2006.11.03	-2.2	-3.9	-0.2	0	4.4	77	
8	2006.11.04	-2.4	-5.1	0.2	2.3	4.1	82	
8	2006.11.05	-5.1	-9.9	-3.6	0	2	83	
8	2006.11.06	-4.9	-7.4	4.6	3.8	4.3	87	
8	2006.11.07	5.6	2.8	7.8	2.1	4.3	92	
8	2006.11.08	7.8	5.8	8.6	0.1	4.4	90	
8	2006.11.09	5.7	3	8	7.5	6.1	90	
8	2006.11.10	2.6	0.4	6	2	5.5	82	
8	2006.11.11	0	-2.4	1.9	0	3.1	89	
8	2006.11.12	3.8	1.6	5.6	4.5	4.4	91	
8	2006.11.13	3.2	2.4	5.3	0.2	1.8	93	
8	2006.11.14	3.8	1.9	7.1	4.3	3.3	94	
8	2006.11.15	7.2	5.9	8.8	0.6	3.6	92	
8	2006.11.16	9.5	6.8	10.3	2	2.9	94	
8	2006.11.17	5.2	4.3	6.2	0.6	2.6	100	
8	2006.11.18	6.6	6.2	7.8	0	3.8	98	
8	2006.11.19	8	7.5	9	0	2.3	94	
8	2006.11.20	7.4	4	7.8	0.3	3	91	
8	2006.11.21	6.9	4.6	9.2	0	3.1	91	
8	2006.11.22	6	5.1	6.4	0	4.5	90	
8	2006.11.23	6.3	6	6.8	4	3.4	95	
8	2006.11.24	7.3	6	9.2	0.4	4.3	91	
8	2006.11.25	5.7	4.2	7.4	0	2.5	95	
8	2006.11.26	6.2	3.8	8.8	0	3.3	92	
8	2006.11.27	4.5	2.5	6.2	2.7	1.9	99	
8	2006.11.28	2.6	1.2	3.5	0.8	2.5	100	
8	2006.11.29	4.5	3.2	6.2	0.2	3.3	100	
8	2006.11.30	6.7	5.6	7.8	0.1	3.3	91	
8	2006.12.01	5.9	2.9	7	0.1	3.8	92	
8	2006.12.02	3.5	1.6	4.3	0	4.5	94	
8	2006.12.03	2.2	1.2	3	0	5.6	94	
8	2006.12.04	2.8	1.4	4.2	0.5	4.1	91	
8	2006.12.05	5.5	3.6	9.2	2.1	4.9	94	
8	2006.12.06	9.1	8.1	10.5	0	5.4	85	
8	2006.12.07	7.6	5.8	8.4	0	3.6	89	
8	2006.12.08	7.1	5.2	8.6	0	3.9	89	
8	2006.12.09	7.1	5.9	9.9	0	4.3	84	
8	2006.12.10	5.9	4.1	7.1	2.7	3	90	
8	2006.12.11	4.2	0.2	6	1.2	3.3	90	
8	2006.12.12	0.3	-0.2	0.8	5	4.1	94	
8	2006.12.13	2.5	1.8	4.6	2.4	5.4	94	
8	2006.12.14	6	4.3	8.1	1.6	5.5	93	
8	2006.12.15	8.1	7.6	8.3	0.5	6.8	89	
8	2006.12.16	5.1	3.3	7	0.4	4.9	84	
8	2006.12.17	4.3	1.6	5.3	0.6	4.8	85	
8	2006.12.18	2.1	-1.1	3.9	0	3.5	90	
8	2006.12.19	-0.8	-2.9	1	0	2.8	96	
8	2006.12.20	0.4	-0.6	2.5	5.9	3.6	95	
8	2006.12.21	2.2	1	4.7	0.8	2.1	94	
8	2006.12.22	5	4.8	6.1	0	4.8	88	
8	2006.12.23	5.2	2.1	6.3	0	4.4	84	
8	2006.12.24	5.6	3.5	7.3	0.3	5.1	89	
8	2006.12.25	0.2	-3.9	3.4	0.4	5.5	75	
8	2006.12.26	-1.8	-4.5	2	0	3.3	88	
8	2006.12.27	4.2	3.6	5.1	0.9	5.1	87	
8	2006.12.28	4.1	2.9	4.7	2.1	4.5	89	
8	2006.12.29	2.3	0.4	3.1	1.4	3.4	92	
8	2006.12.30	1.4	0.2	2.9	0	3.9	90	
8	2006.12.31	2.9	0.8	6.8	4.9	6.9	88	
8	2007.01.01	5.2	4.4	6	3.7	6.1	88	
8	2007.01.02	4.2	3.2	4.6	1	6.8	82	
8	2007.01.03	3.3	1.8	5	1	4.1	89	
8	2007.01.04	2.7	2	3.8	1.7	4.8	92	
8	2007.01.05	5	4	6.1	2.5	4.9	94	
8	2007.01.06	4.6	2.3	6	0.8	3.9	91	
8	2007.01.07	2.9	1.6	3.3	1.4	2	94	
8	2007.01.08	3.5	2.7	4.5	0	4	90	
8	2007.01.09	5.1	3.4	8.2	0.5	4.8	91	
8	2007.01.10	9.8	9.2	11.5	0	6	83	
8	2007.01.11	6.4	3.6	8.9	4.8	7.8	77	
8	2007.01.12	4.2	2.8	6	7.2	7	86	
8	2007.01.13	5.5	3.4	7.8	7.3	7.9	82	
8	2007.01.14	4.3	1.8	6.9	2.1	6.1	80	
8	2007.01.15	4.7	3.4	5.6	1.1	8.5	70	
8	2007.01.16	3.9	3	5.2	0	5.8	82	
8	2007.01.17	4.5	3.8	5.8	0.8	4.9	94	
8	2007.01.18	5.5	3.3	8.5	7.8	5.8	89	
8	2007.01.19	4.8	1.2	9.4	17.4	7.3	86	
8	2007.01.20	0.4	-0.6	1.2	1.4	6.3	80	
8	2007.01.21	4	2.9	5.3	4.2	6.4	73	
8	2007.01.22	2.3	0.3	3.7	4	5.3	85	
8	2007.01.23	-1.6	-6.9	1.1	2.4	3.4	89	
8	2007.01.24	-6.6	-7.6	-5.4	0	3.1	84	
8	2007.01.25	-8.4	-11.5	-7	0	3.9	84	
8	2007.01.26	-9.4	-13.2	-5.6	0	3.6	82	
8	2007.01.27	-3.7	-5.6	-1	2.4	6	83	
8	2007.01.28	-5.5	-7.4	-4.3	1.9	3.6	83	
8	2007.01.29	-8.1	-10.8	-5.6	2.8	3.5	78	
8	2007.01.30	-4.6	-11.6	-2.4	2.1	4.3	83	
8	2007.01.31	-4.3	-10.5	1	5.8	4	91	
8	2007.02.01	-2	-10.4	0.3	11.4	5.1	91	
8	2007.02.02	-3.9	-6.2	0.2	0	2.4	90	
8	2007.02.03	1.4	0.7	2.1	5.6	6.1	90	
8	2007.02.04	1.7	0.6	2.4	0	4.5	84	
8	2007.02.05	1.6	0	2	0.7	4.8	92	
8	2007.02.06	-1.7	-4.9	-0.3	1.9	3.9	81	
8	2007.02.07	-7	-8.7	-5.7	0	2	82	
8	2007.02.08	-6.6	-8.2	-4.5	1.3	3.3	81	
8	2007.02.09	-8.6	-12.8	-7.8	2	3.5	84	
8	2007.02.10	-13.1	-14.8	-11.7	0.2	2.6	78	
8	2007.02.11	-11.1	-11.8	-9.3	0	1.9	86	
8	2007.02.12	-10.7	-13.9	-6.8	0.5	3.5	78	
8	2007.02.13	-5.3	-7.2	-3.1	0	2.8	84	
8	2007.02.14	-2.1	-3.4	-0.2	1.6	1	89	
8	2007.02.15	-0.4	-3.7	0.7	0	1.9	83	
8	2007.02.16	-4.7	-9.2	-2	0	1.6	72	
8	2007.02.17	-7.4	-11.5	-2.7	0	2.1	69	
8	2007.02.18	-4.7	-10.1	1.1	0	5.1	80	
8	2007.02.19	0	-2	1	0	3.8	85	
8	2007.02.20	-0.2	-6.8	1.3	0.9	2.8	82	
8	2007.02.21	-12.2	-16.2	-10.2	0	3.3	67	
8	2007.02.22	-14.7	-16.8	-11.2	0	3.6	59	
8	2007.02.23	-15.3	-19	-10.8	0	2.8	63	
8	2007.02.24	-13.5	-17.3	-8.4	0	3.5	60	
8	2007.02.25	-7.6	-9.6	-4.7	0	5.4	58	
8	2007.02.26	-4.1	-5.3	-2.3	2	5.4	78	
8	2007.02.27	0.1	-2	2.5	4.9	4.3	92	
8	2007.02.28	0.9	-0.1	2.4	2.3	4.1	87	
8	2007.03.01	2.8	1.4	4.5	0.8	3.5	98	
8	2007.03.02	3.9	1.6	5.2	3	3.4	94	
8	2007.03.03	2	1.2	2.7	0.8	2.3	96	
8	2007.03.04	1.9	1	3.5	0.3	1.9	93	
8	2007.03.05	1.7	-1.4	5.2	0.5	2.1	80	
8	2007.03.06	0.9	-0.2	2.5	1.5	3	91	
8	2007.03.07	4.7	1.5	10	0.1	3.4	84	
8	2007.03.08	6.8	2.9	12.4	0	2.9	78	
8	2007.03.09	5	-1.3	6.5	2.6	2.4	85	
8	2007.03.10	3.5	-1.6	10	0	2.8	79	
8	2007.03.11	3.2	0	5.8	0.8	4	93	
8	2007.03.12	6.5	1.1	10.2	1.1	2	93	
8	2007.03.13	4.7	-2.5	14	0.3	1.4	82	
8	2007.03.14	5.9	3.6	8.9	0	3.6	75	
8	2007.03.15	5.2	3.1	8.2	0	3.4	81	
8	2007.03.16	6	3.2	8.4	0	4	79	
8	2007.03.17	4.3	2.9	5.2	5	5.4	87	
8	2007.03.18	3.8	1.5	7	5.1	6	88	
8	2007.03.19	4.5	1.9	6.6	3.7	5.1	76	
8	2007.03.20	2.8	-1	6.2	0	1.9	87	
8	2007.03.21	9.6	5.9	13.1	0	3.5	73	
8	2007.03.22	9.3	0.9	12.3	0	4.4	61	
8	2007.03.23	7.6	2.9	12.6	0	3.5	71	
8	2007.03.24	9.4	4.6	14.3	0	4.4	45	
8	2007.03.25	7.3	0.5	14	0	2.5	53	
8	2007.03.26	6.8	-1.1	14.6	0	1.8	57	
8	2007.03.27	8.1	1.6	15.8	0	2.3	60	
8	2007.03.28	8.2	1.6	15.7	0	1.3	60	
8	2007.03.29	7.5	1	14.1	0	1.5	56	
8	2007.03.30	6.7	-0.3	14.2	0	1.4	58	
8	2007.03.31	6.9	-0.6	15.1	0	1	62	
8	2007.04.01	7.5	1.8	12.2	0	3.3	53	
8	2007.04.02	4.7	-1.9	11.5	0	1.8	60	
8	2007.04.03	5.8	-0.5	12.7	0	2.5	66	
8	2007.04.04	2.2	-2.4	4.7	0	3.9	61	
8	2007.04.05	2.1	-3.4	6.1	0	4.8	68	
8	2007.04.06	5.5	0.4	7.4	0	5.5	60	
8	2007.04.07	2	-3.4	5.9	0	4.3	63	
8	2007.04.08	1.3	-2.8	4.8	1	3.6	68	
8	2007.04.09	-0.5	-2.9	4.8	7.5	2.9	84	
8	2007.04.10	3.5	2.1	4.8	1.3	3.8	85	
8	2007.04.11	7	3.7	11	0.1	4.1	81	
8	2007.04.12	7.7	2.8	12.1	0	3.8	60	
8	2007.04.13	5.5	-0.7	11.7	0	2.6	56	
8	2007.04.14	9.5	1.3	16.7	0	3.6	52	
8	2007.04.15	9.8	3.7	15.4	0	3.1	52	
8	2007.04.16	11	1.9	18.8	0	1.5	59	
8	2007.04.17	14.1	5.1	21.9	0	2.8	57	
8	2007.04.18	8.8	4.3	10.3	2.7	4.3	66	
8	2007.04.19	7.1	3.4	10.7	0	4.6	64	
8	2007.04.20	5.2	1.3	6.5	4.3	8	67	
8	2007.04.21	3.7	0.6	6.3	0	7.4	56	
8	2007.04.22	5.8	2	10.9	0	6.4	50	
8	2007.04.23	6.5	-0.1	12.5	0	1.9	49	
8	2007.04.24	12.3	7.6	17.7	0	2	43	
8	2007.04.25	11.9	3.4	19.6	0	1.1	66	
8	2007.04.26	13.4	6	20.7	0	1.8	61	
8	2007.04.27	14.9	6.6	22.1	0	2.6	58	
8	2007.04.28	13.6	6.6	17.5	0	3.1	52	
8	2007.04.29	6.8	3.4	10.7	0	4.4	41	
8	2007.04.30	4.9	-0.4	6.7	0	5	51	
8	2007.05.01	2.8	-1.8	7.1	0	4.3	57	
8	2007.05.02	4.8	-4.4	9.7	0	3	51	
8	2007.05.03	5	0.4	8.3	0	3.5	67	
8	2007.05.04	8.4	-0.7	17.7	0	3.1	61	
8	2007.05.05	9	3.1	13.7	0	3	60	
8	2007.05.06	10.7	3.6	16.9	0	2.9	47	
8	2007.05.07	11.5	8.6	16.5	5	2.6	83	
8	2007.05.08	10.7	8.2	12.8	7.4	3.6	82	
8	2007.05.09	9	6.6	12.7	2.2	4	83	
8	2007.05.10	9.8	6.8	13.2	0.3	4	73	
8	2007.05.11	11.4	9.4	15.3	6.1	3.8	87	
8	2007.05.12	10.7	8.6	11.6	3.7	4.1	87	
8	2007.05.13	11.8	5.4	17	1.2	2.1	77	
8	2007.05.14	16.4	9.8	24.2	0	2.9	70	
8	2007.05.15	18.3	10.9	23.1	0	4	67	
8	2007.05.16	9.5	6.8	10	1.7	2.1	73	
8	2007.05.17	9.8	2.6	14.5	0.3	1.5	76	
8	2007.05.18	11.7	6.2	16.5	0	2.3	73	
8	2007.05.19	13.5	5	20.7	0	1.3	64	
8	2007.05.20	16.3	6.9	24.1	0	1.1	64	
8	2007.05.21	20	10.5	27.6	0	1.9	61	
8	2007.05.22	22.2	13.7	28.7	0	0.8	67	
8	2007.05.23	19.4	11.5	24.9	0	2.6	72	
8	2007.05.24	14.4	7.4	21.1	0	1.8	65	
8	2007.05.25	18.4	8.7	26.2	0	2	62	
8	2007.05.26	23.3	17.5	30.5	18.8	4.9	61	
8	2007.05.27	21.3	16.5	29.1	1.3	2.4	75	
8	2007.05.28	22.9	17.1	29.2	0.8	3	64	
8	2007.05.29	22.1	17.5	28.6	8.6	3	76	
8	2007.05.30	19.3	15.5	22.8	2.7	2.1	85	
8	2007.05.31	14.8	13.3	16.1	2.1	3.5	91	
8	2007.06.01	16.4	14.4	19.3	0	1.6	90	
8	2007.06.02	14.1	12.5	14.9	0	3.9	86	
8	2007.06.03	14.4	13.1	16.5	0	3.8	74	
8	2007.06.04	18.7	12.7	24.1	0.5	2.8	61	
8	2007.06.05	18.7	9.2	25.5	0	2.1	55	
8	2007.06.06	19.9	10.1	27.1	0	1.6	57	
8	2007.06.07	21.2	13.3	26.7	0	1.8	58	
8	2007.06.08	20.9	12.4	26.7	0	1.6	58	
8	2007.06.09	20.4	13.2	26.1	0	1.9	60	
8	2007.06.10	20.7	12.4	27.4	0	1.6	56	
8	2007.06.11	19.1	12.9	24	0	3	62	
8	2007.06.12	19.2	10.4	26.7	0	1.6	60	
8	2007.06.13	19.7	17	27.6	8	3.1	70	
8	2007.06.14	19.8	15.7	25.3	3.4	1.8	80	
8	2007.06.15	20.1	14.9	25.4	1.3	2.3	74	
8	2007.06.16	22.3	14.4	31.2	0	2.8	68	
8	2007.06.17	20.4	15.1	25	0	3.4	66	
8	2007.06.18	18.7	13.4	24.7	3.6	2.5	73	
8	2007.06.19	16.3	13.8	17.8	3.4	1.9	80	
8	2007.06.20	16.5	11.5	20.3	0	2.4	66	
8	2007.06.21	17.6	9.4	23.8	0	1.8	60	
8	2007.06.22	15	14	15.3	9.6	2.3	79	
8	2007.06.23	15.8	13.4	19.8	12.8	1.5	85	
8	2007.06.24	16.4	13.8	19.7	2.7	2	84	
8	2007.06.25	17.8	10.9	23.4	0	2.3	73	
8	2007.06.26	17.3	12.7	24.9	27.4	3.1	78	
8	2007.06.27	13.5	10.6	15.1	0	5.3	76	
8	2007.06.28	11.9	10	15.3	2.6	5.8	79	
8	2007.06.29	13.9	10.3	17.6	1.8	3.1	76	
8	2007.06.30	15.5	7.8	21.5	0	2.1	66	
8	2007.07.01	15.5	11.1	18	4.9	3.3	74	
8	2007.07.02	15.4	7.1	21.5	0	1.1	71	
8	2007.07.03	16.2	13.3	19.5	27.6	2.9	82	
8	2007.07.04	17.7	10.8	23.1	8.1	2.1	82	
8	2007.07.05	15.9	13.4	16.9	39.8	3.1	94	
8	2007.07.06	16.7	13.5	19.7	41.4	5.9	92	
8	2007.07.07	14.5	13.5	14.9	8.2	6.5	93	
8	2007.07.08	14.2	13.7	15	3.7	6.3	86	
8	2007.07.09	16.9	12	21.2	0	4.5	63	
8	2007.07.10	13.1	11.9	14.3	9.3	2.4	90	
8	2007.07.11	13.9	11.1	17.6	1.2	2.6	86	
8	2007.07.12	14.6	8.2	21	0	1.9	78	
8	2007.07.13	15.4	12.7	17.9	1.4	2.3	81	
8	2007.07.14	16.1	10.7	20.3	1.9	3	77	
8	2007.07.15	19.2	12.7	26.4	0	3.3	72	
8	2007.07.16	20.6	12.1	30	0.6	1.8	78	
8	2007.07.17	26	18.4	33.6	0	1.8	71	
8	2007.07.18	21.5	18.4	23.1	0.1	2.5	68	
8	2007.07.19	20.9	15.1	24.2	0	3.4	64	
8	2007.07.20	18.5	12	23.9	0	1.6	69	
8	2007.07.21	18.2	14.1	22.2	0	2.5	71	
8	2007.07.22	19.1	12.3	24.7	0	2.6	59	
8	2007.07.23	18.7	14.9	23	2	3.9	70	
8	2007.07.24	19	15.9	22.9	9.6	3.3	74	
8	2007.07.25	16.8	14.6	18.4	1.5	4.8	86	
8	2007.07.26	17.8	13.9	21.9	0	5	74	
8	2007.07.27	18.2	13	24.5	2.9	2.9	73	
8	2007.07.28	17.2	11.9	21.8	7.2	2.3	79	
8	2007.07.29	16.9	13.5	17.7	8.3	1.8	85	
8	2007.07.30	14.7	10	17.9	7.3	3.4	87	
8	2007.07.31	12.1	9.9	14.2	5.1	4.6	86	
8	2007.08.01	14.4	11.1	16.9	0.8	3.5	83	
8	2007.08.02	14.9	7.2	20.3	0	1.4	73	
8	2007.08.03	17.1	11.4	23.1	0	1.9	72	
8	2007.08.04	16.6	15.1	18.5	2.3	2.4	86	
8	2007.08.05	18.3	15.9	22.5	0	2.5	84	
8	2007.08.06	18.6	14.4	23.1	0	2.5	81	
8	2007.08.07	18.7	12.4	24.1	0.4	2.1	79	
8	2007.08.08	19.7	14	23.8	0.1	1.8	83	
8	2007.08.09	22.2	19.1	25.5	0.3	2.5	83	
8	2007.08.10	23	17.7	27.6	0	3.5	65	
8	2007.08.11	21.8	18.8	27.4	0	4.3	76	
8	2007.08.12	21.6	16.9	27.2	10.5	2	77	
8	2007.08.13	20	14.1	24.3	0.3	1.6	82	
8	2007.08.14	20.1	18.7	22.7	0	3.1	89	
8	2007.08.15	20	15.4	24.7	0	2.8	84	
8	2007.08.16	21.4	14	29.4	0	2.5	70	
8	2007.08.17	19.9	12.9	21.7	5.5	2.6	78	
8	2007.08.18	16.8	12	22.1	0	1.8	75	
8	2007.08.19	17.5	13.7	21.3	0	2	73	
8	2007.08.20	17.4	13.2	21	0	2.4	82	
8	2007.08.21	22.8	18.5	29	3.7	3	76	
8	2007.08.22	23.2	17.2	29.9	0	1.3	74	
8	2007.08.23	23.1	17.4	28.8	0	2	77	
8	2007.08.24	21	15.4	25	20.9	2.8	87	
8	2007.08.25	18.7	15	22.8	0	2.6	84	
8	2007.08.26	17.4	13.9	19.9	1.3	4.5	81	
8	2007.08.27	14.4	12	18.5	1.4	3.3	81	
8	2007.08.28	12.9	8.8	15.6	1.3	4.6	73	
8	2007.08.29	11.6	7.1	17.1	0	3.5	72	
8	2007.08.30	10.5	7	14.8	1.6	3.1	80	
8	2007.08.31	11.4	10.3	13.3	4.1	2	91	
8	2007.09.01	12.8	8.4	16.2	0	3.9	80	
8	2007.09.02	11.9	6.3	17	0	3.1	80	
8	2007.09.03	15.2	11.1	18.4	0.3	4.3	77	
8	2007.09.04	11.5	7.7	14.9	5.9	2.8	83	
8	2007.09.05	11.9	8.9	17	1.2	2.6	86	
8	2007.09.06	15.4	10.7	21.7	0	2.6	82	
8	2007.09.07	13.8	9.4	17.5	0	3.5	76	
8	2007.09.08	12.5	9.2	16.2	0	2.1	74	
8	2007.09.09	11.9	6	14.6	17.4	2	83	
8	2007.09.10	9.5	2	15.9	0	1.4	77	
8	2007.09.11	11.7	10.2	13.9	1.6	1	89	
8	2007.09.12	12.4	7.6	18.2	0.3	1.1	86	
8	2007.09.13	13	8.5	15.3	3.8	4.6	77	
8	2007.09.14	10.2	5	15.6	0	2	73	
8	2007.09.15	10.5	8.2	11.4	5	4.8	82	
8	2007.09.16	9.8	7	13.3	6.6	4.6	83	
8	2007.09.17	13.8	7.5	19.6	0	3.6	74	
8	2007.09.18	17.7	13.1	23	0	3.1	75	
8	2007.09.19	11.2	6.1	12.9	16.4	5	82	
8	2007.09.20	9.4	4.6	15.2	0	3.3	78	
8	2007.09.21	11	5.6	16.5	0	3.3	72	
8	2007.09.22	11.9	7.3	17.4	0	3.3	70	
8	2007.09.23	11.7	7	17.2	0	1.4	87	
8	2007.09.24	11.7	4.7	19.2	0	1.4	83	
8	2007.09.25	14	8.8	19.4	0	2.5	75	
8	2007.09.26	13	9.8	17	0	1.3	85	
8	2007.09.27	13	10.5	17.5	0	1.5	84	
8	2007.09.28	14.5	12.5	17.2	0	2.9	88	
8	2007.09.29	16.8	14.7	20.8	0.1	3.3	75	
8	2007.09.30	15	11	20.5	0	2.3	83	
8	2007.10.01	13.9	9	19.8	0	1.5	83	
8	2007.10.02	11.9	9.7	14.1	4.6	1	92	
8	2007.10.03	11.3	9.1	12.8	3.1	2.9	83	
8	2007.10.04	10.3	9.7	11.7	5.5	3	93	
8	2007.10.05	10.3	7.8	11.7	2.1	2	93	
8	2007.10.06	9.7	7.8	12.8	2.8	2.4	89	
8	2007.10.07	9.1	7.3	10.8	1.5	2.6	91	
8	2007.10.08	8.6	6.6	10.3	3.3	3.3	92	
8	2007.10.09	7.4	4.9	10.8	0.1	3.3	84	
8	2007.10.10	6.7	3	10.6	0	2.1	79	
8	2007.10.11	8.4	7	10.2	0.3	2.8	80	
8	2007.10.12	7.4	4.9	9.4	4.3	5.6	89	
8	2007.10.13	4.6	1.9	6.5	2.2	6.5	74	
8	2007.10.14	2.8	-0.8	6.8	0	2.8	79	
8	2007.10.15	7.1	4.8	11	0	3	71	
8	2007.10.16	7.7	2.7	13.6	0	2.4	78	
8	2007.10.17	11.3	10	13.8	0	2.9	85	
8	2007.10.18	9.3	5.8	10.5	3.9	3.6	88	
8	2007.10.19	4.6	0.8	7.4	0	2.3	88	
8	2007.10.20	2.9	-1.8	6.5	0	3.1	78	
8	2007.10.21	1.2	-0.9	4.4	0	1.9	87	
8	2007.10.22	3.4	1.5	5.8	0	1.9	89	
8	2007.10.23	5.1	3.8	6.2	0	4.1	82	
8	2007.10.24	6.8	5.6	8.7	0	3.4	88	
8	2007.10.25	5.9	4.5	8.6	0	2.6	89	
8	2007.10.26	6.3	4.5	9.5	0	1.9	91	
8	2007.10.27	7.3	5.2	11.7	0	2.3	87	
8	2007.10.28	8.6	7.1	10.3	0	2.4	87	
8	2007.10.29	9.1	8	11.4	0	2.5	86	
8	2007.10.30	8.6	5.7	11	0	4	84	
8	2007.10.31	8	2.8	9.1	5.9	3.1	85	
8	2007.11.01	4.5	1.2	9.4	0.9	3.9	96	
8	2007.11.02	7.2	2.2	9.8	1.2	5.4	78	
8	2007.11.03	3.1	-0.7	8.4	5.7	4.8	86	
8	2007.11.04	4.1	0.4	6.7	1	4.4	81	
8	2007.11.05	-0.3	-3.2	2.6	0	1.5	72	
8	2007.11.06	-1.4	-3.2	1.3	0	4.8	71	
8	2007.11.07	0.9	-1.2	2.4	3.6	4.4	89	
8	2007.11.08	3.2	1.4	5.5	3.2	3.3	92	
8	2007.11.09	4	2.9	4.8	1.6	4.1	93	
8	2007.11.10	2.5	0	3.2	2	5.1	85	
8	2007.11.11	0	-1.3	0.6	1.2	4.8	87	
8	2007.11.12	0.1	-0.2	0.4	0.1	3	88	
8	2007.11.13	0.1	-0.5	0.8	2	3.5	92	
8	2007.11.14	-0.7	-1.7	0.2	0.4	1.6	91	
8	2007.11.15	-2.3	-5.2	-2.1	0	1.3	86	
8	2007.11.16	-2.5	-6.5	0.2	0	2.5	87	
8	2007.11.17	1	0.2	1.7	3	3.9	95	
8	2007.11.18	0.9	-0.1	1.5	0	3.3	95	
8	2007.11.19	-1.3	-2.2	-0.6	0	2.9	97	
8	2007.11.20	-2.6	-3.4	-1.9	0	2.3	95	
8	2007.11.21	-1.9	-2.7	-1	0	2.9	99	
8	2007.11.22	-0.8	-1.6	0	0	3.6	96	
8	2007.11.23	0.1	-0.9	1.6	0	3	97	
8	2007.11.24	2.7	1.6	4	5.7	1.6	96	
8	2007.11.25	1.3	0.7	2	0	4.6	88	
8	2007.11.26	2	0.4	3	0.3	4.4	87	
8	2007.11.27	0.8	-0.6	1.5	3.2	5.3	89	
8	2007.11.28	-0.9	-3	0.6	0	4.4	82	
8	2007.11.29	-1.2	-2.6	0.1	0.7	5.5	83	
8	2007.11.30	0	-0.6	1.2	1.2	3.6	91	
8	2007.12.01	1.7	1.1	2	0.1	2	98	
8	2007.12.02	3	1.1	4.6	3	4.1	95	
8	2007.12.03	4.6	3	5.7	6.5	5.1	93	
8	2007.12.04	4.1	3.3	4.7	1.2	5.1	87	
8	2007.12.05	3.1	2.2	4.2	0.4	3.6	88	
8	2007.12.06	2.5	1.8	3.6	0.4	4.5	83	
8	2007.12.07	3.6	2.8	6.7	3	4.6	96	
8	2007.12.08	5.4	3.4	7	0	5.1	87	
8	2007.12.09	3.4	2.1	4.9	0	3.6	87	
8	2007.12.10	4.4	3.7	6.8	0	3.6	91	
8	2007.12.11	4.8	2.2	6.6	0.4	3.1	90	
8	2007.12.12	2	0.5	3.1	0.8	2.6	91	
8	2007.12.13	-1.2	-2.2	-1	0	5.5	76	
8	2007.12.14	-1.1	-1.4	-1	0	3.5	79	
8	2007.12.15	-2.2	-4.4	-1.4	0	2.6	83	
8	2007.12.16	-1.8	-2.7	-0.7	0.4	2.5	90	
8	2007.12.17	-1.2	-2.6	0.8	0	2.8	90	
8	2007.12.18	0.5	-0.4	1.6	0.1	3.4	91	
8	2007.12.19	2	1	2.3	0.3	3.6	92	
8	2007.12.20	2.4	1.4	3.2	0	4.8	86	
8	2007.12.21	2.9	2.1	3.4	0	3.9	88	
8	2007.12.22	-1	-3.8	1.4	0	2.8	90	
8	2007.12.23	-5	-5.8	-4.2	0	2.5	94	
8	2007.12.24	-5.6	-6	-5.2	0	1.9	93	
8	2007.12.25	-5.1	-5.7	-4.6	0	2.9	91	
8	2007.12.26	-5.6	-5.9	-5.1	0	4.6	91	
8	2007.12.27	-5.2	-6	-3.8	0.2	2.4	94	
8	2007.12.28	-2.2	-3.6	0	0	5	95	
8	2007.12.29	0.1	-3.2	2	0	5.3	86	
8	2007.12.30	-1.6	-2.8	0.3	0	3.8	82	
8	2007.12.31	-1.6	-3	-1	1.6	2.8	92	
8	2008.01.01	-2.4	-3.6	-1.4	0.7	3.1	90	
8	2008.01.02	-5	-6.4	-3.8	0	3.8	81	
8	2008.01.03	-7.8	-10.6	-6.3	0	5	75	
8	2008.01.04	-11.7	-14	-10.3	0	5.4	68	
8	2008.01.05	-12.2	-15	-8.6	0	4.9	54	
8	2008.01.06	-8.1	-9.3	-4.2	1.9	6	69	
8	2008.01.07	-4.7	-5.1	-4.2	3.5	4.5	86	
8	2008.01.08	-2.3	-4.4	1.4	2.1	4.6	94	
8	2008.01.09	1.1	-0.3	1.8	0.1	3.5	93	
8	2008.01.10	0.2	-0.8	1.8	2	4.3	91	
8	2008.01.11	1.8	0.8	2.6	0	5.4	91	
8	2008.01.12	1	-0.6	2.3	0	4	89	
8	2008.01.13	1.8	0.1	3.5	0	3.8	87	
8	2008.01.14	-0.6	-2.4	1.5	0	2.8	94	
8	2008.01.15	-0.7	-2.6	0.7	0	4.3	91	
8	2008.01.16	1.2	0.4	3.2	0	5.1	85	
8	2008.01.17	0.7	0.3	1.6	0	4.4	86	
8	2008.01.18	1.7	1.2	2.8	2.1	4	92	
8	2008.01.19	3.6	2.8	4.7	4.4	5.5	94	
8	2008.01.20	3.1	0.9	4.3	0	5	80	
8	2008.01.21	1.2	0.5	2.6	0.7	3.3	96	
8	2008.01.22	0.7	-0.2	1	0.6	3	90	
8	2008.01.23	0.1	-2.4	0.5	0.2	4.9	81	
8	2008.01.24	-0.9	-2.4	2.5	2.8	4.3	92	
8	2008.01.25	3.1	2.3	3.8	6.9	7.1	85	
8	2008.01.26	4.9	3.2	6	19.1	7.8	89	
8	2008.01.27	2	-0.2	2.7	7.9	5.8	85	
8	2008.01.28	-0.4	-2.2	0.3	0	3.8	80	
8	2008.01.29	0.5	-0.8	3	0.4	2.9	94	
8	2008.01.30	3.1	2.4	3.6	0	3.4	92	
8	2008.01.31	2	0.2	2.8	2.5	3.4	91	
8	2008.02.01	0.6	-0.7	3	1.3	5.8	83	
8	2008.02.02	2.7	1.4	3.6	4.6	5.5	84	
8	2008.02.03	0.4	-1.5	2.8	0	5	79	
8	2008.02.04	0.1	-3.2	4.1	0	3	82	
8	2008.02.05	1.6	0.3	2.8	0.1	3.4	94	
8	2008.02.06	2.6	1.4	4.7	2.7	3.1	94	
8	2008.02.07	4.3	2.8	5.2	0	2.8	86	
8	2008.02.08	2.3	-0.1	3.8	0	1.8	89	
8	2008.02.09	3	1.8	5.1	0	2.3	81	
8	2008.02.10	3.4	1.8	5.3	0	3.4	72	
8	2008.02.11	0.4	-0.4	2.3	2.3	4	88	
8	2008.02.12	1.3	-0.2	3.4	0.2	1.9	94	
8	2008.02.13	1.4	0.4	1.9	0.9	3.3	87	
8	2008.02.14	0.5	-2.4	1.5	0	4.6	76	
8	2008.02.15	-4	-6.3	-2.5	0	5.4	71	
8	2008.02.16	-7.3	-9.5	-4.5	0.3	3.9	77	
8	2008.02.17	-4.5	-9	-0.3	1.7	5.9	83	
8	2008.02.18	1.8	0.6	3.6	1	3.3	93	
8	2008.02.19	1.2	-3.5	2.7	0.5	4.9	75	
8	2008.02.20	-0.4	-4	2.2	0.6	3.3	84	
8	2008.02.21	2.7	1.7	3.9	0	3	90	
8	2008.02.22	5.5	3.5	8.1	1.5	6.5	88	
8	2008.02.23	4.7	2.2	6.6	7.4	8.8	83	
8	2008.02.24	5	3.4	7.1	0.6	5	89	
8	2008.02.25	5.5	3.4	6.5	4.2	5.9	83	
8	2008.02.26	4.2	1.2	7.2	0	5.3	78	
8	2008.02.27	7.4	5.9	8.9	2.4	6.4	81	
8	2008.02.28	4.8	3.4	6.8	1.4	8	72	
8	2008.02.29	4	-0.6	6.8	0	4.3	73	
8	2008.03.01	3.7	2.6	5.6	6.9	3.9	87	
8	2008.03.02	3.1	1.8	4.1	3.6	6.4	84	
8	2008.03.03	2.6	0.9	5.2	3.9	5.5	83	
8	2008.03.04	1.1	-1.4	2.1	4.5	4.5	80	
8	2008.03.05	-0.9	-4.4	2.6	0	3.4	75	
8	2008.03.06	-0.8	-2.1	1.2	3.7	7.1	87	
8	2008.03.07	2.8	-1	5	0.7	4.9	84	
8	2008.03.08	3.2	-1	8	0	1.6	86	
8	2008.03.09	5.6	3.6	8.5	0	1.8	80	
8	2008.03.10	6.5	3.5	10.4	0	3.5	69	
8	2008.03.11	5.3	2.6	8.3	0	4.6	74	
8	2008.03.12	5.8	3.6	7.2	6.2	4.4	89	
8	2008.03.13	4.1	2.8	5.3	5.3	5.1	91	
8	2008.03.14	3.7	2.2	4.8	3.5	5.4	88	
8	2008.03.15	2.2	-0.7	4.7	0.4	2.4	90	
8	2008.03.16	3.1	-0.4	5.4	0	2.5	81	
8	2008.03.17	2.5	-1	6.9	0	0.8	78	
8	2008.03.18	0.1	-0.7	1	12	2.9	91	
8	2008.03.19	0	-1.1	1.4	1.7	3.6	87	
8	2008.03.20	-0.6	-3	2	1.1	2.5	81	
8	2008.03.21	-0.4	-2.6	2.4	0.9	3.6	79	
8	2008.03.22	1.4	0.3	3.6	3.2	4	90	
8	2008.03.23	1	-3	3.1	1.9	2.9	89	
8	2008.03.24	-2.7	-6.9	0.8	0	2.1	75	
8	2008.03.25	-0.3	-2.2	3.5	0	4.6	77	
8	2008.03.26	-0.2	-1.9	2.8	0.4	5.3	79	
8	2008.03.27	0.5	-2.2	4.8	0.2	2	76	
8	2008.03.28	1.1	-4.9	7	0	1.9	67	
8	2008.03.29	5.9	0	12.8	1.3	4.1	58	
8	2008.03.30	7.8	2.7	11	1.6	2.6	83	
8	2008.03.31	7.2	1.7	13.3	0	1.9	60	
8	2008.04.01	5.9	-1.2	13.2	0	1.4	60	
8	2008.04.02	5.7	2.9	8	0.4	1.1	76	
8	2008.04.03	7.9	4.9	12.1	0.7	1	90	
8	2008.04.04	9.4	3.7	12.2	0.1	3.6	79	
8	2008.04.05	5.4	2.8	9.9	0	2.8	87	
8	2008.04.06	7.1	4.8	10.3	0.6	2.8	88	
8	2008.04.07	8.7	6.8	11.1	0.1	2	85	
8	2008.04.08	5.2	2.4	8.6	3	5.5	90	
8	2008.04.09	7	2	11.8	0	4.5	66	
8	2008.04.10	11	7.6	13.8	2.5	2.3	85	
8	2008.04.11	6.8	4.8	7.8	0.1	2.5	91	
8	2008.04.12	11.2	7.4	15.5	6.5	2.6	90	
8	2008.04.13	6.1	3	7.1	2.4	6.1	86	
8	2008.04.14	7.8	0.8	14.7	0	2.9	68	
8	2008.04.15	11.8	5	17.5	0	2.8	55	
8	2008.04.16	10	5.4	14.8	0	3	59	
8	2008.04.17	5.2	4.2	5.9	3.2	2.9	90	
8	2008.04.18	5.9	4.3	8.2	4.1	1.9	89	
8	2008.04.19	6.7	4.1	10.3	0.1	2.3	78	
8	2008.04.20	9.7	6.9	12.3	0	3.6	66	
8	2008.04.21	10.2	7.1	13.9	0	2.9	55	
8	2008.04.22	9.1	1.8	14.6	0	3.5	52	
8	2008.04.23	8.8	3.4	13.1	0	4.5	43	
8	2008.04.24	7.9	-0.2	14.4	0	1.8	52	
8	2008.04.25	9.3	-0.1	17	0	1.5	53	
8	2008.04.26	11.4	2	19	0	1.4	55	
8	2008.04.27	11.1	4.8	16.8	0	1.8	62	
8	2008.04.28	12.2	2.7	20.2	0	1.5	55	
8	2008.04.29	12.1	6.3	17.1	0	3.3	54	
8	2008.04.30	10.6	8.8	12.9	1.8	3.9	78	
8	2008.05.01	11.9	9	16.5	0	3.5	77	
8	2008.05.02	11.6	8.8	14.5	8.9	2.5	81	
8	2008.05.03	12.7	9	17.2	2.8	2	80	
8	2008.05.04	12	4.4	17.7	0	0.9	78	
8	2008.05.05	13.7	5.5	19.7	0	2	72	
8	2008.05.06	10.4	4.8	14	0.5	3.5	59	
8	2008.05.07	8.4	0.1	14.9	0.3	2.1	59	
8	2008.05.08	10.6	7.3	14.1	0.6	3.4	73	
8	2008.05.09	10.7	4.8	16.3	0	2.8	64	
8	2008.05.10	13.5	8.1	18.8	0.4	2.3	66	
8	2008.05.11	13.7	5.9	19.7	3.6	1.4	72	
8	2008.05.12	14.4	9.4	19.8	2.4	2.5	73	
8	2008.05.13	9.8	3.4	12.4	0	4	58	
8	2008.05.14	7	0.2	12	0	1.6	63	
8	2008.05.15	10.8	3.8	17.6	0	2.5	61	
8	2008.05.16	12.7	2.8	20.8	0	2.5	61	
8	2008.05.17	12.8	5.2	19.3	0.1	1.3	74	
8	2008.05.18	15.7	10	20.4	3.9	3.3	80	
8	2008.05.19	8.8	6.2	11.3	4.4	3.1	79	
8	2008.05.20	11.2	6.7	16	0.8	2.5	65	
8	2008.05.21	12.1	8.9	16.3	0.1	2.6	61	
8	2008.05.22	11.2	10.3	12.3	0.9	3.3	86	
8	2008.05.23	10.9	9.4	12.1	2.2	3.6	87	
8	2008.05.24	8.6	8	8.8	11.6	4	93	
8	2008.05.25	12.4	8.9	16.9	0.1	3.4	67	
8	2008.05.26	12.7	3.8	18.4	0	1.4	55	
8	2008.05.27	12.5	10.7	15.2	2.5	1.6	75	
8	2008.05.28	10.9	5	15.3	0	3.9	53	
8	2008.05.29	12.1	3	18.9	0	1.3	61	
8	2008.05.30	14.8	5.1	22.2	0	1.4	56	
8	2008.05.31	15.7	8.1	22	0	2.1	57	
8	2008.06.01	15.6	7.5	21.5	0	2.5	57	
8	2008.06.02	16.4	6.7	24.4	0	1.5	55	
8	2008.06.03	17	11.3	21.8	0	3	57	
8	2008.06.04	15.2	11.1	18.1	0	3.4	61	
8	2008.06.05	16.7	9.6	21.3	0	2.4	57	
8	2008.06.06	17.1	7.8	23.6	0	1.6	53	
8	2008.06.07	18.5	9	26.4	0	1.5	54	
8	2008.06.08	18.8	10.7	24.9	0	2	60	
8	2008.06.09	19	11.4	26.3	0	3.6	56	
8	2008.06.10	17.1	9	24.6	0	2.9	65	
8	2008.06.11	16.7	11.9	20.5	0	3.4	60	
8	2008.06.12	14.2	8	19.6	0	2.6	60	
8	2008.06.13	14.9	6.2	21.6	0	1.1	57	
8	2008.06.14	13.5	9	15.2	42	2.9	81	
8	2008.06.15	13.4	7.1	18.7	0	2	66	
8	2008.06.16	15.3	7.9	20.3	0	1.6	62	
8	2008.06.17	13.1	8.9	14.2	10.7	2.4	83	
8	2008.06.18	14.6	7.4	20.8	0	2.5	64	
8	2008.06.19	16.9	9	23.8	0	2.5	59	
8	2008.06.20	18	14	23.5	7.7	2.8	70	
8	2008.06.21	14.3	8.8	19.9	11.8	2.4	83	
8	2008.06.22	14.7	8.6	20.2	0	2.9	67	
8	2008.06.23	17.8	13.6	24.8	0.7	4.4	65	
8	2008.06.24	15.1	10	17.6	0	4.4	60	
8	2008.06.25	14.1	7.6	20.1	0	3.4	60	
8	2008.06.26	15.3	10.6	20.6	2.9	2	73	
8	2008.06.27	16.5	9.1	21.7	0	2.5	64	
8	2008.06.28	15.7	12.7	18.7	4.9	3.9	74	
8	2008.06.29	16	12.8	19.3	0.7	1.9	79	
8	2008.06.30	16.5	9.6	22.7	8.8	2.1	75	
8	2008.07.01	15.5	10.9	19	0	4	68	
8	2008.07.02	15.7	10.6	21.6	0	2.3	74	
8	2008.07.03	17.6	11	22.6	0	1.6	70	
8	2008.07.04	16.6	12.3	20.5	0	1.9	78	
8	2008.07.05	16.1	13.6	21.3	37.2	3	86	
8	2008.07.06	16.9	13.3	20.5	1.6	2.5	76	
8	2008.07.07	18.7	14.9	21.8	2	2.3	82	
8	2008.07.08	18.1	15.9	22.1	7.1	2.1	77	
8	2008.07.09	16	11.2	20.8	3.2	2.9	78	
8	2008.07.10	16.3	10.7	21.9	0.4	2.3	73	
8	2008.07.11	18.2	10.2	24	0	2.5	67	
8	2008.07.12	22.2	17.4	26.6	2.1	3.4	70	
8	2008.07.13	20.6	18.1	22.4	0.5	2.4	83	
8	2008.07.14	17.6	16.3	18.5	22.9	2.9	92	
8	2008.07.15	16.7	11.2	21.8	0	2.5	74	
8	2008.07.16	16.8	12.7	20.5	0	1.8	84	
8	2008.07.17	16.7	14.5	19.4	0	2.5	78	
8	2008.07.18	15.9	10.1	19.4	0	1	74	
8	2008.07.19	17.6	13.5	20.8	0	1	73	
8	2008.07.20	16.5	11.5	19.6	3.5	3.1	81	
8	2008.07.21	15.1	11.9	19.2	28.3	1.8	87	
8	2008.07.22	15.7	13.1	19.7	10.5	1.5	82	
8	2008.07.23	16.9	11.7	21.3	0	2.3	74	
8	2008.07.24	20.6	16.5	25.5	0	4.3	67	
8	2008.07.25	21.7	16.5	26.4	0	3.8	65	
8	2008.07.26	21.1	15	26	0	3.1	61	
8	2008.07.27	20.4	12.7	25.8	0	2.3	66	
8	2008.07.28	19.3	13.9	22.7	0	3.4	65	
8	2008.07.29	17.6	13.9	21.8	0	2.6	67	
8	2008.07.30	16.8	8.4	23	0	1.4	63	
8	2008.07.31	18.5	10.5	24.4	0	1.4	65	
8	2008.08.01	19.8	11.8	26.9	0	2.3	61	
8	2008.08.02	20.6	12.9	27.4	0	1.9	59	
8	2008.08.03	20.3	15.8	23.9	2	3.1	70	
8	2008.08.04	19.7	15.1	24.6	5.7	2.6	73	
8	2008.08.05	15.2	12.9	16.9	6.1	5.1	86	
8	2008.08.06	14.8	10.2	15.6	15.7	4.3	87	
8	2008.08.07	15.1	7.9	20.6	0	2.3	77	
8	2008.08.08	19.4	13.3	26	0	4.3	69	
8	2008.08.09	18.3	13.9	21	2	2.8	82	
8	2008.08.10	16.3	11.1	20.8	0	2.5	73	
8	2008.08.11	17.2	13.9	21.8	3.2	2.5	79	
8	2008.08.12	21.1	15.2	25.6	0	3.8	66	
8	2008.08.13	19.6	15.7	23.2	4.1	3	78	
8	2008.08.14	19.1	14.1	25.2	0	3.4	74	
8	2008.08.15	17.4	12.3	22.2	1.3	1.9	86	
8	2008.08.16	21.9	17.6	27.7	27.1	2.6	83	
8	2008.08.17	19	15.9	20.8	1.2	4.3	77	
8	2008.08.18	17.8	13.9	22.2	0	3.9	69	
8	2008.08.19	18.9	13.4	25.4	0	2.6	69	
8	2008.08.20	21.4	17.1	27.3	9.5	3.3	66	
8	2008.08.21	18.3	13.2	22.3	0.6	3.5	81	
8	2008.08.22	17.6	12.1	23.5	0	3	75	
8	2008.08.23	17.2	12.9	21.1	0.6	2.3	83	
8	2008.08.24	14.4	10.7	15.9	7.6	2.6	87	
8	2008.08.25	14.2	9.8	18.3	0.3	3.6	81	
8	2008.08.26	16.8	12.9	21.7	1.2	4.8	73	
8	2008.08.27	17.3	14.3	21.7	0	3.1	82	
8	2008.08.28	17.7	14.9	19.7	0.7	3.8	81	
8	2008.08.29	13.7	12.5	15.2	10	3.9	89	
8	2008.08.30	13.2	9.7	16.7	0.1	4.3	72	
8	2008.08.31	13.4	9.3	17.4	0.1	3	73	
8	2008.09.01	11	5.2	16.6	0	1.4	74	
8	2008.09.02	13.7	9.2	20.4	0.1	2.3	81	
8	2008.09.03	18.5	11.9	25.6	0	2.9	77	
8	2008.09.04	18.6	14.9	22	0	2.6	77	
8	2008.09.05	17.9	12	23.2	1.1	1.6	81	
8	2008.09.06	20.1	13.5	27.7	0	1.3	78	
8	2008.09.07	21.8	15.9	28.6	0	1.6	78	
8	2008.09.08	17.7	15.3	19.3	2.4	2.5	86	
8	2008.09.09	15.6	12.7	19.2	3.8	2.8	84	
8	2008.09.10	15	10.9	20	0	2.1	82	
8	2008.09.11	13.3	9.4	17.3	0	2.3	83	
8	2008.09.12	8.4	6.3	10.1	0	4	74	
8	2008.09.13	7.3	6.6	9	7.2	4.4	85	
8	2008.09.14	9.3	7.1	13.8	0	3.3	78	
8	2008.09.15	7.4	6.2	8.5	0	2.6	78	
8	2008.09.16	8.2	6.3	10.7	0	3	80	
8	2008.09.17	8	6.3	10.4	0.6	3.1	78	
8	2008.09.18	7.8	5.8	10.3	0	2.5	83	
8	2008.09.19	8.7	7.8	10	1.3	3.1	86	
8	2008.09.20	9	7.1	12.4	0	4	79	
8	2008.09.21	10.5	7.8	14.6	4.4	3.4	85	
8	2008.09.22	10.3	9.7	10.9	21	3.5	93	
8	2008.09.23	11.1	7.4	14.2	2.2	3	82	
8	2008.09.24	8.7	4.8	13.7	0	2.4	81	
8	2008.09.25	8	2.1	14.9	0	1.5	81	
8	2008.09.26	8.5	3.7	13.9	0	1.6	89	
8	2008.09.27	9.6	4.5	14.7	0	2.4	89	
8	2008.09.28	10.1	6.7	13.6	0	3.5	87	
8	2008.09.29	9.3	6	12.3	0	3.9	84	
8	2008.09.30	8.4	4.7	13.1	1.2	3	86	
8	2008.10.01	9.4	7.4	12.3	1.3	4	91	
8	2008.10.02	11.3	7.3	13.5	2.7	5.9	73	
8	2008.10.03	9.3	5.4	13.5	0	2.9	80	
8	2008.10.04	9.1	7.6	10.8	0	0.9	84	
8	2008.10.05	7	2.5	11.9	0	1.9	82	
8	2008.10.06	7.6	2.9	12.1	0.3	1.9	86	
8	2008.10.07	7.6	0.8	10	1.7	1.1	95	
8	2008.10.08	4.6	-1.3	12.1	0	0.3	88	
8	2008.10.09	6.5	0.3	13.3	0.1	1.6	84	
8	2008.10.10	10	7.7	12.2	0.4	2.9	87	
8	2008.10.11	10.7	7.3	15.1	0.1	3.3	83	
8	2008.10.12	10.8	8.2	12.6	0	3.5	89	
8	2008.10.13	10.2	8.4	13.1	0	3.3	84	
8	2008.10.14	10.5	8.2	13.7	0	3.9	90	
8	2008.10.15	9.2	6.1	11.8	0	3	86	
8	2008.10.16	9.8	7.6	11.6	3.6	3.5	91	
8	2008.10.17	8.2	6.1	9.4	17.4	4	90	
8	2008.10.18	7.8	5.4	11	0.2	4.5	80	
8	2008.10.19	7.7	6.7	9.5	3.5	4.6	84	
8	2008.10.20	8	5.6	11.2	0	3.4	90	
8	2008.10.21	9.6	5.1	15.1	0	3.5	80	
8	2008.10.22	10.3	7.3	12	0	2.5	86	
8	2008.10.23	6.7	4.3	7.7	10.3	2.4	91	
8	2008.10.24	5.8	3.5	8	0	2.8	87	
8	2008.10.25	3.6	2.2	4.8	0	2.8	87	
8	2008.10.26	5.8	4.7	7.5	0	4.6	81	
8	2008.10.27	6.5	4.4	8.7	0.3	4.6	82	
8	2008.10.28	8.6	7.6	10.4	1.6	3.1	88	
8	2008.10.29	9.1	6	12.1	0.3	2	87	
8	2008.10.30	12.7	10.1	16.3	0.3	5.5	75	
8	2008.10.31	7.5	0.7	11.9	0.7	4.8	78	
8	2008.11.01	2.7	-1.2	6.6	0.8	1.4	95	
8	2008.11.02	4.8	3.2	5.4	0.7	2.8	97	
8	2008.11.03	2.6	1.7	4	0	1.9	91	
8	2008.11.04	4.2	2.5	6.8	0.6	2.1	97	
8	2008.11.05	7	2.2	8.6	0.3	1.4	96	
8	2008.11.06	3.2	-0.5	6.8	0	3.9	85	
8	2008.11.07	1	-1.8	4.6	0	3.8	80	
8	2008.11.08	4.3	2.6	7.3	0	3.8	73	
8	2008.11.09	6.2	4.9	7.4	0	3.8	86	
8	2008.11.10	8.2	6.1	10.9	0	4.6	86	
8	2008.11.11	8.9	4.8	12	0	5.5	76	
8	2008.11.12	4.9	2.8	8.1	0	3	86	
8	2008.11.13	5.5	2.1	7.9	3.6	1.8	95	
8	2008.11.14	1.5	0	3	0.6	3.4	99	
8	2008.11.15	6.8	4.6	9.2	7.2	6	94	
8	2008.11.16	7.3	4.4	9	3.1	6.3	85	
8	2008.11.17	2.6	-1.1	3.3	0.3	4.8	84	
8	2008.11.18	-1.2	-4.1	1.9	0	3.1	87	
8	2008.11.19	1.7	-0.4	4.6	2.7	6	84	
8	2008.11.20	5.2	0.9	7.2	8.2	5.4	90	
8	2008.11.21	0.8	-0.7	1.9	5.6	3.4	92	
8	2008.11.22	-2.9	-4.8	-2	0	2.1	88	
8	2008.11.23	-2.2	-3.5	-0.6	1.2	4.8	82	
8	2008.11.24	-1	-2.1	0	0.1	7.5	80	
8	2008.11.25	-1.8	-3	-0.7	0	4.5	85	
8	2008.11.26	0.3	-0.4	1	0.1	5.1	86	
8	2008.11.27	3.8	1.6	6.1	0.4	5.1	94	
8	2008.11.28	4.5	1.1	5.3	0	4.9	92	
8	2008.11.29	2.2	0.8	3.4	0	5	82	
8	2008.11.30	4.7	3	6.8	0.8	4.4	89	
8	2008.12.01	5.8	4.9	7	0.9	4.4	90	
8	2008.12.02	5.8	4.5	6.9	1.2	5.8	82	
8	2008.12.03	2.3	0.7	3.3	9.6	2.6	85	
8	2008.12.04	2.7	0.2	4.1	0.1	3.5	87	
8	2008.12.05	2.2	1	4.5	12.7	2.4	97	
8	2008.12.06	3.8	3	4.1	6	1.9	96	
8	2008.12.07	3.2	0.8	4	0.2	2.9	95	
8	2008.12.08	0.6	-0.3	1.2	0	2.1	91	
8	2008.12.09	0.4	-0.3	2	0.2	2.1	95	
8	2008.12.10	0.7	-1.2	1.6	0	3.8	90	
8	2008.12.11	-0.8	-2.4	0.8	0	2.4	89	
8	2008.12.12	1.9	-0.8	4.2	0	3.8	87	
8	2008.12.13	0.6	-2.1	1.8	0	3.9	85	
8	2008.12.14	-1.7	-5.1	2.7	0	2.4	74	
8	2008.12.15	-4.1	-4.9	-2.1	0	4.9	87	
8	2008.12.16	-1.5	-1.9	-0.7	0	4.3	92	
8	2008.12.17	-0.8	-1.8	0.7	0.2	4.1	94	
8	2008.12.18	0.9	-0.1	1.2	0	3.9	93	
8	2008.12.19	-0.5	-0.8	-0.2	2.8	2.4	96	
8	2008.12.20	0.3	-0.1	0.8	3.8	2.6	97	
8	2008.12.21	1.3	0.8	2.3	3.5	2.5	98	
8	2008.12.22	2.7	1	4.5	3.6	4	94	
8	2008.12.23	1.6	0.3	3.4	2.8	5.9	86	
8	2008.12.24	-0.4	-1	0.4	0.1	4	85	
8	2008.12.25	-1.3	-1.8	-1	0	3.4	85	
8	2008.12.26	-2.8	-3.3	-1.9	0	2.6	84	
8	2008.12.27	-2.9	-3.4	-2	0	1.4	86	
8	2008.12.28	-0.7	-2.8	0.2	0.4	2.4	91	
8	2008.12.29	-3.5	-4.8	-1.4	0	1.6	90	
8	2008.12.30	-3.4	-6.4	-1.4	0	1.5	91	
8	2008.12.31	-5.6	-8	-3.3	0	1.9	93	
8	2009.01.01	-5.2	-9.5	-1	0.2	2.3	88	
8	2009.01.02	-7.6	-11.2	-2.1	0	1.8	87	
8	2009.01.03	-4.5	-6	-1.9	1.4	5.4	86	
8	2009.01.04	-9.8	-17.9	-5	3.5	2	88	
8	2009.01.05	-14.6	-18.3	-8.8	0	0.8	81	
8	2009.01.06	-14.8	-17.6	-10.7	0	4.1	77	
8	2009.01.07	-10.2	-10.7	-5.6	0.8	7.3	75	
8	2009.01.08	-7.4	-11.9	-3.9	0	3.1	84	
8	2009.01.09	-1.6	-4.6	2.6	2.5	5.9	89	
8	2009.01.10	-0.3	-2.8	1.3	0	2.8	87	
8	2009.01.11	-0.4	-2.1	0.1	0	3.9	94	
8	2009.01.12	-3.4	-5.4	-0.9	0	4.8	70	
8	2009.01.13	-5	-7.3	-2.4	0	5	67	
8	2009.01.14	-3.7	-6.1	-2.6	0	2.5	70	
8	2009.01.15	-1.9	-3.2	0.2	0.7	1.9	84	
8	2009.01.16	-1.3	-3	-0.8	0.6	3.3	85	
8	2009.01.17	-5.3	-7	-3.4	0	2.4	86	
8	2009.01.18	-5.6	-6.2	-4.7	0	1.5	88	
8	2009.01.19	-6	-8.4	-3.4	0.5	2.6	89	
8	2009.01.20	-1.4	-2.4	0.2	0	2.8	92	
8	2009.01.21	1.2	0.5	2	3.6	1.9	90	
8	2009.01.22	1.3	0.4	1.7	6.5	3.1	98	
8	2009.01.23	0.7	0.2	2.2	1.5	2	96	
8	2009.01.24	1.9	1.2	2.3	0.3	3.4	96	
8	2009.01.25	0.8	0.2	1.1	16.3	1.3	97	
8	2009.01.26	0.8	0.5	0.9	0	1.9	99	
8	2009.01.27	0.5	0	0.9	0	0.9	100	
8	2009.01.28	-0.7	-2	0	0	2	96	
8	2009.01.29	-0.2	-0.5	0.2	0	1.8	94	
8	2009.01.30	-0.5	-1.6	0.5	1.5	1.4	94	
8	2009.01.31	-3.6	-7.8	-2.2	2.2	2.8	91	
8	2009.02.01	-9.2	-9.9	-8.2	0.2	2.8	88	
8	2009.02.02	-9.3	-12	-8.6	0	2	89	
8	2009.02.03	-10.7	-14.6	-6.6	0	2.9	79	
8	2009.02.04	-4.6	-5.9	-2.7	0.5	2.3	90	
8	2009.02.05	-2.5	-3.6	-1	0.3	1.1	91	
8	2009.02.06	-0.1	-1.3	1.5	0	2.1	95	
8	2009.02.07	2.1	0.8	3.6	0	2.8	99	
8	2009.02.08	4.6	0.6	6.2	1.9	3.5	92	
8	2009.02.09	0.5	-1.3	1.8	4.6	2.8	91	
8	2009.02.10	-1.1	-2.5	1.1	0	1.6	91	
8	2009.02.11	-1	-2	0.4	5.9	3.5	90	
8	2009.02.12	0.6	0.3	1	1.8	3.1	94	
8	2009.02.13	0.4	-0.4	1.4	0.7	1.6	91	
8	2009.02.14	-0.2	-2.2	0.2	7.6	4	95	
8	2009.02.15	-4.2	-5.8	-3	1.2	3	85	
8	2009.02.16	-3.7	-5.6	-1.2	0.5	1.1	85	
8	2009.02.17	-5.4	-7.4	-3.5	5.3	2.9	89	
8	2009.02.18	-4.9	-5.5	-4.6	2.2	2.9	88	
8	2009.02.19	-6.6	-12.7	-4	0.5	0.8	87	
8	2009.02.20	-6	-8.2	-3.3	0.2	1.6	82	
8	2009.02.21	-6.9	-14.4	-3.6	0.2	0.6	82	
8	2009.02.22	-12	-18.8	-4.6	0.1	1.9	83	
8	2009.02.23	-4.4	-5.6	-2.7	1.7	4	83	
8	2009.02.24	-1.5	-2.6	0.7	0.2	1.6	89	
8	2009.02.25	-0.1	-0.6	0.9	2.9	3.3	92	
8	2009.02.26	1.2	0.8	1.8	1.7	3.9	94	
8	2009.02.27	1.4	0.3	2.7	3	4.1	92	
8	2009.02.28	-0.9	-3.6	0.3	2	3.8	78	
8	2009.03.01	-2.4	-8.5	-1.1	0	2.4	71	
8	2009.03.02	-6.7	-11.8	-0.2	0	1.8	85	
8	2009.03.03	-2.7	-5.6	0.3	0.5	2.6	81	
8	2009.03.04	1.4	-0.2	3.6	0.2	1.8	84	
8	2009.03.05	2	1.2	3.3	0	4.4	72	
8	2009.03.06	1.2	0.5	2.1	2.8	4	85	
8	2009.03.07	0.4	-0.2	1	0.4	2.6	86	
8	2009.03.08	-0.5	-1.5	0	0.7	2.9	91	
8	2009.03.09	0.1	-0.2	0.6	0.6	1.4	98	
8	2009.03.10	1.3	0.4	2.4	2.1	3.5	89	
8	2009.03.11	1	-0.4	3.2	4.6	1.9	91	
8	2009.03.12	0.3	-0.8	1.6	1.7	1.1	94	
8	2009.03.13	0.8	-2.3	4.5	0	1.8	86	
8	2009.03.14	0.6	-5.1	7.3	0	0.8	76	
8	2009.03.15	2	-1.6	6.9	0	1.9	74	
8	2009.03.16	3.2	0.6	7.4	0	1.1	79	
8	2009.03.17	0.5	-0.4	1.4	4.3	3.6	95	
8	2009.03.18	0	-1	0.2	13	4.8	97	
8	2009.03.19	-0.2	-0.9	0.7	7.4	3.6	94	
8	2009.03.20	0.2	-2.2	1.6	0.3	2.8	85	
8	2009.03.21	-0.5	-4.2	2.6	1.9	4.5	81	
8	2009.03.22	0.7	-0.9	2.4	1.9	2.5	79	
8	2009.03.23	0.3	-1.1	2	3	2.3	89	
8	2009.03.24	0.3	-0.9	1.9	0.1	2.5	87	
8	2009.03.25	-0.6	-3.5	1.2	0.4	3.5	73	
8	2009.03.26	-1.7	-6.6	2.2	0	1	74	
8	2009.03.27	1.4	-2.2	5.9	0	3.5	74	
8	2009.03.28	5.5	3.5	8.5	3.6	3.8	85	
8	2009.03.29	7.7	5.7	10.7	1.4	4.6	73	
8	2009.03.30	4.4	1.9	5.4	0	2.8	85	
8	2009.03.31	4.6	-1.4	10.8	0	2.8	70	
8	2009.04.01	4	0.9	7.9	0.1	3.3	84	
8	2009.04.02	3.3	-1.2	8.2	0	2	69	
8	2009.04.03	5.8	-1.4	14.4	0	2.3	61	
8	2009.04.04	8.1	0.9	15	0	1.6	61	
8	2009.04.05	8.5	1.2	19.3	0	2.8	69	
8	2009.04.06	8.8	5.4	13.9	0	3.3	64	
8	2009.04.07	8.3	-0.3	15.1	0	0.5	56	
8	2009.04.08	9.3	0	17.4	0	1.4	56	
8	2009.04.09	11.2	7.3	15.5	4.8	2.9	68	
8	2009.04.10	7.4	6.1	8.9	0.1	2.6	91	
8	2009.04.11	9.2	4.5	13.3	0	1.6	84	
8	2009.04.12	8.6	0.4	14.8	0	1.3	73	
8	2009.04.13	8.4	3.1	14.6	0	2.5	77	
8	2009.04.14	6.4	0.5	11.6	0	2.4	72	
8	2009.04.15	5.2	-1.2	9.9	0	1.6	71	
8	2009.04.16	9	6.1	12.1	0	2.1	58	
8	2009.04.17	10.6	6.5	16.8	0	2.1	56	
8	2009.04.18	7.4	1.6	12.2	0	3.1	60	
8	2009.04.19	2.9	-3.3	8.9	0	2	50	
8	2009.04.20	5.1	-3.6	12.5	0	2.6	59	
8	2009.04.21	4.5	-2	8.7	0	2.8	39	
8	2009.04.22	5.8	-2.9	13.3	0	1.6	46	
8	2009.04.23	7.7	-1.7	14.8	0	1.4	49	
8	2009.04.24	8.9	3.1	13.7	0	2.5	48	
8	2009.04.25	9.6	-0.5	17.9	0	1.1	50	
8	2009.04.26	12	2.8	19.5	0	3.3	44	
8	2009.04.27	15.3	8.4	21.5	0	4.8	33	
8	2009.04.28	16.9	9.3	23.9	0	4.1	32	
8	2009.04.29	17.4	8.8	24.9	0	2	38	
8	2009.04.30	14.3	5.1	22.3	0	2.9	52	
8	2009.05.01	10.7	4.8	15.1	0	4.9	39	
8	2009.05.02	10.7	0.4	18.5	0	1.9	43	
8	2009.05.03	13.2	1.8	21.9	0	1.1	50	
8	2009.05.04	12.8	4.3	22	0	2.8	57	
8	2009.05.05	9.5	3.9	14.7	0	2.5	65	
8	2009.05.06	9.1	7.1	11.4	5.8	3.6	77	
8	2009.05.07	9.1	6.7	13.6	14.4	4.3	84	
8	2009.05.08	12.8	6.7	18.6	0	2.1	68	
8	2009.05.09	12.5	5.7	14.5	2.2	3.4	70	
8	2009.05.10	11.5	3.5	18.4	0	2.4	65	
8	2009.05.11	13.7	9.7	17	1	3.6	68	
8	2009.05.12	8.6	6.9	10.9	2.2	3.8	78	
8	2009.05.13	7.8	2.8	12.6	3.8	4	70	
8	2009.05.14	9.9	5.2	14.1	0	4.4	60	
8	2009.05.15	9.5	6.4	13.5	0	2.9	65	
8	2009.05.16	10.9	2.2	16.1	0	1.5	64	
8	2009.05.17	11.1	9	12.9	4	1.8	84	
8	2009.05.18	12.2	4.5	16.8	0	1.8	77	
8	2009.05.19	14.1	8.4	18.5	0	2.1	80	
8	2009.05.20	14.6	8	20.1	0	2.3	69	
8	2009.05.21	15.4	8.4	20.1	0	1.5	70	
8	2009.05.22	15.4	9.7	19.2	22.4	3.3	80	
8	2009.05.23	11	6.6	14.2	0	3.9	74	
8	2009.05.24	13.5	9.5	17.2	0.9	5.1	69	
8	2009.05.25	13.1	6.1	19	0	1.9	74	
8	2009.05.26	15.7	7.1	22.2	0	2.1	65	
8	2009.05.27	15.7	8.3	23.3	4.4	4	69	
8	2009.05.28	11.5	5.3	16.2	0.6	2.8	72	
8	2009.05.29	13.1	9.7	17.8	0	3.1	74	
8	2009.05.30	16.7	12.5	22.5	9.6	4.4	73	
8	2009.05.31	18.4	12.9	23.9	5.6	3.3	65	
8	2009.06.01	15.3	11.1	19.3	0.1	1.5	80	
8	2009.06.02	13.3	7.1	17.2	0.7	1.9	85	
8	2009.06.03	12.6	7.1	16.1	7	3.6	87	
8	2009.06.04	8.6	6	11.4	6.8	4.8	77	
8	2009.06.05	8.6	4.5	12.7	3.1	3.3	81	
8	2009.06.06	9.4	4.9	13.2	0	2.1	77	
8	2009.06.07	10.1	8.5	11.5	20.9	3.3	89	
8	2009.06.08	12.7	8.9	17.9	0	2.3	82	
8	2009.06.09	16.9	9.5	22	0	1.9	69	
8	2009.06.10	18.1	16.4	21.2	2.6	2.9	79	
8	2009.06.11	18.1	13.6	22.4	0.8	1.4	79	
8	2009.06.12	13.6	10.7	15	0	3	83	
8	2009.06.13	11.6	9	14.3	0	2.6	78	
8	2009.06.14	11.4	8.3	14.4	16.4	2	92	
8	2009.06.15	15.2	10.1	20.8	0.8	3.6	69	
8	2009.06.16	10.9	10.1	11.3	23.9	2.4	90	
8	2009.06.17	11.6	9.3	14.5	2.8	2.6	83	
8	2009.06.18	12.8	7.3	17.6	0.1	2.1	73	
8	2009.06.19	15.1	10.4	19.5	1.2	2.8	74	
8	2009.06.20	14.5	9.9	18.6	1.8	2.3	75	
8	2009.06.21	14.8	9.9	18.9	0.3	2	70	
8	2009.06.22	14.8	10.4	20	2	3.5	80	
8	2009.06.23	18.1	12.5	23.6	0	3.9	82	
8	2009.06.24	18.6	16.9	19.3	4.5	3.8	91	
8	2009.06.25	17.5	14.2	17.9	0.1	4.4	90	
8	2009.06.26	15.7	14.7	17.2	0	3.5	83	
8	2009.06.27	18.3	14.9	23.3	0	2.8	89	
8	2009.06.28	22.3	17.8	28.6	2.6	2.6	81	
8	2009.06.29	21.3	17.2	25	0.3	2.4	88	
8	2009.06.30	22.3	18.5	26.2	0	2.5	77	
8	2009.07.01	20.4	18.4	23.2	18.7	2.3	81	
8	2009.07.02	20.9	17.4	24.8	0	1.9	81	
8	2009.07.03	20.3	15	25.5	0	2.3	75	
8	2009.07.04	17.1	15.5	20.6	11.3	2.1	88	
8	2009.07.05	17.1	14.1	20	1	3	77	
8	2009.07.06	15.2	10.9	18.1	0.1	1.8	72	
8	2009.07.07	18.9	14.4	23.5	3	1.3	79	
8	2009.07.08	18.5	13.6	22.7	11.2	3.3	84	
8	2009.07.09	15.5	12.3	19.6	7.7	4.5	83	
8	2009.07.10	14.8	10.1	19	5.3	2.3	81	
8	2009.07.11	15.6	12.9	19.2	0.4	2.4	81	
8	2009.07.12	15.1	9.2	19	0	1.4	82	
8	2009.07.13	16.6	10.3	22.2	0.5	1.5	74	
8	2009.07.14	17.7	11.1	24.4	0	1	73	
8	2009.07.15	22.1	15.9	28.3	0	2.4	64	
8	2009.07.16	21.6	17.6	23.8	3.7	2.4	80	
8	2009.07.17	20	14.7	24.6	0	1.3	68	
8	2009.07.18	22	14.8	29	0	2	69	
8	2009.07.19	23.4	15.7	26.6	1.8	3.3	75	
8	2009.07.20	17.2	13.8	21.8	6.2	3.5	77	
8	2009.07.21	16.1	12.1	20.8	3.3	4	75	
8	2009.07.22	17.8	10.4	24.4	0	2.8	74	
8	2009.07.23	20.8	15.6	26.4	8.2	1.9	82	
8	2009.07.24	19.6	14.9	20.7	8.6	2.4	87	
8	2009.07.25	17.5	13.5	21.3	1.7	1.8	79	
8	2009.07.26	16.2	13.5	18.8	1	2.6	83	
8	2009.07.27	17	12.6	21	0	3.4	75	
8	2009.07.28	18.4	10.9	24.6	0	1.3	71	
8	2009.07.29	19.8	15.2	23.8	0	2.3	74	
8	2009.07.30	20.3	12.8	26.4	0	1.4	73	
8	2009.07.31	18.2	13.3	21.2	2.7	3	77	
8	2009.08.01	16.3	9.3	22.1	0	2.1	71	
8	2009.08.02	16.5	10	23.3	0	1.4	70	
8	2009.08.03	18.3	10.9	24.7	0	2.1	68	
8	2009.08.04	20	13.7	24.7	0	2.4	62	
8	2009.08.05	18.1	12.4	22.6	0	1.1	76	
8	2009.08.06	18.9	13.9	23.4	0	2.3	72	
8	2009.08.07	17.4	10.8	22.3	0	2.3	70	
8	2009.08.08	16.5	9.5	22.2	0	1.8	69	
8	2009.08.09	16.4	7	23.3	0	1	64	
8	2009.08.10	17.1	8.5	23.6	0	1.1	64	
8	2009.08.11	18.7	14.9	24.4	0.7	3.3	64	
8	2009.08.12	16	12.5	19.6	2.4	3.1	88	
8	2009.08.13	14.4	11.4	18.2	5.1	2.4	87	
8	2009.08.14	14.7	9.8	19.3	0.9	4.1	79	
8	2009.08.15	14.6	9.9	20.2	0	3.1	75	
8	2009.08.16	19.4	13.5	26.5	0	4.5	63	
8	2009.08.17	20.2	14.9	24.2	0.3	2.4	72	
8	2009.08.18	15.9	13.1	19.3	10.2	2.9	83	
8	2009.08.19	15.1	11.1	18.6	0.6	4.4	74	
8	2009.08.20	14.8	7.2	20.9	0	1.5	73	
8	2009.08.21	15	6.5	22.1	0	1.3	69	
8	2009.08.22	17	9.8	23.5	0	2.1	69	
8	2009.08.23	14.8	9.1	15.7	14.5	2.4	91	
8	2009.08.24	13.4	7.8	19.5	0	1	79	
8	2009.08.25	14.6	6.4	21.6	0	1.9	73	
8	2009.08.26	18.8	13	25.8	0	2.5	71	
8	2009.08.27	17.7	12.9	21	3.7	1.1	82	
8	2009.08.28	16.5	8.3	23.5	0	1.3	75	
8	2009.08.29	16.5	12.3	22.2	53.8	2.8	85	
8	2009.08.30	13.9	9.6	18.1	4.6	3	83	
8	2009.08.31	13.9	8.1	20.2	0	2.3	77	
8	2009.09.01	14.9	7.7	21.8	0	1.8	72	
8	2009.09.02	16.6	11.5	22.3	0	3.4	58	
8	2009.09.03	16.9	9.8	23.7	0	2.5	70	
8	2009.09.04	17.2	15.2	18.4	4.7	3.3	86	
8	2009.09.05	15.2	11.9	18.5	10	2.3	89	
8	2009.09.06	13.5	12.2	16.3	0.1	4.6	84	
8	2009.09.07	15.2	11.3	20	0	2.6	80	
8	2009.09.08	14.6	7.7	21.6	0	0.9	81	
8	2009.09.09	15.1	7.5	21.9	0	1.1	78	
8	2009.09.10	16.7	9.4	24.7	0	0.5	77	
8	2009.09.11	16	10.4	22	0	1.4	83	
8	2009.09.12	13.8	11.5	14.9	0.4	1.6	95	
8	2009.09.13	13.1	7.7	19	0	1.4	77	
8	2009.09.14	13.7	7.9	19.2	0	1.3	78	
8	2009.09.15	14	9.2	18.5	0	1.5	79	
8	2009.09.16	16.1	12.6	21.8	0.5	1.8	79	
8	2009.09.17	13.9	8.4	17.1	0	2.4	82	
8	2009.09.18	11.1	8.2	14.9	0	1.8	77	
8	2009.09.19	11.2	4.2	17.8	0	1.3	78	
8	2009.09.20	11.5	5.3	19	0	1.6	78	
8	2009.09.21	13.2	6.5	20.8	0	2.5	79	
8	2009.09.22	12.1	6.9	16.4	0	2.5	81	
8	2009.09.23	14.9	11.7	17.9	0	4.1	75	
8	2009.09.24	12.5	9.6	15	0	3.8	77	
8	2009.09.25	12	8.5	15.7	1.5	3.5	77	
8	2009.09.26	14.2	13.1	15.7	0	2.9	83	
8	2009.09.27	14.1	9.1	17.5	0	2.6	78	
8	2009.09.28	12.4	7.3	18	0	4.3	80	
8	2009.09.29	9.7	3.5	11.6	4.7	4.8	80	
8	2009.09.30	6.3	2.5	11.5	0.4	2.9	81	
8	2009.10.01	7	4.9	9.7	0.6	4.3	84	
8	2009.10.02	6.1	3.1	9.7	4.1	4.1	83	
8	2009.10.03	5	2.5	8.8	0	3.5	90	
8	2009.10.04	11.4	9.3	14.3	0	7.6	66	
8	2009.10.05	8.8	5.6	10.4	0.7	5.6	74	
8	2009.10.06	7.3	3	12.8	0.1	2.3	79	
8	2009.10.07	9.1	4.7	15.4	4.9	4.1	88	
8	2009.10.08	10.6	5.3	12.2	18.1	2.6	97	
8	2009.10.09	7.6	4.4	9.7	0.3	4.5	88	
8	2009.10.10	3.6	-1.4	8.5	0	1.6	91	
8	2009.10.11	4.8	3	6.9	5.4	3.3	92	
8	2009.10.12	7.1	3.8	9.4	5.5	2	97	
8	2009.10.13	3.4	2.1	4.5	1.6	4.1	92	
8	2009.10.14	1.3	0.5	1.9	17.8	7.8	91	
8	2009.10.15	3.7	0.7	7.2	1.1	3.3	85	
8	2009.10.16	0.8	-1.2	2.2	2.5	1.4	96	
8	2009.10.17	1.8	-1.4	3.7	0.9	1.5	93	
8	2009.10.18	-0.3	-1.5	2.2	0	1.9	97	
8	2009.10.19	2.1	-0.6	6.6	0.1	3.1	89	
8	2009.10.20	1.6	-3.8	6	0	1.9	87	
8	2009.10.21	4.8	3.8	6.7	5.2	2.6	96	
8	2009.10.22	5.2	3.3	6.6	0	1.8	94	
8	2009.10.23	6.5	5.6	7.6	0	2.8	93	
8	2009.10.24	7	6.5	7.5	0	2.4	88	
8	2009.10.25	7.4	6.8	8.2	9	3	97	
8	2009.10.26	9	8.2	9.9	5.2	2.5	98	
8	2009.10.27	9.2	8.1	10.8	3.5	2.9	95	
8	2009.10.28	7.1	4.2	8.4	3.1	4.6	87	
8	2009.10.29	3.3	1	4	0	2.9	89	
8	2009.10.30	1.4	-2	3.3	1	2.8	83	
8	2009.10.31	1.3	-1.2	4.2	0	1.4	88	
8	2009.11.01	3	1.9	4.9	0	2.1	91	
8	2009.11.02	0.3	-2.6	2.4	0	3.9	77	
8	2009.11.03	-1.9	-4.2	0.5	0	4.8	68	
8	2009.11.04	-1.9	-2.6	-1.2	0	5.8	67	
8	2009.11.05	-0.1	-1.6	1	6.2	4.6	91	
8	2009.11.06	0.7	0.1	1.4	3.5	2.8	97	
8	2009.11.07	1.6	0.1	3.3	2.1	2.5	99	
8	2009.11.08	2.8	2.4	3.3	0	1.6	97	
8	2009.11.09	5.4	3.6	7.7	1.7	4	97	
8	2009.11.10	4.2	3.7	4.6	7.4	2.8	97	
8	2009.11.11	3.3	2.9	3.6	9	3	99	
8	2009.11.12	4.6	3.3	6.1	3.6	1.5	99	
8	2009.11.13	3.1	2.1	3.9	0	2.3	95	
8	2009.11.14	1.7	-1	3.8	0.3	1.9	96	
8	2009.11.15	1.8	0.2	5	0	3.1	88	
8	2009.11.16	2.7	2.4	3.5	1.9	2.9	94	
8	2009.11.17	4.3	3	7	0.7	3.8	99	
8	2009.11.18	7.1	6.4	8.5	2.7	3	95	
8	2009.11.19	7.1	6.4	7.5	4.5	6.3	88	
8	2009.11.20	7.2	4.4	8.8	2.9	3.4	93	
8	2009.11.21	6.7	4.4	10.3	0	3.8	87	
8	2009.11.22	4.9	2.3	6.7	0	2.6	95	
8	2009.11.23	7	6.2	7.3	0.1	4.3	95	
8	2009.11.24	6.9	6.1	8.3	5.2	5.8	87	
8	2009.11.25	6.5	5.7	8.5	0.9	3.9	94	
8	2009.11.26	6.7	5.3	8.2	1.5	3.9	94	
8	2009.11.27	4.9	2.9	6.8	0	3.6	90	
8	2009.11.28	5	1.8	6.8	0	4.3	84	
8	2009.11.29	3.4	1	5.2	1.2	3.9	91	
8	2009.11.30	3.5	0.9	5.9	0	3	91	
8	2009.12.01	5.2	4.1	5.8	0	4	81	
8	2009.12.02	6	4.8	7.7	0	4.5	87	
8	2009.12.03	2.9	-2.1	4.3	0	2.9	88	
8	2009.12.04	1.1	-2.9	4.5	0.4	1.6	96	
8	2009.12.05	2.1	0.1	4.1	0.5	2.8	90	
8	2009.12.06	1.3	0.4	2.2	0.5	3	90	
8	2009.12.07	1.3	0.6	2.1	2.1	3.1	96	
8	2009.12.08	2.8	1.6	4.6	1.6	1.3	99	
8	2009.12.09	2.8	0.5	3.5	0.4	1.1	99	
8	2009.12.10	1.2	0.6	1.8	0	0.9	95	
8	2009.12.11	-0.7	-2.4	0.8	0	2.5	90	
8	2009.12.12	-3	-4	-2.4	0	2.1	81	
8	2009.12.13	-4.5	-4.9	-4.3	0	2	82	
8	2009.12.14	-4.4	-4.8	-3.9	0	1.9	89	
8	2009.12.15	-6.2	-8.9	-4.3	0.2	1.8	89	
8	2009.12.16	-10.7	-14.3	-8.9	0	3.8	78	
8	2009.12.17	-13	-14.4	-11.2	0	5.5	61	
8	2009.12.18	-11.4	-11.9	-10.9	0.4	5.1	55	
8	2009.12.19	-12.5	-14.4	-11.2	1.9	2.4	85	
8	2009.12.20	-14.4	-17.1	-12.1	1	0.6	88	
8	2009.12.21	-14.7	-16.4	-13.6	0.8	3	88	
8	2009.12.22	-8	-10.4	-1.8	0.2	3.4	89	
8	2009.12.23	0.9	0.3	2.5	16	3.8	93	
8	2009.12.24	0.6	-0.1	1.4	1.3	3	91	
8	2009.12.25	2.3	1.3	4.3	9.3	4.4	94	
8	2009.12.26	3	2	4.1	0.8	5.4	91	
8	2009.12.27	2.7	0.9	3.3	2.5	4.8	94	
8	2009.12.28	-0.5	-1.6	0.1	1	2.3	94	
8	2009.12.29	-0.5	-2.5	0.3	6.9	4.3	90	
8	2009.12.30	-4.8	-9.5	-2	0	2.9	87	
8	2009.12.31	-7.6	-10.8	-2	0	1.6	88	
8	2010.01.01	-5.7	-7.7	-3.8	1.3	2	87	
8	2010.01.02	-5.3	-8.5	-4.4	4	3	91	
8	2010.01.03	-15.8	-21.4	-10.5	0.2	1.8	86	
8	2010.01.04	-15.6	-21.3	-8.4	0	3.1	87	
8	2010.01.05	-7.6	-8.4	-6.2	0	4.8	88	
8	2010.01.06	-9.4	-13.3	-7.2	0.3	3.1	87	
8	2010.01.07	-7	-7.4	-5.9	5.7	2.1	88	
8	2010.01.08	-7.1	-8.4	-6.5	0.2	2.9	87	
8	2010.01.09	-6.1	-7.9	-5	0	3.9	85	
8	2010.01.10	-7.3	-9.2	-4.4	0.4	5	84	
8	2010.01.11	-5.8	-6.3	-5.4	6.2	4	87	
8	2010.01.12	-5.1	-6.4	-3.8	0.3	2.4	88	
8	2010.01.13	-8.7	-11.4	-6.6	0	1.5	94	
8	2010.01.14	-8.3	-13.4	-6.2	0	1.3	91	
8	2010.01.15	-12.5	-18.2	-11	0	1.3	91	
8	2010.01.16	-11.6	-19.8	-4.8	0	1	90	
8	2010.01.17	-6.6	-8.1	-5.4	0	4.4	84	
8	2010.01.18	-7.9	-10.1	-7	0	3.9	83	
8	2010.01.19	-10.5	-11.2	-9.6	0.6	3	83	
8	2010.01.20	-9.6	-10.9	-8.1	2	3.6	63	
8	2010.01.21	-12.7	-15.2	-11.4	0	2.5	70	
8	2010.01.22	-15.2	-18.2	-12.7	0	1.8	70	
8	2010.01.23	-17.7	-23.1	-14.1	0	1.4	68	
8	2010.01.24	-22.4	-27.4	-15.8	0	0.3	82	
8	2010.01.25	-22.8	-27.6	-16.6	0	0.1	83	
8	2010.01.26	-17.1	-24	-12.3	0.4	2	88	
8	2010.01.27	-20.2	-26.8	-15.8	0	1.6	84	
8	2010.01.28	-9.9	-13.1	-3.4	4.7	5.6	88	
8	2010.01.29	-4.7	-9.2	-3.3	0.9	3.9	86	
8	2010.01.30	-3.5	-4.6	-0.9	1.4	3.9	90	
8	2010.01.31	-3.3	-7.7	-1.8	0	2.9	78	
8	2010.02.01	-6.4	-8.4	-4.7	3	2.8	87	
8	2010.02.02	-3.9	-5.8	-1.2	0.3	2.9	91	
8	2010.02.03	-3.9	-5.3	-3.1	1.6	4.9	83	
8	2010.02.04	-3.6	-9	-2	0	2.5	92	
8	2010.02.05	-6.8	-8.2	-4.6	0	2.4	90	
8	2010.02.06	-7.2	-8.7	-6.3	0	3.6	82	
8	2010.02.07	-9.3	-13.6	-6.6	0	1.8	64	
8	2010.02.08	-10.2	-12.7	-7.6	0.2	1	74	
8	2010.02.09	-9.3	-10.5	-7	0.5	1	80	
8	2010.02.10	-8.2	-13.4	-4.4	0	2	81	
8	2010.02.11	-5.6	-9.3	-1.4	1.8	3.1	88	
8	2010.02.12	-3.8	-5.4	-2.6	6.1	3.8	88	
8	2010.02.13	-5.2	-6.3	-3.5	0	2.3	86	
8	2010.02.14	-5.3	-6.1	-4.9	6.8	2.8	89	
8	2010.02.15	-5.9	-7.3	-4.8	2.4	1.6	87	
8	2010.02.16	-5.7	-6.4	-4.8	0	0.9	88	
8	2010.02.17	-5	-6.4	-3.3	0	2.1	88	
8	2010.02.18	-4	-5.5	-1.8	0.5	2.9	91	
8	2010.02.19	0.5	-1.1	2.2	0.4	2.6	93	
8	2010.02.20	1.4	0.8	2.1	6.8	2.5	97	
8	2010.02.21	0	-1.9	1.7	0.1	3.1	80	
8	2010.02.22	-1.7	-3.2	-0.3	0	2	70	
8	2010.02.23	1.5	-1.2	5.1	0.4	4.9	80	
8	2010.02.24	0	-1.5	0.8	0.1	2.8	86	
8	2010.02.25	0.2	-1.4	1.7	2.3	2.8	93	
8	2010.02.26	1.5	0.7	2	0	3.5	97	
8	2010.02.27	2	1.6	2.6	0.6	2.8	98	
8	2010.02.28	2.2	0	6.5	0.3	4	88	
8	2010.03.01	3.3	1.4	7.3	1	5.3	82	
8	2010.03.02	1	-0.6	1.7	1.6	6.3	78	
8	2010.03.03	-1	-3.4	1.1	1.8	5.5	75	
8	2010.03.04	-3	-5.7	-0.8	0.7	3	79	
8	2010.03.05	-4.9	-8.8	-1	0	2.1	83	
8	2010.03.06	-5.7	-8.7	-4.2	0.2	2.4	83	
8	2010.03.07	-7.9	-13.1	-3	0	1.1	76	
8	2010.03.08	-7.3	-13.2	-1.5	0	0.6	73	
8	2010.03.09	-6.4	-11.7	-2.4	0.9	3.3	84	
8	2010.03.10	-3.1	-6.9	1.8	0	2.1	81	
8	2010.03.11	-3	-9	4.1	0	1.8	71	
8	2010.03.12	-4.4	-9	0.2	0	1.8	77	
8	2010.03.13	-1.8	-2.7	-0.2	3	3.8	79	
8	2010.03.14	-1.3	-5	1.3	0.8	3.3	75	
8	2010.03.15	-3.2	-7.1	1.3	6.5	4.8	73	
8	2010.03.16	-3.4	-5.9	0.3	4	2.9	87	
8	2010.03.17	-2.6	-6.5	0.7	0.7	3.9	83	
8	2010.03.18	1.3	-0.4	3.4	0.6	1.8	90	
8	2010.03.19	5.1	2.4	9.5	0	4.4	80	
8	2010.03.20	6.9	4.3	9.7	0.7	4	84	
8	2010.03.21	9.2	4.6	11.9	9	4.6	95	
8	2010.03.22	2.3	-2.4	3.9	0.6	5	78	
8	2010.03.23	2.6	-0.2	6.3	0	3.1	80	
8	2010.03.24	3.8	2.1	5.3	1.3	4.4	86	
8	2010.03.25	5.4	-0.4	11.8	0	2.4	74	
8	2010.03.26	9.4	6.5	13.6	0	3.8	66	
8	2010.03.27	9.9	6.7	12.8	0.4	4.5	73	
8	2010.03.28	7.2	2.7	9.9	0	4.8	78	
8	2010.03.29	4.9	2.8	8.4	0	2.3	90	
8	2010.03.30	8.4	5.3	13.6	0.7	1.5	89	
8	2010.03.31	14	10	18.7	0	4.6	53	
8	2010.04.01	8.3	5.5	10.1	10.4	3.3	85	
8	2010.04.02	5.2	3.3	5.9	5.6	3.5	94	
8	2010.04.03	4.2	2.6	7.9	0.3	2.6	88	
8	2010.04.04	7.1	1.9	13.3	0	2.8	68	
8	2010.04.05	10.2	6.3	15.6	0	3.1	59	
8	2010.04.06	6.4	4.4	7.3	13	3	96	
8	2010.04.07	5.9	3.1	9.4	1.2	2.4	91	
8	2010.04.08	2.7	0.1	5.5	0	1.5	94	
8	2010.04.09	6	-1.6	13.6	2.1	2.1	80	
8	2010.04.10	5.4	3.6	7.6	11.9	2.9	88	
8	2010.04.11	8.3	2.7	13.6	0	2.5	73	
8	2010.04.12	9.4	3.4	15.5	0	2	64	
8	2010.04.13	10.8	3.9	15.7	0	1.8	53	
8	2010.04.14	10.1	2	17.3	0	0.9	60	
8	2010.04.15	9.8	2.5	16.7	0	1.4	67	
8	2010.04.16	8.6	4.7	14.4	0	2.9	61	
8	2010.04.17	6.7	2.9	11.4	0	4.6	63	
8	2010.04.18	10.4	5.3	15.6	0	4.3	57	
8	2010.04.19	9.3	3.4	17.2	0	2.8	63	
8	2010.04.20	4.8	-0.2	10.2	0	2.9	60	
8	2010.04.21	4.6	-2.5	9.7	0	1.5	67	
8	2010.04.22	3.1	1.4	5.4	1.9	3.3	83	
8	2010.04.23	5	0.3	10	0	5	56	
8	2010.04.24	5.7	2	9.5	1	4.8	62	
8	2010.04.25	5.7	0.8	11.8	0	1.8	62	
8	2010.04.26	7.9	-1.5	15.5	0	2.5	50	
8	2010.04.27	8.5	5.2	10.7	8.8	3.8	71	
8	2010.04.28	9.1	6.7	11.7	0.6	3.5	84	
8	2010.04.29	10.3	5.3	14.6	0	3.1	75	
8	2010.04.30	15.7	8	22.3	0	3.8	59	
8	2010.05.01	11.8	8.6	13.6	3	1.4	87	
8	2010.05.02	12	9.7	15.6	1.8	1.6	88	
8	2010.05.03	12.2	5.3	17.5	3.8	2.8	79	
8	2010.05.04	9.9	5.7	14.1	0	4	83	
8	2010.05.05	6.7	4.4	8.9	2.8	1.6	86	
8	2010.05.06	5	1.7	8.9	7.5	3.8	91	
8	2010.05.07	14.9	8.4	22.7	0.5	3	77	
8	2010.05.08	13.5	8.3	14.4	0	2	86	
8	2010.05.09	9.7	6.1	13.5	0	2.3	85	
8	2010.05.10	11.5	4.1	16.8	0	1.8	67	
8	2010.05.11	13.9	9.5	19.7	5.4	1.9	79	
8	2010.05.12	16.4	8.1	23	0	2.6	74	
8	2010.05.13	17.1	14.6	22.5	4.3	3.1	80	
8	2010.05.14	15.9	14.5	19.4	10.7	2	92	
8	2010.05.15	14.8	12.3	15.2	0.4	3	86	
8	2010.05.16	15.9	9.4	21.4	0	3	78	
8	2010.05.17	16.6	13.9	20.4	44.8	3.6	88	
8	2010.05.18	16.2	13.8	19.2	10.3	2.4	88	
8	2010.05.19	15.9	12.2	19.7	1.1	2	87	
8	2010.05.20	16.7	10.3	21.4	0	2	75	
8	2010.05.21	18.2	10.3	24	0	2	62	
8	2010.05.22	18.5	12.9	23.6	0	2.1	64	
8	2010.05.23	16.9	13.1	20.7	0	2.3	60	
8	2010.05.24	13.5	10.8	16.4	7.6	3	74	
8	2010.05.25	10.2	7.4	12.1	10.7	3.6	81	
8	2010.05.26	9.3	7.1	11.9	1.4	4.9	75	
8	2010.05.27	10.2	3.6	16.7	0	1.6	72	
8	2010.05.28	13.6	11.2	16.5	5.7	2	78	
8	2010.05.29	13.7	8.7	17.2	0.4	2	76	
8	2010.05.30	13	4.1	19.3	0	2.1	62	
8	2010.05.31	17.1	14.7	19.4	0	3.3	66	
8	2010.06.01	18.4	15.4	22.5	0	1.8	82	
8	2010.06.02	18.5	14.7	23.6	0	2.6	89	
8	2010.06.03	21.5	17	27.4	5.5	3.9	78	
8	2010.06.04	17.2	11.6	19.7	8.9	4.5	67	
8	2010.06.05	13.7	6.5	20.3	0	2.4	59	
8	2010.06.06	17.5	11.6	23.2	0	3.9	56	
8	2010.06.07	18	10.2	25.7	1.5	2.9	67	
8	2010.06.08	16.3	13.8	18.1	0	3.5	80	
8	2010.06.09	15.8	10	22.8	0.3	1.8	82	
8	2010.06.10	20.5	15.7	28.1	7.1	2.8	83	
8	2010.06.11	23.4	17.8	30.5	18	3.4	77	
8	2010.06.12	20.9	17.7	24.4	0	3.4	75	
8	2010.06.13	15.2	13.2	16	0.3	4	76	
8	2010.06.14	13.5	11.7	15.9	1.2	1.6	86	
8	2010.06.15	13.6	8.1	18.2	0	2.5	71	
8	2010.06.16	13	10.6	15.9	1.1	3.3	74	
8	2010.06.17	13.8	5.7	19.7	0	2.1	64	
8	2010.06.18	15.5	7.5	21.7	0	2.5	62	
8	2010.06.19	15.1	10.1	16.2	14.7	3	80	
8	2010.06.20	13.6	8.3	18.9	8.8	2	82	
8	2010.06.21	12.6	12.1	13.4	12.4	3.3	95	
8	2010.06.22	13.9	10.7	17.1	0	4.1	77	
8	2010.06.23	11.2	9.1	12.6	0.3	3.9	85	
8	2010.06.24	13.8	12	16.6	28	3.1	97	
8	2010.06.25	16.8	15.2	18.6	0	1	91	
8	2010.06.26	17	11.8	21.6	0	3.8	80	
8	2010.06.27	15.9	10.5	21.4	0	3.5	72	
8	2010.06.28	17.4	11	23	0	1.9	65	
8	2010.06.29	18.8	11.1	24.9	0	2	62	
8	2010.06.30	20.2	11.2	27.2	0	1.1	67	
8	2010.07.01	18.5	14.1	22.4	0	1.8	75	
8	2010.07.02	17	10.1	21.9	0	2.4	74	
8	2010.07.03	18.2	12.4	22.7	0	2.3	71	
8	2010.07.04	18.9	15.5	23.2	0.3	2.4	77	
8	2010.07.05	21.6	17	26.5	0.3	1.3	78	
8	2010.07.06	18.9	14.3	24.2	5.2	1.8	88	
8	2010.07.07	18.5	15.8	20.8	0.8	5.5	81	
8	2010.07.08	17.8	14.5	20.8	0.3	3.6	76	
8	2010.07.09	20.1	15.6	25.2	0	2.6	69	
8	2010.07.10	22.2	14.5	27.9	0	1.4	70	
8	2010.07.11	23.4	16.1	29	0	1.4	70	
8	2010.07.12	24.5	16.6	30.1	0	1.8	66	
8	2010.07.13	24	18.9	29.5	46.4	2.3	72	
8	2010.07.14	20.4	18.6	22.6	8.7	2.4	92	
8	2010.07.15	22.6	19.6	27.2	0	0.9	87	
8	2010.07.16	25.2	20.2	30	0	1.3	73	
8	2010.07.17	26.4	19.4	31.7	0	1.6	69	
8	2010.07.18	24.7	20.7	31.4	57.4	1.9	80	
8	2010.07.19	20.6	17.3	23.8	0	3.3	76	
8	2010.07.20	20.2	15	24.5	0	1.8	70	
8	2010.07.21	21.5	15.6	26.6	0	1.9	77	
8	2010.07.22	25.3	18.2	31.6	0	2.1	72	
8	2010.07.23	24.9	19.5	32.4	24.1	2	75	
8	2010.07.24	25.1	19.5	31.9	3.9	3.1	71	
8	2010.07.25	21.5	17	24.1	0	2.9	74	
8	2010.07.26	17.9	15.2	21	0	2.8	84	
8	2010.07.27	18.9	16.6	22.5	18.9	2.1	93	
8	2010.07.28	21.6	18.6	25.4	8.7	2.6	81	
8	2010.07.29	17.6	14.5	18.8	2.4	1.9	89	
8	2010.07.30	19.2	12.9	25.1	0	2.5	75	
8	2010.07.31	20.9	16.3	25.9	0	1.6	79	
8	2010.08.01	21.2	16.3	27.9	35.2	1.5	83	
8	2010.08.02	20.9	14.1	27.4	0	1.5	82	
8	2010.08.03	23.4	17.1	28.8	0	1.9	73	
8	2010.08.04	19.7	16.8	20.7	0	3.1	84	
8	2010.08.05	18.6	15.9	21.9	2.8	2.5	88	
8	2010.08.06	20.3	15.7	26.5	0	1.8	89	
8	2010.08.07	24.1	18	30.8	2.5	2.9	74	
8	2010.08.08	22.1	17.7	25.8	10.5	2.4	84	
8	2010.08.09	19.4	14.8	23.9	0	1.8	80	
8	2010.08.10	19.6	14.4	25.7	0	1.4	79	
8	2010.08.11	20.3	13.4	25.9	0	1.4	79	
8	2010.08.12	22.5	15	27.6	0	1.3	73	
8	2010.08.13	24.1	19.2	30.9	0	2.4	74	
8	2010.08.14	26.2	19.6	32.6	7.3	2.9	67	
8	2010.08.15	27.3	20.2	33.3	0	2	63	
8	2010.08.16	25.4	19.4	31.1	0	1.4	72	
8	2010.08.17	21.2	16.8	22.7	0.1	2.3	80	
8	2010.08.18	17.3	13.9	20.8	1.5	2.9	86	
8	2010.08.19	17.8	15.1	21.3	0.4	4.5	75	
8	2010.08.20	16.9	12.5	21.2	3.3	3.8	80	
8	2010.08.21	16.4	10.6	21.7	0	2.1	79	
8	2010.08.22	19.8	15	25.9	5.4	2.6	78	
8	2010.08.23	18.7	15	23.7	13.9	3	88	
8	2010.08.24	19.9	16.9	23	8.7	3.8	86	
8	2010.08.25	16.5	13.7	18.5	3.4	4.1	76	
8	2010.08.26	14.7	12.6	16.9	0	5.1	74	
8	2010.08.27	13.2	8.7	16.8	3.7	1.6	91	
8	2010.08.28	13.8	12.4	15.6	49.3	3.9	92	
8	2010.08.29	13.3	9.3	16.1	0.1	2.9	81	
8	2010.08.30	12	6.9	17.4	0	1.6	85	
8	2010.08.31	13.4	7.7	17.9	0	2.1	79	
8	2010.09.01	12.5	11.2	14.3	2.6	4.6	85	
8	2010.09.02	11.2	9.7	13.5	14.6	4	87	
8	2010.09.03	11.3	8.2	15.4	0.5	4.6	80	
8	2010.09.04	10.4	6.4	15	0	2.6	82	
8	2010.09.05	8.8	4.5	14.2	0	2.1	85	
8	2010.09.06	11.1	7.6	16.4	0.3	2.8	85	
8	2010.09.07	13.9	10.2	18.3	0	2.8	76	
8	2010.09.08	12.5	8.1	17.7	0	2.6	72	
8	2010.09.09	12.5	8.3	17.3	0	3.1	74	
8	2010.09.10	12	10.7	12.8	2	3.6	90	
8	2010.09.11	13.1	12	14.3	0	2.5	91	
8	2010.09.12	12.9	7.6	18.7	0	1.1	87	
8	2010.09.13	16.2	13.1	21.1	0	1.3	80	
8	2010.09.14	14.5	12.6	17.5	2.3	2.4	86	
8	2010.09.15	13.4	10	14.7	2.5	4.3	89	
8	2010.09.16	10.4	8.9	13.1	5.2	3.6	94	
8	2010.09.17	9.9	7	15.1	8.8	3.1	88	
8	2010.09.18	9.9	8	12	0.8	4	90	
8	2010.09.19	9.2	6.2	12.1	0	3.8	84	
8	2010.09.20	10.9	5.8	16.7	0	3.9	78	
8	2010.09.21	11.5	9.9	12.7	3.9	3.5	85	
8	2010.09.22	11.4	7.5	14.9	0	3.6	82	
8	2010.09.23	9.5	3.3	15.9	0	2	83	
8	2010.09.24	12.9	8.1	19.2	0	3	79	
8	2010.09.25	14.8	11.3	19.3	0	3.1	80	
8	2010.09.26	14.8	10.2	20.2	0	2.3	80	
8	2010.09.27	14.6	12	15	1.9	2.5	86	
8	2010.09.28	11.9	8.7	13.1	0.4	2.1	90	
8	2010.09.29	6.1	4.6	7.7	6.2	4.5	95	
8	2010.09.30	5.3	2.7	8.2	0.1	4	81	
8	2010.10.01	5.1	1.6	8.9	0	1.9	84	
8	2010.10.02	5.8	-0.9	13	0	0.9	81	
8	2010.10.03	8.7	6.9	11.2	0	2	77	
8	2010.10.04	7.4	3.4	11.2	0	3.5	66	
8	2010.10.05	6	1.5	11.1	0	3.8	66	
8	2010.10.06	5.8	1.8	10.9	0	3.5	67	
8	2010.10.07	1.7	-0.4	3.5	0	3.3	82	
8	2010.10.08	3.2	-1.1	9.9	0	2	79	
8	2010.10.09	3.9	-2.7	12.4	0	1.8	79	
8	2010.10.10	4.1	-3.7	14.2	0	1.1	79	
8	2010.10.11	5.8	1.8	8.8	0	2.9	80	
8	2010.10.12	5.5	2.8	9.6	0.4	3.6	81	
8	2010.10.13	3.6	-0.4	7.5	0	2.3	77	
8	2010.10.14	5.7	4.2	7.6	4.2	3.3	89	
8	2010.10.15	4.1	-0.6	7.9	2	3.1	78	
8	2010.10.16	1.4	-3	7.6	0	1.4	79	
8	2010.10.17	0.3	-5.2	8	0	0.6	77	
8	2010.10.18	0.4	-5.4	7.2	0	1.1	75	
8	2010.10.19	4.5	2.2	6.9	3.4	2.6	95	
8	2010.10.20	6.3	3.7	8.7	9.2	2.5	94	
8	2010.10.21	4.3	0.6	5.2	1	4.6	90	
8	2010.10.22	2.6	-1.2	5.3	4.1	5.9	88	
8	2010.10.23	6.1	3.5	10.4	0	4.9	81	
8	2010.10.24	6.1	2.5	9.4	1.5	3.8	81	
8	2010.10.25	6.6	3.9	8.3	1	3.9	85	
8	2010.10.26	4.1	0.9	8.2	0.3	2.1	83	
8	2010.10.27	2.2	-0.8	7.3	0	1.4	87	
8	2010.10.28	3.2	1.6	6.2	1	4.9	86	
8	2010.10.29	7.1	4.8	9.8	0.8	3.9	91	
8	2010.10.30	6.5	3.2	11	0	3	86	
8	2010.10.31	6.3	3.3	9.5	0	3	80	
8	2010.11.01	7.6	4.6	12.6	0	2.4	73	
8	2010.11.02	8.2	5.3	13.1	0	1.3	82	
8	2010.11.03	8.5	7.3	10.3	0	4.4	88	
8	2010.11.04	8.1	6.5	9.1	2.1	5.1	86	
8	2010.11.05	7.9	7.1	9.5	13.5	3.1	93	
8	2010.11.06	6.1	4.4	8.2	4.7	3	93	
8	2010.11.07	4.3	2.6	6.2	1	2.4	94	
8	2010.11.08	3.3	0.8	7.5	10.7	1.9	97	
8	2010.11.09	9.4	3.4	11.4	0	3	91	
8	2010.11.10	5.4	1	9.3	4.7	2.3	96	
8	2010.11.11	6	4.9	7.3	0	3.6	95	
8	2010.11.12	4.7	2.1	7.4	3.3	5.5	91	
8	2010.11.13	7.8	6.9	9.8	0.5	5.8	83	
8	2010.11.14	9.4	8.4	11.1	0	3.6	88	
8	2010.11.15	9.8	6.7	14	0	3.4	88	
8	2010.11.16	6.1	5	6.7	0	2.6	94	
8	2010.11.17	4.4	3.3	6.5	1	4.4	90	
8	2010.11.18	7.8	6.8	8.8	1.4	2.1	98	
8	2010.11.19	8.8	6	9.9	1.1	3	95	
8	2010.11.20	4.7	2.9	6.3	2.1	1.6	93	
8	2010.11.21	5.1	3.6	6.5	4.1	2	93	
8	2010.11.22	3.3	0.7	5.5	0	2.1	91	
8	2010.11.23	5	3.5	7.1	6.2	4.6	93	
8	2010.11.24	3.1	2.3	4	0.7	3.3	93	
8	2010.11.25	0.9	0.1	1.7	2.8	5.4	93	
8	2010.11.26	-0.3	-2.5	0.5	1.3	4	88	
8	2010.11.27	-4.2	-6.6	-2.8	0	2.4	79	
8	2010.11.28	-6.6	-7.5	-6	0	3	80	
8	2010.11.29	-9	-11.1	-7.2	2	4.8	84	
8	2010.11.30	-11.9	-18	-10.2	5.4	4.9	81	
8	2010.12.01	-16	-18.9	-12.1	0	1.5	84	
8	2010.12.02	-11.7	-13	-9.4	4	4.8	82	
8	2010.12.03	-8	-8.8	-7.3	0	3.4	88	
8	2010.12.04	-8.7	-11.3	-5.9	2.8	3.6	89	
8	2010.12.05	-7.9	-8.9	-7.2	0	4.1	88	
8	2010.12.06	-4.2	-7.7	-1	2.2	5	87	
8	2010.12.07	-3.1	-6.5	-1.2	0	1.8	87	
8	2010.12.08	-3.7	-4.9	-2.2	0	1.6	89	
8	2010.12.09	-2	-4.4	0.2	13	2.9	91	
8	2010.12.10	-2.1	-2.6	-1.4	1.1	5	83	
8	2010.12.11	-5.1	-7.5	-3.4	0	5.1	87	
8	2010.12.12	-5.1	-5.6	-4.7	2.6	4	89	
8	2010.12.13	-9.7	-17.6	-6.2	2.5	2.5	87	
8	2010.12.14	-13.1	-16.5	-9.3	6.1	1.3	89	
8	2010.12.15	-16.9	-21.8	-14	0.2	0.6	85	
8	2010.12.16	-11.4	-13.6	-8.6	0.4	3.4	88	
8	2010.12.17	-9.6	-11.3	-7.8	0	3.9	85	
8	2010.12.18	-10.6	-11.4	-9.9	3.7	2.8	87	
8	2010.12.19	-10.7	-13	-8.2	0.6	3.4	86	
8	2010.12.20	-8.7	-13.4	-3	5.5	2.8	89	
8	2010.12.21	-5.5	-11.8	-4	0.8	4.8	87	
8	2010.12.22	-8.9	-10.8	-7.6	0	1.1	93	
8	2010.12.23	-5.8	-7	-2.6	0.9	2.8	94	
8	2010.12.24	0	-1.9	2.3	0	2.4	97	
8	2010.12.25	0.9	-2.7	2.2	2.3	2.1	98	
8	2010.12.26	-2.8	-4.7	-1.7	1.9	3.8	86	
8	2010.12.27	-6.6	-14.2	-5.2	0	2.6	87	
8	2010.12.28	-10.9	-14.1	-6.9	1	1.4	88	
8	2010.12.29	-6.6	-9.4	-5.6	9	3.5	92	
8	2010.12.30	-7.3	-8.4	-3.1	9.1	2.4	89	
8	2010.12.31	-5.1	-6.9	-3	3.1	5	90	
8	2011.01.01	-1	-3	1	3	6.9	89	
8	2011.01.02	-3.2	-11.3	-0.8	0.9	4.5	83	
8	2011.01.03	-5.5	-9.1	-2.1	0	2.3	90	
8	2011.01.04	-5.4	-6.8	-4.2	1.8	3.8	90	
8	2011.01.05	-5.4	-12.2	-4	0.7	4.4	88	
8	2011.01.06	-10.2	-11.8	-6.1	0	3.9	84	
8	2011.01.07	-1.6	-4.8	1.9	7	4.9	91	
8	2011.01.08	1.3	0.2	2	1.1	2.8	95	
8	2011.01.09	2.1	1.8	2.8	0	4.1	98	
8	2011.01.10	1.6	-2	2.4	1.8	2.3	93	
8	2011.01.11	-2.5	-3.2	-1	0	2.9	94	
8	2011.01.12	0.6	0.2	1.6	2.6	3.6	96	
8	2011.01.13	0.5	-0.6	1.2	1.4	3.6	85	
8	2011.01.14	-0.8	-1.6	0.3	0	1.6	84	
8	2011.01.15	-1	-4	-0.3	0.2	2.3	89	
8	2011.01.16	-3.3	-8.3	2	1.7	2.4	93	
8	2011.01.17	2.9	2.5	3.6	1.5	3.8	95	
8	2011.01.18	2.7	1.2	4	0.7	2.9	98	
8	2011.01.19	0.7	-0.3	1.3	0.4	2.1	92	
8	2011.01.20	-1	-2.2	-0.4	0.4	1.4	89	
8	2011.01.21	-2.3	-3.4	-1.4	0	0.6	90	
8	2011.01.22	-2.1	-2.8	-0.8	2.7	3.1	90	
8	2011.01.23	-2.2	-5.4	-1.1	0.7	2.5	87	
8	2011.01.24	-7.4	-9.7	-6.2	0	2.3	88	
8	2011.01.25	-7.2	-9.4	-3.9	0.4	4.6	86	
8	2011.01.26	-2.1	-3.6	-0.2	2	2.5	94	
8	2011.01.27	-7.5	-11.4	-4.8	0	2.5	91	
8	2011.01.28	-12.1	-16.3	-8.8	0	2.3	86	
8	2011.01.29	-8.7	-14.3	-4.2	0	3.9	86	
8	2011.01.30	-1.8	-4	0.7	0.1	5	83	
8	2011.01.31	-5	-9.2	-3.6	0	3	90	
8	2011.02.01	-3.9	-5.8	-2.2	0	4.5	88	
8	2011.02.02	-2.6	-4.2	0.9	0	4.3	94	
8	2011.02.03	0.6	0	2.1	4.5	4.4	93	
8	2011.02.04	1.5	0.3	1.9	1.6	6.1	85	
8	2011.02.05	3.7	1.2	5.2	13.8	6.5	93	
8	2011.02.06	2.7	0.4	4.2	0	6	78	
8	2011.02.07	1.4	0.8	2.5	0.5	2.3	93	
8	2011.02.08	3.5	1.9	5	2.5	6.8	83	
8	2011.02.09	1.7	-2.5	3.1	0	7.1	75	
8	2011.02.10	-3.6	-6.6	-1.9	0	3.3	57	
8	2011.02.11	-0.8	-3.8	2.2	2.8	4.1	79	
8	2011.02.12	-5.9	-11	-4.5	4.1	5.5	82	
8	2011.02.13	-10.2	-14.2	-6.6	0	3.4	74	
8	2011.02.14	-15.2	-17.9	-12.5	0	2.4	76	
8	2011.02.15	-15.8	-19.3	-11.2	0	1.9	72	
8	2011.02.16	-12.1	-16.3	-7.1	0	2.4	63	
8	2011.02.17	-9.3	-13.2	-4.8	0	3.5	62	
8	2011.02.18	-8.3	-10.3	-6.4	2.8	4	70	
8	2011.02.19	-9.4	-11.3	-8.4	9.2	2.6	84	
8	2011.02.20	-11.3	-13.4	-10.4	3.9	3	83	
8	2011.02.21	-13.8	-18.7	-10.9	0.4	1.9	78	
8	2011.02.22	-16.1	-23.6	-12.2	0	1.3	79	
8	2011.02.23	-19.3	-24.9	-13.3	0	1.1	79	
8	2011.02.24	-16.4	-22.6	-10	0	0.5	81	
8	2011.02.25	-16.9	-23.8	-8.3	0	0.9	78	
8	2011.02.26	-13.3	-21.8	-4.8	0	1	80	
8	2011.02.27	-8.7	-13.6	-4	0	2.8	79	
8	2011.02.28	-6.5	-12.8	-0.1	0	1.5	70	
8	2011.03.01	-10	-18.2	-0.6	0	0.4	67	
8	2011.03.02	-9.6	-15.7	-2.6	0	1	80	
8	2011.03.03	-5	-10.6	1.6	0	1.5	80	
8	2011.03.04	-3.8	-5.4	-2.1	0	2.8	91	
8	2011.03.05	-0.3	-2.6	2.8	0	4.6	81	
8	2011.03.06	-1.9	-4.1	-0.2	1	4.5	78	
8	2011.03.07	-4.6	-9.3	0	0	2.1	68	
8	2011.03.08	-0.7	-3.7	3.2	0	3.4	62	
8	2011.03.09	-1.4	-5.6	3.8	0	4.4	56	
8	2011.03.10	-0.1	-2.6	3.6	2.3	4.1	76	
8	2011.03.11	2.8	1.2	4.2	2.1	5.1	79	
8	2011.03.12	2.8	-0.4	7	0	3.9	70	
8	2011.03.13	4.5	0.2	10.1	0	2	73	
8	2011.03.14	5.4	1.7	11.3	0	1.1	81	
8	2011.03.15	3.1	-1.1	4.4	0	3.8	78	
8	2011.03.16	-0.3	-3.8	3.8	0	3.4	69	
8	2011.03.17	0.6	-2.2	4.1	0	4.6	61	
8	2011.03.18	1	-1.3	3.4	0	4.5	66	
8	2011.03.19	0.3	-0.3	0.7	4.5	2.8	93	
8	2011.03.20	0.6	-2.6	3.8	0.2	3	79	
8	2011.03.21	-0.5	-3.7	4.4	0	2.6	87	
8	2011.03.22	6.4	4.9	9.7	0	4.4	77	
8	2011.03.23	5.6	3.1	8.2	0	5.5	62	
8	2011.03.24	4.2	0.7	5.6	3.1	5.9	80	
8	2011.03.25	1.3	-0.8	3.4	2.4	3.3	83	
8	2011.03.26	-1.7	-5.2	0.9	0	3	63	
8	2011.03.27	-1.7	-7.2	3.1	0	3	61	
8	2011.03.28	2.6	0.4	6	0	4.6	53	
8	2011.03.29	1.9	-0.7	5.3	0.5	3.1	73	
8	2011.03.30	3.9	1.9	6.5	0	2.8	71	
8	2011.03.31	2.9	0.2	6.1	2	3.4	80	
8	2011.04.01	6.2	4.2	10.7	4.5	3.3	88	
8	2011.04.02	5.6	5.3	5.8	0.9	1.9	95	
8	2011.04.03	8.4	4.6	15.3	0	2.9	82	
8	2011.04.04	9.4	3.5	14.3	0.1	3.6	49	
8	2011.04.05	8.1	1.9	13.4	2.5	2.1	76	
8	2011.04.06	6.7	1.7	11.6	1.5	3.1	81	
8	2011.04.07	9.5	5	12.9	3.3	5.4	87	
8	2011.04.08	5.7	2.8	8.9	4.9	7	64	
8	2011.04.09	4.1	1.6	6.9	5	6.1	80	
8	2011.04.10	5.1	2.2	8.9	0	6.5	57	
8	2011.04.11	3	-0.2	6.1	2.2	3.1	80	
8	2011.04.12	5	4	6.4	3.4	1.8	94	
8	2011.04.13	6	1.7	9.1	1.8	1.9	87	
8	2011.04.14	6.1	1.4	10.4	0	2.4	63	
8	2011.04.15	7.8	4.4	11.4	0	2.8	62	
8	2011.04.16	6.3	-0.3	12.5	0	2.6	69	
8	2011.04.17	9.3	5.1	12.7	0	2.6	71	
8	2011.04.18	8.7	3.3	14.8	0	2.9	78	
8	2011.04.19	7.1	1.5	11.8	0	3.3	53	
8	2011.04.20	7.3	-1	14.9	0	1.1	53	
8	2011.04.21	10.5	3.7	17.7	0	1.5	54	
8	2011.04.22	11.3	2.5	19.8	0	0.6	60	
8	2011.04.23	12.2	8.4	15.6	0	1.8	62	
8	2011.04.24	13	7.6	18.7	0	2	51	
8	2011.04.25	15.7	9	21.7	0	1.6	46	
8	2011.04.26	14.7	4.5	22.9	0	1.5	52	
8	2011.04.27	15.2	8.7	21.9	0	1.1	53	
8	2011.04.28	14.8	5.6	21.8	0	2	55	
8	2011.04.29	14.1	6.8	20.5	0	2.1	62	
8	2011.04.30	11.3	6.4	15.9	7.3	2.9	50	
8	2011.05.01	8.5	6	12	1.2	2.1	64	
8	2011.05.02	6.2	2.7	9.7	1.5	3.5	81	
8	2011.05.03	4.1	2.1	6.5	0	2.9	83	
8	2011.05.04	4.6	0.5	9.4	6.8	3.4	72	
8	2011.05.05	3.7	-2.1	8.2	0	2.1	72	
8	2011.05.06	3.3	-1.2	7.5	1	1.8	80	
8	2011.05.07	7.9	4.1	13.5	1.2	4.1	72	
8	2011.05.08	13.3	11	16.5	0	3.9	77	
8	2011.05.09	16.7	9.3	22.5	0	2	69	
8	2011.05.10	14.9	4.7	21.9	0	1.9	55	
8	2011.05.11	15.3	5.1	23.4	0	1	56	
8	2011.05.12	16.6	6.5	24.5	0	1.9	54	
8	2011.05.13	12.2	9.7	14.8	4.3	2.3	82	
8	2011.05.14	12.1	6.3	16.3	0.3	4.3	68	
8	2011.05.15	10.9	2.2	17.9	0	2	67	
8	2011.05.16	10.9	7.5	14.9	9.8	3.1	79	
8	2011.05.17	10.7	5.5	15	0.4	3.8	85	
8	2011.05.18	13.8	7.7	16.6	0	3.8	72	
8	2011.05.19	15.6	6.5	24.3	0	2.4	68	
8	2011.05.20	17.2	9.9	24.5	25.8	2.1	79	
8	2011.05.21	16	10.3	20.9	0.8	1.1	86	
8	2011.05.22	18.5	10.8	25	0	1.6	70	
8	2011.05.23	16.1	8.6	17.7	5.5	3	75	
8	2011.05.24	14.7	6.6	22.2	0	2.5	67	
8	2011.05.25	11	6.1	13.7	4.1	3.5	75	
8	2011.05.26	11.7	5.4	17.6	0	2.8	68	
8	2011.05.27	15.9	10.7	22.8	8.9	2.9	68	
8	2011.05.28	14.7	12	16.6	2.6	2.3	79	
8	2011.05.29	13.8	11.4	18.5	6.6	1.5	81	
8	2011.05.30	18.5	10.7	25.4	0	2.5	69	
8	2011.05.31	21.4	14.7	26.7	0	2.9	60	
8	2011.06.01	23	15.8	29.7	0	2.1	59	
8	2011.06.02	19.5	15	24.6	0	3.1	77	
8	2011.06.03	16.9	9.8	21.8	0	2.3	64	
8	2011.06.04	18.4	11.8	23.5	0	1.6	65	
8	2011.06.05	19.8	10.3	26.7	0	1.3	61	
8	2011.06.06	22.4	15.7	28.3	0	2.9	51	
8	2011.06.07	23.3	17.6	28	0	3.3	46	
8	2011.06.08	21.4	15.8	27.7	4.1	2.1	74	
8	2011.06.09	23.1	15.3	29.8	0	1.9	58	
8	2011.06.10	17.2	13.9	21	0	2.9	89	
8	2011.06.11	14.5	13.2	15.9	0	3.3	94	
8	2011.06.12	14.6	12.7	17	0.1	3.6	90	
8	2011.06.13	16.2	10.6	20.6	0	4	62	
8	2011.06.14	16	6.6	23.5	0	1.5	65	
8	2011.06.15	17.3	12.1	20.6	0	3.1	62	
8	2011.06.16	15.5	8.9	20.5	0	2.5	66	
8	2011.06.17	15	6.9	22.1	28.4	2	80	
8	2011.06.18	15.1	9.7	19.2	10.2	2.1	84	
8	2011.06.19	16.8	11.2	19.5	0.1	2.1	81	
8	2011.06.20	14	9.1	18.8	14.3	2.8	81	
8	2011.06.21	14.7	12	18.2	2.7	3.8	78	
8	2011.06.22	17	10.8	23.3	0.9	2.6	75	
8	2011.06.23	18.4	13.6	22.4	4.1	2.6	71	
8	2011.06.24	15.5	12.1	20.2	0.9	1.8	80	
8	2011.06.25	13.8	9.3	17.5	0	3	74	
8	2011.06.26	13.2	10	17	1.8	2.8	80	
8	2011.06.27	15.6	12.1	21	0	3.9	71	
8	2011.06.28	18.8	12.2	25.2	0	4.8	69	
8	2011.06.29	20.7	16.1	24.8	0	3.4	78	
8	2011.06.30	20.9	16	24.6	2.4	2.9	76	
8	2011.07.01	19.6	15.7	23.3	5.7	2	87	
8	2011.07.02	17.9	12.9	19.3	19.8	2.4	94	
8	2011.07.03	13.7	12.3	16.1	6.6	2.8	86	
8	2011.07.04	13.9	11.1	16.5	1.8	2	88	
8	2011.07.05	16.8	12.7	21.3	25	1.8	85	
8	2011.07.06	18.3	15.4	20.9	37.4	2.9	94	
8	2011.07.07	18.7	15.2	24.2	0.1	0.8	85	
8	2011.07.08	19.5	13.3	25.1	0	0.4	79	
8	2011.07.09	19.9	15.4	23.8	0	1.1	83	
8	2011.07.10	19.6	11.3	26.2	0	0.5	73	
8	2011.07.11	21.4	14.1	27.7	8.1	1.4	75	
8	2011.07.12	19.4	14.1	22.8	3.3	2.8	78	
8	2011.07.13	18	9.1	24.1	0	0.9	66	
8	2011.07.14	21.7	17	27.7	0.3	1.6	73	
8	2011.07.15	19.4	16.9	22.3	2.6	1.4	89	
8	2011.07.16	18.2	14.7	20.7	0	1.9	80	
8	2011.07.17	18.3	11	24.2	0	1.1	72	
8	2011.07.18	23.1	17.8	29.3	0	2.5	65	
8	2011.07.19	19.4	16.6	22.3	9.3	0.9	83	
8	2011.07.20	21.8	16.2	28.3	1.7	1.3	83	
8	2011.07.21	22.4	19	27.8	15	3.8	83	
8	2011.07.22	19.4	17.4	21.4	5.5	2.3	89	
8	2011.07.23	15.2	13.7	15.7	1.7	3.4	89	
8	2011.07.24	16.7	10.7	21.5	0	2	74	
8	2011.07.25	19.9	15.4	25.7	8.1	2.6	71	
8	2011.07.26	20.6	15.6	26.2	2.1	2	82	
8	2011.07.27	19.6	17.1	22.3	21.1	1.6	91	
8	2011.07.28	18.9	16.1	22.2	0	1.6	89	
8	2011.07.29	18.8	16.2	21.7	0.7	3	82	
8	2011.07.30	18.3	11.7	25	1.9	1.3	84	
8	2011.07.31	19.8	17.5	23.2	0.1	1.6	88	
8	2011.08.01	19.6	17.4	22.5	1.6	2.5	86	
8	2011.08.02	17.6	13	20.2	0	2.9	72	
8	2011.08.03	16.1	10.1	20.9	0	1.3	72	
8	2011.08.04	16.2	8.5	22.2	0	0.9	69	
8	2011.08.05	18	10.9	24.4	0	0.5	66	
8	2011.08.06	18.1	10.3	24.3	0	1.4	65	
8	2011.08.07	21	14.6	28.2	5.4	1.8	72	
8	2011.08.08	18.9	16	22.2	26.7	1.8	85	
8	2011.08.09	17.3	14.6	19	1.1	3.6	76	
8	2011.08.10	14.8	11.3	17.6	0.3	3	79	
8	2011.08.11	13	10.8	14.7	1.1	3	84	
8	2011.08.12	18.2	13.7	24	1	2.4	79	
8	2011.08.13	18.2	11.7	24.1	0	0.4	80	
8	2011.08.14	19.1	13.1	24.4	0.4	0.5	79	
8	2011.08.15	20	13.1	26.1	0	0.8	79	
8	2011.08.16	17.5	14.5	21.1	3.4	1.8	86	
8	2011.08.17	15.3	11.8	18.3	0	1	81	
8	2011.08.18	16.4	8.7	23.6	0	1.1	73	
8	2011.08.19	18.7	15.6	24.7	6.6	2.4	76	
8	2011.08.20	14.3	13.3	14.7	8.9	4.4	91	
8	2011.08.21	16.8	12.5	20.1	0.4	3.5	81	
8	2011.08.22	14.9	10.3	18.7	4.4	1.5	90	
8	2011.08.23	17	12.3	19.6	0	1.9	81	
8	2011.08.24	16.9	10.1	22.6	0	0.6	78	
8	2011.08.25	19.3	13.7	23.8	0.3	1.1	76	
8	2011.08.26	20	15.3	25.2	0	1.5	70	
8	2011.08.27	21.9	16.6	27.9	0	2.4	63	
8	2011.08.28	19.3	12.7	21.1	0	2.3	69	
8	2011.08.29	15.7	9.7	21.6	0	1.5	77	
8	2011.08.30	14.6	11	18	1	3	75	
8	2011.08.31	14.2	9.8	18.5	0	2.4	73	
8	2011.09.01	13.4	9.9	17.8	0.6	1.5	83	
8	2011.09.02	13.2	9.3	16.9	1	1.9	84	
8	2011.09.03	13.7	9.1	18.5	0.3	1	82	
8	2011.09.04	14	6.3	20.8	0	0.4	76	
8	2011.09.05	16.3	10.1	22.5	0	1.8	68	
8	2011.09.06	16.3	10.4	18.6	16.8	1.8	78	
8	2011.09.07	13.2	7.9	19.6	3	1.9	85	
8	2011.09.08	12.7	10.6	16.9	0	2.3	88	
8	2011.09.09	12.5	10.4	16.4	3.1	1.4	88	
8	2011.09.10	12.5	8.1	17.6	0.1	2.3	83	
8	2011.09.11	14.6	8.6	21	0	0.8	81	
8	2011.09.12	18.1	14.8	24.7	0.5	1.1	83	
8	2011.09.13	16.6	12.9	20.5	0	2.9	82	
8	2011.09.14	14.6	12.1	18.1	0	3.3	75	
8	2011.09.15	12.8	9	16.2	0.7	3.6	76	
8	2011.09.16	11.6	6.9	14.8	1.9	3	81	
8	2011.09.17	10.2	5	16.5	0	1.4	80	
8	2011.09.18	12	7.6	18.1	0	1.6	71	
8	2011.09.19	16.4	13.1	21.5	0	1.9	68	
8	2011.09.20	14.6	8	16.6	0	1.3	88	
8	2011.09.21	12.4	6.3	19.4	0	0.8	84	
8	2011.09.22	13.6	9.3	18.1	0	1.6	83	
8	2011.09.23	12.4	9.7	15.4	0.3	2.6	79	
8	2011.09.24	11.6	7.9	15.3	0	2.6	78	
8	2011.09.25	11.2	6.1	17	0	0.9	85	
8	2011.09.26	12.3	6.1	20.2	0	1.3	81	
8	2011.09.27	13.5	8.6	20.7	6.4	2	86	
8	2011.09.28	12.2	8.4	15.1	0	2	81	
8	2011.09.29	14.8	13.5	16.7	0	3.1	83	
8	2011.09.30	15.6	13.2	20.8	0	1.9	82	
8	2011.10.01	14.6	10.6	17.9	0	1.9	81	
8	2011.10.02	8	3.5	13.6	0	0.4	84	
8	2011.10.03	11.3	6.4	16.7	0.4	1.8	88	
8	2011.10.04	16.8	14.1	21.3	0	2	83	
8	2011.10.05	13.5	12.4	15.8	0	2.6	78	
8	2011.10.06	14.3	12.1	17.9	0	3.4	78	
8	2011.10.07	12.5	9.5	14.8	0	1.4	77	
8	2011.10.08	8.2	6.2	11.4	0	1.6	84	
8	2011.10.09	5.2	3.3	6.8	0	1.1	93	
8	2011.10.10	6.7	4.2	10	0	2.6	88	
8	2011.10.11	9.5	8.2	11.5	4.1	3.8	83	
8	2011.10.12	7	4.3	8.8	9.8	2.6	88	
8	2011.10.13	5.8	3.5	9.3	1.5	3	86	
8	2011.10.14	4.9	2.8	7	0.1	2.4	85	
8	2011.10.15	4	-0.2	7.1	0	1.5	79	
8	2011.10.16	2.7	-1.9	8.4	0	1.3	83	
8	2011.10.17	2.9	-1.5	8.5	0	1.3	77	
8	2011.10.18	4	-0.3	9.6	0	2.9	66	
8	2011.10.19	6.7	4.7	9.4	0	3.1	78	
8	2011.10.20	6.7	5.8	7.6	0	2.9	84	
8	2011.10.21	4.4	2.2	8.8	0	3	85	
8	2011.10.22	4	0.8	8.8	0	2	89	
8	2011.10.23	3.2	1.2	8	0	0.9	91	
8	2011.10.24	2.9	-2.8	9.4	0	0.5	90	
8	2011.10.25	6.8	4.5	10.6	0	1.5	81	
8	2011.10.26	4.4	0.7	9	0	2.1	73	
8	2011.10.27	3.6	-0.3	8.8	0	1.6	72	
8	2011.10.28	4.1	0.1	9.1	0	2	68	
8	2011.10.29	4.5	0.9	7.6	0	1.1	86	
8	2011.10.30	4.5	1.4	7.1	0.1	1.5	96	
8	2011.10.31	7	4.4	9.7	1	1.8	95	
8	2011.11.01	7.3	5.5	8.6	0	0.9	95	
8	2011.11.02	6.5	4	10.9	0	1.9	91	
8	2011.11.03	4.2	1.9	6.2	0	1.3	96	
8	2011.11.04	4.2	-0.2	10.7	0	0.8	89	
8	2011.11.05	4.3	-1.3	9.7	0	1.4	86	
8	2011.11.06	4.2	2.7	6.8	0	2.4	90	
8	2011.11.07	3.1	-0.7	4.9	0	2.1	90	
8	2011.11.08	-0.5	-3.1	4.1	0	0.5	97	
8	2011.11.09	5	1.7	7.9	0.5	1.1	93	
8	2011.11.10	-0.3	-2.8	0.6	0	1.3	87	
8	2011.11.11	-0.2	-3.8	1.7	0	0.6	81	
8	2011.11.12	0.6	-1.5	2.5	0.3	0.8	96	
8	2011.11.13	2.4	1.2	3.1	0.5	0.6	95	
8	2011.11.14	1.3	0.3	2.3	0	2.1	96	
8	2011.11.15	4.2	-0.6	6.6	1.2	2.4	92	
8	2011.11.16	-1.6	-5.6	2.5	0	0.4	85	
8	2011.11.17	-2.2	-4.3	1.4	0	1.3	88	
8	2011.11.18	-0.7	-1.4	0.6	0	2.1	95	
8	2011.11.19	1.9	0.5	3.9	0.3	3.8	95	
8	2011.11.20	4.9	4.3	6	1.3	0.8	98	
8	2011.11.21	5.3	4.7	6.1	5	0.9	98	
8	2011.11.22	5.5	3	6.1	1.1	0.8	98	
8	2011.11.23	3.8	3.1	4.5	0	0.4	96	
8	2011.11.24	2.9	0.7	4.3	0	3.4	90	
8	2011.11.25	2.1	0.9	4.4	0	3.6	97	
8	2011.11.26	4.5	3.4	6.1	3.4	4.5	89	
8	2011.11.27	5.3	4.3	7.2	3.3	5.6	92	
8	2011.11.28	5.3	3.9	7.6	4.2	7.1	77	
8	2011.11.29	4.3	1.5	5.6	0.1	3.3	88	
8	2011.11.30	1	-0.8	2.8	0	3.3	92	
8	2011.12.01	2.5	1.4	4.3	0	2.4	95	
8	2011.12.02	3.6	2.3	5.9	2.3	3.6	91	
8	2011.12.03	4.3	3.5	4.7	0.7	3.6	84	
8	2011.12.04	4.4	1.4	6.1	6	5	89	
8	2011.12.05	2.3	0.9	3.4	4.2	2.8	93	
8	2011.12.06	1	-0.2	1.9	0	4	84	
8	2011.12.07	0.7	-0.2	1.1	0.8	2.8	91	
8	2011.12.08	0.4	-0.1	1.5	0	1.6	90	
8	2011.12.09	0.8	0.3	2.5	3.5	3.4	93	
8	2011.12.10	1.6	-0.1	2.4	1.6	3.9	89	
8	2011.12.11	1	-0.2	2.6	1.5	4.1	87	
8	2011.12.12	0.2	-1.9	0.9	0	2.8	86	
8	2011.12.13	1.8	1.3	3	0	2.5	89	
8	2011.12.14	4.4	3.3	6.5	0.3	3.6	86	
8	2011.12.15	5	1.1	6.4	0	3.5	80	
8	2011.12.16	0.3	-1.7	4.4	0	1.5	95	
8	2011.12.17	3.9	2.7	4.9	1.5	4.1	84	
8	2011.12.18	2.2	1.4	2.5	4.7	3.6	89	
8	2011.12.19	1.6	0	2.3	0.3	5.4	78	
8	2011.12.20	-2.2	-4.4	-0.8	0	1.5	91	
8	2011.12.21	-2.8	-4.4	-1.6	0	0.6	95	
8	2011.12.22	-4.4	-6.2	-3.9	0	0.5	96	
8	2011.12.23	-4.6	-6	-2.3	0	1.1	94	
8	2011.12.24	-1.4	-2.2	0.4	4.3	3.1	93	
8	2011.12.25	1.5	0.5	2.5	3.8	2.6	92	
8	2011.12.26	5.3	2.6	8.7	0.3	4.4	90	
8	2011.12.27	8.5	4.2	9.7	0.4	4.5	88	
8	2011.12.28	2	-0.1	3.2	0	2.8	87	
8	2011.12.29	3.3	3	4	0.7	3.6	91	
8	2011.12.30	1.6	0	2.8	0	3.1	83	
8	2011.12.31	0	-0.9	0.4	4.4	1	93	
8	2012.01.01	-1.3	-2.3	0.5	0	2	92	
8	2012.01.02	1.3	-0.5	5.8	6.3	3	95	
8	2012.01.03	4.2	0.9	5.8	6.1	1.6	93	
8	2012.01.04	3.7	3.4	4.7	1.2	4.9	81	
8	2012.01.05	2.4	0.7	3.3	4.9	4.6	84	
8	2012.01.06	2.3	0.1	3.3	0.6	1.6	93	
8	2012.01.07	-0.7	-2.7	0.8	0.3	3.5	89	
8	2012.01.08	0.4	0.2	0.8	1.5	2.1	94	
8	2012.01.09	1	-0.6	2	0.8	1.6	97	
8	2012.01.10	-0.7	-4.7	0.6	0	0.5	88	
8	2012.01.11	-1.5	-5.3	4.1	2	2.4	94	
8	2012.01.12	3.4	1.4	6.2	4	4.5	92	
8	2012.01.13	1.8	-1.4	2.3	6	4.5	83	
8	2012.01.14	-2.2	-4.6	-1.2	2.3	3.6	86	
8	2012.01.15	-3.1	-4.3	-1.9	2.2	3	86	
8	2012.01.16	-3.5	-4.3	-2.9	0.3	2.4	82	
8	2012.01.17	-5.4	-11.6	-3.8	1	1.1	88	
8	2012.01.18	-6	-9.2	-2.1	1.2	2.4	91	
8	2012.01.19	-0.7	-2	1	0.8	3	93	
8	2012.01.20	0	-1.5	0.3	0.6	1.3	93	
8	2012.01.21	-1.4	-2.4	-0.1	0.4	1	93	
8	2012.01.22	-0.7	-1.6	0.5	2.6	3	92	
8	2012.01.23	-0.9	-2.3	-0.1	4	2.1	94	
8	2012.01.24	-4.1	-5.9	-2.5	5.7	0.1	92	
8	2012.01.25	-4.5	-5.3	-2.6	0.5	0.3	91	
8	2012.01.26	-7	-12.3	-5.5	0.2	1.5	86	
8	2012.01.27	-12	-13.5	-10.4	0	2.3	79	
8	2012.01.28	-12.9	-15.5	-9.8	0	1.9	74	
8	2012.01.29	-14.6	-18.4	-11.3	0	0.9	73	
8	2012.01.30	-15	-21.4	-10.9	0	0.5	75	
8	2012.01.31	-18.5	-22.6	-11.9	0	0.3	76	
8	2012.02.01	-18.6	-22.4	-15.5	0	1.1	78	
8	2012.02.02	-23.2	-27.4	-19.1	0	0.1	76	
8	2012.02.03	-22.8	-25.8	-17.8	0	1.5	74	
8	2012.02.04	-23.2	-27.3	-19.3	0	0.9	74	
8	2012.02.05	-23.6	-27.2	-19.6	0	1.3	77	
8	2012.02.06	-19.4	-22.3	-15.8	0	1.9	77	
8	2012.02.07	-13	-16.3	-8.6	0.6	1.1	81	
8	2012.02.08	-9.8	-13	-8.6	0	0.3	84	
8	2012.02.09	-11.7	-16.6	-9.7	0	1.5	79	
8	2012.02.10	-18.1	-22.3	-14	0	1	78	
8	2012.02.11	-18.7	-23.6	-12.6	0	0.3	81	
8	2012.02.12	-16.6	-22.6	-8.9	0	1.4	83	
8	2012.02.13	-8.5	-10.6	-5.9	2	2.1	85	
8	2012.02.14	-5.4	-6.7	-3.4	0	2.1	91	
8	2012.02.15	-5.2	-9.1	-4.4	1	3.4	85	
8	2012.02.16	-11.4	-18.1	-7.8	0.2	1	82	
8	2012.02.17	-12.8	-19.2	-4.3	0.2	1.5	80	
8	2012.02.18	-6.4	-7.5	-4.4	1.1	1.6	83	
8	2012.02.19	-3	-6	0.5	4.7	3.5	88	
8	2012.02.20	0.1	-7	0.6	3.5	2.9	90	
8	2012.02.21	-2.8	-7.2	1.2	0.6	4.1	88	
8	2012.02.22	1.5	1.1	2.6	1.5	2.8	93	
8	2012.02.23	2.5	0.8	3.5	6.8	5.8	89	
8	2012.02.24	2.8	1.9	3.7	1.5	3.4	92	
8	2012.02.25	2.5	0.9	2.7	3.9	4.6	90	
8	2012.02.26	-1	-3.2	-0.1	2.4	4.5	85	
8	2012.02.27	-2.8	-6.9	-1.8	0.7	2.5	74	
8	2012.02.28	-5.4	-10.4	1.2	3.4	2	86	
8	2012.02.29	1.7	-1.1	4.6	0.7	2.5	87	
8	2012.03.01	2	0.3	4.2	0	1.4	93	
8	2012.03.02	3.4	0.9	4.4	0.5	4	87	
8	2012.03.03	1.4	-1.9	3.7	0	4.4	72	
8	2012.03.04	-1.8	-4.9	-0.5	0	2.8	72	
8	2012.03.05	-3.9	-6.4	-1.5	0	1.9	77	
8	2012.03.06	-5.1	-8.2	-3.3	0	1.8	76	
8	2012.03.07	-5.1	-6.7	-3.9	0.2	0.5	73	
8	2012.03.08	-4.3	-8.8	-1.4	0	1.5	68	
8	2012.03.09	-3.7	-10.4	4.6	0	0.8	71	
8	2012.03.10	1	-0.9	3.7	0.9	3.1	92	
8	2012.03.11	2	-1.1	3.7	9.6	4.4	92	
8	2012.03.12	0.8	-3.2	4.1	0	1.8	91	
8	2012.03.13	4	-0.3	8.4	0	3.1	83	
8	2012.03.14	1.6	-1.9	4.5	0	3.4	65	
8	2012.03.15	0.1	-3	3.5	0	2.5	79	
8	2012.03.16	3.6	0.1	8.2	0.3	1.9	86	
8	2012.03.17	6	-0.3	16.3	0	1.9	81	
8	2012.03.18	2.7	-0.8	6.8	0	0.1	95	
8	2012.03.19	3.3	0	8.5	2.4	3.5	87	
8	2012.03.20	2.5	-0.3	5.6	0.8	4.6	79	
8	2012.03.21	6.2	3.6	8.8	0.5	3.6	93	
8	2012.03.22	5.9	2.1	12	0	2.1	90	
8	2012.03.23	6.8	1.2	12	0	1.8	80	
8	2012.03.24	3.7	-3.6	11.6	0	0.8	66	
8	2012.03.25	4.7	-1.2	8.7	0	3.9	66	
8	2012.03.26	1.8	-2	7	0	2.3	74	
8	2012.03.27	6.6	1.9	11.8	0	4.9	67	
8	2012.03.28	7.3	1.2	15.8	0	4	69	
8	2012.03.29	6.1	1.8	8.1	0.5	7.4	69	
8	2012.03.30	3.1	1.1	6.7	1.6	3.8	81	
8	2012.03.31	2.7	0.7	6	0.3	2.6	78	
8	2012.04.01	0.9	-1.9	3.6	0.8	4.5	67	
8	2012.04.02	1	-2.7	3.4	4.1	6.9	71	
8	2012.04.03	1.1	-3.4	6.2	0	3.3	57	
8	2012.04.04	0.7	-0.1	2.7	7.6	2.9	85	
8	2012.04.05	1.2	-3.8	5.1	0.3	3.1	75	
8	2012.04.06	0.6	-5.4	6.2	0	1.5	70	
8	2012.04.07	2.8	-1.7	8.4	1	2	80	
8	2012.04.08	1.3	-2.9	2.1	1.1	5	89	
8	2012.04.09	0.1	-5.1	5.9	0	1.8	61	
8	2012.04.10	2.8	-4.8	9.9	0	2.8	53	
8	2012.04.11	7.6	0.4	14.9	0	3.6	39	
8	2012.04.12	9.4	3.8	14.8	0	2.6	51	
8	2012.04.13	9.3	2.1	12.7	6.4	2.9	81	
8	2012.04.14	7.5	0.7	14	0	1.6	74	
8	2012.04.15	9.7	4.3	16.8	0	3.4	65	
8	2012.04.16	8.9	5	9.9	14.6	3.8	89	
8	2012.04.17	5.7	-1.5	8.5	0.7	4.1	69	
8	2012.04.18	4.8	-3.5	11.9	0	1.3	63	
8	2012.04.19	7.6	5.6	9.4	7	3.3	75	
8	2012.04.20	10.3	7.5	13.3	5.4	2.8	86	
8	2012.04.21	12.2	2.7	19.8	0	1	71	
8	2012.04.22	11.2	6.2	14	4.5	0.8	83	
8	2012.04.23	7.2	2.5	13	5.9	2	93	
8	2012.04.24	8.4	0.2	15.5	0	2.1	76	
8	2012.04.25	10.7	4.5	15.5	0.2	3.6	74	
8	2012.04.26	11.6	3.4	19.5	0	2.5	64	
8	2012.04.27	17.4	9.3	25.1	0	3.1	51	
8	2012.04.28	20	10.4	28.4	0	2.8	54	
8	2012.04.29	21.5	12.3	28.3	0	3.3	47	
8	2012.04.30	18.8	10.9	26.7	0	1.6	66	
8	2012.05.01	16.4	7.1	21.3	0	2.9	61	
8	2012.05.02	12.3	3.5	19.2	0	1.5	49	
8	2012.05.03	13.4	2.6	21.7	0	0.6	51	
8	2012.05.04	15.4	4.9	24.6	0	1.4	55	
8	2012.05.05	15.8	9.2	22.1	0	2.3	69	
8	2012.05.06	13.9	5.8	22.5	0.6	3.1	75	
8	2012.05.07	6.1	0.7	7.7	0.4	2	81	
8	2012.05.08	7.8	-0.9	15.1	0	1.4	69	
8	2012.05.09	11.9	1.5	20	0	1.1	62	
8	2012.05.10	16	7.3	23.4	0	2.8	65	
8	2012.05.11	20.1	0	27.2	1.8	3.6	62	
8	2012.05.12	12.6	4.8	17.3	5.5	3.4	78	
8	2012.05.13	9.2	4	13.6	0.1	2.8	69	
8	2012.05.14	9.1	1.5	15.4	0	1	66	
8	2012.05.15	11.1	7.2	15.4	0	1.9	61	
8	2012.05.16	12.7	9.6	16	2.2	2.8	81	
8	2012.05.17	8.4	5.7	10	12.6	5.1	91	
8	2012.05.18	9	2.6	14.2	0	2	66	
8	2012.05.19	11.6	1.4	19.2	0	1.1	63	
8	2012.05.20	17	6.5	24.9	0	1	69	
8	2012.05.21	21.8	16	28	0	1.8	64	
8	2012.05.22	23.2	14.8	28.9	0	1.9	51	
8	2012.05.23	19.7	14.4	23.6	0	3.6	65	
8	2012.05.24	15	9.5	18.6	0	4.5	55	
8	2012.05.25	14	6.7	19.3	0	2.6	54	
8	2012.05.26	14.4	7.2	20.4	0	1.9	57	
8	2012.05.27	14.4	9.7	18.7	1.4	1.4	74	
8	2012.05.28	15.1	6.2	21.9	0	1.8	69	
8	2012.05.29	15.3	8.1	23.9	1.8	3.4	68	
8	2012.05.30	9.9	3.8	13	3.1	3.6	71	
8	2012.05.31	9.4	2.4	14.1	0	1.6	64	
8	2012.06.01	9.9	6.1	12.7	27.8	2.3	87	
8	2012.06.02	7.5	4.9	10.7	5.6	4.8	83	
8	2012.06.03	8.4	4.1	12.7	2.3	3.4	75	
8	2012.06.04	11.9	8.9	15.9	0	2.1	77	
8	2012.06.05	13.3	10.4	16	0	1.1	82	
8	2012.06.06	12.6	8.9	16.5	0	2.6	69	
8	2012.06.07	13.1	7.9	17.8	0	1	61	
8	2012.06.08	14.8	8.6	19.9	0	1.1	69	
8	2012.06.09	17.5	12.4	23.6	6.5	1.3	75	
8	2012.06.10	17.5	9.9	22.7	0	0.8	76	
8	2012.06.11	15.9	12.2	17.5	25.3	2.3	87	
8	2012.06.12	15.8	10.1	20.2	0	1	66	
8	2012.06.13	15.4	11	20.3	0.4	1.3	77	
8	2012.06.14	16.6	11	22.4	7.3	1	78	
8	2012.06.15	14.9	8.2	18.5	0	3.1	80	
8	2012.06.16	15.7	7.4	23.3	0	1.4	65	
8	2012.06.17	19.4	10.4	23.2	0.6	2.5	72	
8	2012.06.18	17.9	8.3	25.6	0	1.1	67	
8	2012.06.19	19.4	8.8	22.8	0	3	71	
8	2012.06.20	13.2	7.4	17	0	0.6	80	
8	2012.06.21	16.1	14.4	19.7	1.3	2.4	86	
8	2012.06.22	16.1	13.9	19	5.5	2.1	93	
8	2012.06.23	17.3	12.2	21.1	0	3.1	76	
8	2012.06.24	17.5	11.1	23.2	0	1.3	68	
8	2012.06.25	17.5	12.2	18.8	5.9	5	67	
8	2012.06.26	13	11.9	15.1	6.4	4.9	84	
8	2012.06.27	13.6	9.1	17.2	2.7	4.1	86	
8	2012.06.28	13.1	7.9	17.5	0	1.4	78	
8	2012.06.29	15.1	7.1	21.2	0	0.6	74	
8	2012.06.30	19.2	9.8	27.3	0	1.6	65	
8	2012.07.01	21.8	15.9	27.2	3.9	1.6	80	
8	2012.07.02	19.5	13.9	22.4	0	1.9	85	
8	2012.07.03	18.6	12.7	25.6	0.8	2.1	80	
8	2012.07.04	21	17.8	26.1	4.2	1.5	86	
8	2012.07.05	22.5	17.7	28.7	20.9	1.1	81	
8	2012.07.06	24.3	19.3	31.5	0	1.5	73	
8	2012.07.07	26.5	20.4	32.5	0.3	2.3	64	
8	2012.07.08	23.1	18.1	28.9	32.4	2.6	82	
8	2012.07.09	20.9	16.8	25.8	10	1.3	82	
8	2012.07.10	20.6	14.7	26	0.3	1.5	73	
8	2012.07.11	19.3	12.8	25.1	3.5	0.5	79	
8	2012.07.12	18.4	12.8	22.6	2.1	1.6	84	
8	2012.07.13	15.8	11.6	20.1	0	2.8	75	
8	2012.07.14	17.5	13.7	21.8	0.9	2.9	73	
8	2012.07.15	17.4	13.2	21.3	0.4	3.6	74	
8	2012.07.16	15.3	11.4	19.3	1.1	1.9	74	
8	2012.07.17	13.7	9.6	18.3	8.3	2.4	82	
8	2012.07.18	13.8	10.1	16.7	12.9	2.4	89	
8	2012.07.19	14.5	10.7	19.3	3.8	3	92	
8	2012.07.20	14.4	12.9	18.1	3.3	5.4	88	
8	2012.07.21	15.6	12	20.1	1	2.4	80	
8	2012.07.22	15.4	10.3	20.5	0	1.6	75	
8	2012.07.23	16.3	8.3	22.6	0	2.1	68	
8	2012.07.24	18.8	10.6	26.1	0	0.4	67	
8	2012.07.25	21.3	12.2	28.5	0	1.1	62	
8	2012.07.26	21.4	15.3	26.3	0	0.6	74	
8	2012.07.27	24.3	18.5	30.6	0	0.5	71	
8	2012.07.28	25.5	17.7	32.4	0	1.9	62	
8	2012.07.29	25.6	18.5	32.9	7.3	3.3	66	
8	2012.07.30	20.1	14.7	22.8	4.5	1.8	91	
8	2012.07.31	19.1	13.6	25	0	0.9	74	
8	2012.08.01	18.1	11.3	22.3	0.5	1.5	75	
8	2012.08.02	18.7	10.2	25.6	0	1.4	69	
8	2012.08.03	21.8	16.8	29.3	0	2	69	
8	2012.08.04	20.1	13.5	24.8	0	1.6	76	
8	2012.08.05	20.3	11.4	27.9	0	1	71	
8	2012.08.06	23.5	17.9	29.9	0	2	69	
8	2012.08.07	17.4	12.2	20.5	35.3	2.4	91	
8	2012.08.08	14.8	11.6	20.4	2.2	3.5	88	
8	2012.08.09	15.4	12.2	19	1.1	2.8	79	
8	2012.08.10	14.5	11.7	18	1.3	2.8	85	
8	2012.08.11	14.5	11.7	17.9	0	2.8	80	
8	2012.08.12	14.1	11.2	18.6	0	1.1	80	
8	2012.08.13	13.5	11.5	15.4	6.6	2.6	92	
8	2012.08.14	13.3	12.1	14	2.6	4.3	90	
8	2012.08.15	15.5	14	18.9	0.6	3.3	89	
8	2012.08.16	16.7	14	19.9	0	2.4	83	
8	2012.08.17	17.4	14.1	21.4	0	1.9	83	
8	2012.08.18	17.8	13.1	22.7	0	2.9	77	
8	2012.08.19	20.1	15.7	26.4	0	1.9	75	
8	2012.08.20	20.5	16.4	24	0.5	2.1	79	
8	2012.08.21	17.4	14.3	22.4	2	1.9	87	
8	2012.08.22	19	12.8	25.1	1.4	2.4	86	
8	2012.08.23	16.9	11.2	22.1	0	3.6	72	
8	2012.08.24	16.3	10.2	22.5	0.6	1.4	78	
8	2012.08.25	16.3	12.3	19.9	2.3	1.1	89	
8	2012.08.26	15.6	11.6	18.5	12.7	1.1	95	
8	2012.08.27	16.4	10.9	19.9	1.3	2.5	90	
8	2012.08.28	13.2	7	18.1	0	2.9	70	
8	2012.08.29	12.2	4.7	18.9	0	0.5	75	
8	2012.08.30	13.3	5.3	20.7	0	0.6	78	
8	2012.08.31	16.4	11.7	22.1	0	2.3	75	
8	2012.09.01	17.4	15	22.4	0.6	1.5	75	
8	2012.09.02	15.5	9.7	19.7	2.4	1	84	
8	2012.09.03	14.8	9	21.5	0	1.3	81	
8	2012.09.04	15.1	10.7	20	0	1.4	83	
8	2012.09.05	14.5	10	17.8	0	2.9	88	
8	2012.09.06	12.5	7.5	17.2	0	3.3	83	
8	2012.09.07	11.5	8.1	16.6	1	4.5	87	
8	2012.09.08	13	9.4	16.1	1.2	4	82	
8	2012.09.09	12.9	5.8	17	0.6	3.6	70	
8	2012.09.10	12.9	4.9	21.5	0	1.6	71	
8	2012.09.11	17.5	11.6	25.6	0	2.1	68	
8	2012.09.12	18.3	13	24	0	3.1	74	
8	2012.09.13	12.5	9.3	13.9	1.2	3	93	
8	2012.09.14	12.3	9	17	2.3	2.6	83	
8	2012.09.15	13.1	11.1	16.4	1	3.5	83	
8	2012.09.16	13.6	11.1	16.7	0	2.6	85	
8	2012.09.17	14.9	9.9	19	0	2.6	78	
8	2012.09.18	14.7	7.2	22	0	1.8	75	
8	2012.09.19	15.6	9.8	22.4	0	2.5	78	
8	2012.09.20	10.9	5.3	13.8	0.3	1.5	84	
8	2012.09.21	9.3	2.5	16.4	0	0.5	79	
8	2012.09.22	8.1	2.4	11.7	0	1.3	85	
8	2012.09.23	9.4	8.3	10.5	15.3	4.9	92	
8	2012.09.24	10.6	5.8	15	0.3	3.3	83	
8	2012.09.25	11.1	7.1	16	0.6	1	82	
8	2012.09.26	14.1	7.6	20.1	0	1.4	85	
8	2012.09.27	17.9	11.3	24.1	0	4	78	
8	2012.09.28	12.3	7.2	15.2	2.1	3.6	88	
8	2012.09.29	11	6	16.2	0	2.3	86	
8	2012.09.30	12.6	7	14.4	0.5	4.1	78	
8	2012.10.01	10.4	5.4	16.5	0	2.5	79	
8	2012.10.02	12.3	10.7	13.7	1.3	1.4	90	
8	2012.10.03	12.4	10.5	13	8	0	96	
8	2012.10.04	12.5	10.7	16.6	0.4	3.6	91	
8	2012.10.05	11.6	8.8	13.2	3.8	5.6	82	
8	2012.10.06	11.3	9.1	13.6	5.7	6.1	80	
8	2012.10.07	9.1	5.1	10.9	5.6	4	89	
8	2012.10.08	7.6	3.9	11.8	1.4	4.1	92	
8	2012.10.09	6.8	3.5	9.1	2.4	4.1	88	
8	2012.10.10	6.3	2.9	9.7	4.4	3.9	89	
8	2012.10.11	5.8	4.1	9.4	4.3	2.1	91	
8	2012.10.12	6.9	2.2	10.4	1.4	1	86	
8	2012.10.13	4.9	1.5	7.8	0	2.6	92	
8	2012.10.14	7.3	4.9	9.9	0	2.5	91	
8	2012.10.15	10	7.6	11.9	0	3.1	90	
8	2012.10.16	11.2	10.1	12.5	0	1.4	93	
8	2012.10.17	10.6	1.8	12.7	10	2.4	89	
8	2012.10.18	7.9	1.1	16.1	0	1.6	87	
8	2012.10.19	11.4	7.1	17.5	0	2.5	81	
8	2012.10.20	9.1	4.3	13.3	0	1.9	86	
8	2012.10.21	7.9	5.8	9.4	0	2.3	97	
8	2012.10.22	9.8	8.2	12	0.3	1.5	95	
8	2012.10.23	7.2	4	8.4	0.1	2.5	92	
8	2012.10.24	5.9	4.1	8.1	0	1.6	87	
8	2012.10.25	6.7	0	7.9	1.3	5.3	86	
8	2012.10.26	2.4	0.2	5.1	8.4	5.3	81	
8	2012.10.27	0.2	-1.3	2.5	1.3	3.4	76	
8	2012.10.28	0.1	-5.1	2.5	5.8	3.8	89	
8	2012.10.29	-3.9	-7.3	1.3	0	0.4	92	
8	2012.10.30	-1.9	-2.6	-0.6	0.2	1.5	91	
8	2012.10.31	0.2	-2.6	2.9	1	3.4	94	
8	2012.11.01	3.9	0.3	8.4	0	3.9	85	
8	2012.11.02	8.5	6.2	10.2	2.3	4	92	
8	2012.11.03	5.9	4.2	6.6	6.1	3.1	94	
8	2012.11.04	6.3	1.1	8.7	1.9	3.3	87	
8	2012.11.05	6.6	4.4	9.5	7.3	2.8	95	
8	2012.11.06	5	2.5	6	2.1	4.4	91	
8	2012.11.07	4	2.6	6.3	1.7	6	88	
8	2012.11.08	6.3	4.5	7.9	3	5.4	93	
8	2012.11.09	6.8	4.8	8.6	1.6	3.6	93	
8	2012.11.10	6	4.8	8	0	2.8	95	
8	2012.11.11	6.7	4.7	9.1	0	4.3	80	
8	2012.11.12	7.2	3.2	9.8	0.4	2.9	86	
8	2012.11.13	4	0	7.6	0	3	89	
8	2012.11.14	1.4	0.2	3.2	0	3.4	96	
8	2012.11.15	1.1	0.1	2.1	0	4.6	90	
8	2012.11.16	2.9	1.7	4.6	0	2.4	97	
8	2012.11.17	2	0.3	2.8	0	3	96	
8	2012.11.18	0.7	-0.3	2.5	0	4	97	
8	2012.11.19	3.5	2.7	4.9	0	1.1	93	
8	2012.11.20	3.9	3.3	5.2	0	0.9	92	
8	2012.11.21	5.4	3.8	7	0	2.4	90	
8	2012.11.22	3.6	2.6	4.7	0	3.6	84	
8	2012.11.23	5.1	4.8	5.8	0	2	94	
8	2012.11.24	3.8	2.2	4.8	2.2	2.6	91	
8	2012.11.25	3.5	1.8	5.5	0.3	1.5	96	
8	2012.11.26	4.9	1.6	7.5	0.5	2.9	94	
8	2012.11.27	2.7	-0.5	5.5	0	1.5	97	
8	2012.11.28	5.8	5.1	6.5	7.4	0.6	98	
8	2012.11.29	6.5	6.2	6.9	3.1	1.1	98	
8	2012.11.30	4.8	0.8	7.7	3	3	94	
8	2012.12.01	0.8	-1.6	1.4	0.1	3.8	88	
8	2012.12.02	-1.1	-2.2	0.8	0	3	87	
8	2012.12.03	-1	-2.3	-0.5	3.7	1.5	94	
8	2012.12.04	-4.2	-9	-2.4	0	1.6	91	
8	2012.12.05	-1.5	-2.8	0	1.3	3.5	92	
8	2012.12.06	-1.9	-5.8	0	1.4	2.1	93	
8	2012.12.07	-5.4	-7.9	-4.3	0	0.6	91	
8	2012.12.08	-5.7	-7.5	-3.9	0	1.9	88	
8	2012.12.09	-6.7	-7.4	-6.1	0	3	89	
8	2012.12.10	-5.5	-6.5	-4.5	2.6	2.6	89	
8	2012.12.11	-4.7	-7.1	-3.4	1.4	1.4	90	
8	2012.12.12	-4.9	-5.7	-4.4	0	1.4	87	
8	2012.12.13	-4.3	-5.7	-1.9	2.1	3.4	91	
8	2012.12.14	-6.9	-10	-5.2	0	2.9	84	
8	2012.12.15	-4.4	-5.6	-2.8	2.1	5.9	81	
8	2012.12.16	-4	-6	-3.3	9.4	6.3	86	
8	2012.12.17	-7.6	-9.2	-6.6	8.2	5.3	83	
8	2012.12.18	-9.2	-9.8	-8.7	4.1	3.8	84	
8	2012.12.19	-9.3	-9.9	-8.6	1.5	3.4	83	
8	2012.12.20	-9.2	-10.4	-8.9	0	2.1	82	
8	2012.12.21	-13.5	-16.3	-11.6	0	1.4	82	
8	2012.12.22	-12.6	-14.8	-10.8	0.5	0.5	83	
8	2012.12.23	-13.8	-16.5	-11.2	0	2.1	83	
8	2012.12.24	-11.1	-12.4	-0.9	3.4	4.8	84	
8	2012.12.25	1.4	-0.1	4	0.1	4.3	93	
8	2012.12.26	3.4	2.2	4.1	0	3.5	89	
8	2012.12.27	2.8	2.1	3.4	0.8	4.4	91	
8	2012.12.28	0.7	-1.4	3.3	1.8	5.9	80	
8	2012.12.29	-1.8	-3.9	0.7	0	3.6	78	
8	2012.12.30	0.4	-1.4	2.2	0	4.9	60	
8	2012.12.31	1.3	-1.1	3	1	4.9	89	
8	2013.01.01	2	0.6	3.7	0.2	4.9	85	
8	2013.01.02	1.8	1	2.2	0.2	3.9	86	
8	2013.01.03	1.9	1	4.3	4.1	5.1	93	
8	2013.01.04	3.6	2.2	4.3	4.6	5	91	
8	2013.01.05	0.7	-1.7	1.7	0.4	4.6	91	
8	2013.01.06	-2.3	-3.5	-1.5	0	3.6	80	
8	2013.01.07	-3.8	-4.7	-3.3	0	3	75	
8	2013.01.08	-5.1	-5.6	-4.8	0	1.8	76	
8	2013.01.09	-4.7	-7.5	-2.5	0	2.5	82	
8	2013.01.10	-1.9	-4.3	0.5	8	3.8	89	
8	2013.01.11	-5.2	-7.2	-4.3	1.2	2	88	
8	2013.01.12	-5.2	-6.7	-3.4	1	2.8	90	
8	2013.01.13	-7	-10.7	-4.5	0	1.9	91	
8	2013.01.14	-8.7	-9.9	-7.3	0	1.1	92	
8	2013.01.15	-5.4	-7.3	-3.6	2.5	2.3	90	
8	2013.01.16	-4.9	-6.7	-4.2	0	2.3	91	
8	2013.01.17	-7.5	-8.7	-7	0	4.8	88	
8	2013.01.18	-9.5	-12.7	-8.6	0	2.5	86	
8	2013.01.19	-12.7	-14.5	-11.8	0	1.8	84	
8	2013.01.20	-12.4	-17.6	-11.5	7.7	1.6	84	
8	2013.01.21	-17.7	-21.3	-14.6	0	0.9	84	
8	2013.01.22	-16.3	-17.9	-15.5	0	1.6	84	
8	2013.01.23	-14.4	-18.1	-9.6	0	0.1	83	
8	2013.01.24	-11.2	-16.8	-6	0	0.1	84	
8	2013.01.25	-9.3	-15.2	-6.9	0.2	0.6	89	
8	2013.01.26	-11.7	-15.8	-9.4	0	1	87	
8	2013.01.27	-14.4	-17.4	-10.5	0	2.4	82	
8	2013.01.28	-12.3	-16.9	-5.6	0.5	2.3	86	
8	2013.01.29	-3.6	-5.6	-0.4	0	2.5	95	
8	2013.01.30	0.7	-0.5	3.1	6.5	4	97	
8	2013.01.31	2.6	1.9	3	4.2	5.9	94	
8	2013.02.01	1.2	-1.5	2	1.2	2.8	88	
8	2013.02.02	0.4	0.1	1.3	6.2	1.8	97	
8	2013.02.03	-0.7	-3.6	0.1	6.4	1	94	
8	2013.02.04	-1.4	-2.4	0.2	0	2	91	
8	2013.02.05	1	0.2	2.2	1.6	4.8	91	
8	2013.02.06	0.8	-1.4	1.6	0.3	3.4	84	
8	2013.02.07	-2.6	-5.4	0.1	1.2	0.8	95	
8	2013.02.08	0	-0.9	0.6	5.4	2.4	94	
8	2013.02.09	-0.8	-1.5	-0.3	0	2.1	83	
8	2013.02.10	-1	-2.5	0.1	0.2	2.5	88	
8	2013.02.11	-1.9	-3.3	-0.7	0	1.8	85	
8	2013.02.12	-2.2	-6.3	0.4	3.8	1.3	88	
8	2013.02.13	-0.5	-1.9	1.9	0	2.9	84	
8	2013.02.14	1	-0.2	2.8	0	1.8	89	
8	2013.02.15	-0.8	-3.3	0	0	1.8	87	
8	2013.02.16	-3.9	-5.2	-3.4	0	1	83	
8	2013.02.17	-4.2	-5.5	-2.8	0	1.5	83	
8	2013.02.18	-3.1	-4	-2.6	1.7	2.9	91	
8	2013.02.19	-3.1	-4.5	-2.1	12.4	3.9	91	
8	2013.02.20	-4.7	-6.9	-3.2	3.7	4.8	87	
8	2013.02.21	-5.9	-8.1	-3	1.5	2.3	87	
8	2013.02.22	-4.3	-5.4	-3.1	0	1.5	86	
8	2013.02.23	-1.7	-3.2	0.1	1.6	3.4	85	
8	2013.02.24	-0.4	-1.9	1.4	0	4.3	68	
8	2013.02.25	0.2	-1.1	1.9	0	3.3	76	
8	2013.02.26	1.8	-0.1	3.9	0	1.3	74	
8	2013.02.27	1.5	-2	4.5	0	1	80	
8	2013.02.28	0.3	-4.7	5	0	2.6	78	
8	2013.03.01	1.5	0.3	3.3	0.2	6	79	
8	2013.03.02	-0.8	-2.8	2.1	1	4.1	78	
8	2013.03.03	0.7	-3.7	2.3	0.8	7.6	78	
8	2013.03.04	-4.2	-7.1	-2	0	3.6	64	
8	2013.03.05	1	-2.7	6.2	0	3.5	61	
8	2013.03.06	1.3	-3.8	7.5	0	1.9	63	
8	2013.03.07	-1.1	-4.5	1.7	0	2.6	69	
8	2013.03.08	-4.3	-6.8	-1.7	0	3	61	
8	2013.03.09	-5.4	-9	-1.1	0	3.4	55	
8	2013.03.10	-7.2	-10.3	-4.3	0	4.5	60	
8	2013.03.11	-7.3	-8.9	-5.4	4.8	4	83	
8	2013.03.12	-7.1	-8.5	-5.5	4.1	2	86	
8	2013.03.13	-8	-10.8	-4.9	0	0.8	87	
8	2013.03.14	-9.6	-17.5	-3.8	0	1.4	74	
8	2013.03.15	-7	-10	-5.1	0	5.1	61	
8	2013.03.16	-6.1	-10	-0.4	0	4.8	59	
8	2013.03.17	-6.9	-13.5	-1.2	0	1.1	58	
8	2013.03.18	-7.8	-17.3	0.6	0	1.5	60	
8	2013.03.19	-5.1	-8.1	-1.8	1.2	4.6	56	
8	2013.03.20	-4.4	-6.3	-2.6	3.7	2.3	82	
8	2013.03.21	-3.5	-6.2	-1.2	0.7	2.4	78	
8	2013.03.22	-7.3	-12	-6	0	4.9	56	
8	2013.03.23	-10.4	-15.4	-5.7	0	4.1	55	
8	2013.03.24	-6.3	-10.5	-2.3	0	2.9	69	
8	2013.03.25	-5	-10.2	-0.5	0	2.6	66	
8	2013.03.26	-5.2	-13.3	1.9	0	1.8	63	
8	2013.03.27	-4.1	-11.6	1.8	0	1.6	65	
8	2013.03.28	-2.9	-11.4	2.5	0	2.4	52	
8	2013.03.29	-1.7	-5.7	2.8	0	4.3	53	
8	2013.03.30	-0.7	-2.4	1.5	5.7	3.9	90	
8	2013.03.31	0.3	-1.5	2.3	0	1.9	84	
8	2013.04.01	-0.2	-1	0.5	15.5	3.1	98	
8	2013.04.02	-1.2	-2.1	-0.3	1.7	2.6	85	
8	2013.04.03	0.2	-2.4	3	0	1.4	75	
8	2013.04.04	0.2	-1	2.1	11.6	2.9	92	
8	2013.04.05	0.2	-0.9	0.8	14.3	2.8	94	
8	2013.04.06	0.2	-6	3	0	2.6	77	
8	2013.04.07	-1	-7.9	5.3	0	1.9	69	
8	2013.04.08	-0.4	-4.7	3.9	2.2	2.3	85	
8	2013.04.09	-1.5	-8.6	3.1	0	1.5	69	
8	2013.04.10	1.1	-1.7	3.5	0	1.8	71	
8	2013.04.11	4.4	1.6	9.3	3.1	1.1	87	
8	2013.04.12	7.2	4.2	10.9	1.6	3.1	85	
8	2013.04.13	7.9	3.9	13.3	3.9	2.6	87	
8	2013.04.14	4.4	1.4	5.4	1.8	2.4	88	
8	2013.04.15	5	1.4	10.3	0	1.1	82	
8	2013.04.16	7.5	0.7	15.1	0	3.9	71	
8	2013.04.17	12	6.1	17.4	0	3.4	61	
8	2013.04.18	12.9	3.1	21.3	0	3.4	65	
8	2013.04.19	12.1	7.3	16.2	1	3	60	
8	2013.04.20	8.1	3.5	11.5	0	2.5	66	
8	2013.04.21	5.6	-0.1	10.5	0	2.4	52	
8	2013.04.22	8.2	0.5	15.4	0	1.8	49	
8	2013.04.23	10.7	3.8	17.8	0	3.3	56	
8	2013.04.24	10.6	4.1	14.6	0	4.6	52	
8	2013.04.25	10.2	1.9	15.2	0	3.9	54	
8	2013.04.26	11.5	0.7	21	0	3.5	59	
8	2013.04.27	11	5.7	16.6	2.4	2.5	88	
8	2013.04.28	6.2	0.6	7.4	0.7	2.1	87	
8	2013.04.29	6.5	-0.9	13.6	3	1.6	85	
8	2013.04.30	10.9	7.2	14.8	0	3.5	66	
8	2013.05.01	10.6	2.6	14.7	0	1.6	54	
8	2013.05.02	10.4	0.5	17.5	0	1.6	56	
8	2013.05.03	11.4	9	12.3	1.5	2.4	82	
8	2013.05.04	12.4	8.1	18.2	0	2	81	
8	2013.05.05	13.5	5.3	21.3	0	2.8	60	
8	2013.05.06	11.6	2.1	19	0	0.8	58	
8	2013.05.07	14.9	5.1	23.2	0	1.1	57	
8	2013.05.08	18.8	10	26.5	0	1.8	51	
8	2013.05.09	21.1	13.7	27.3	0	3.1	44	
8	2013.05.10	20.4	12.3	26.5	0	1.9	60	
8	2013.05.11	15.5	11.3	17.3	3.7	1.8	87	
8	2013.05.12	14.5	10.4	19.3	0	2.8	84	
8	2013.05.13	13.7	8.2	16.5	11.4	3.3	87	
8	2013.05.14	12.8	6.3	18.5	0	1.5	73	
8	2013.05.15	14.4	5.6	21.1	0	2.6	63	
8	2013.05.16	17.8	10.4	23.4	4.9	1.4	65	
8	2013.05.17	20	12.6	27.3	0.1	1.4	75	
8	2013.05.18	20.8	15.7	26.8	0	1.9	69	
8	2013.05.19	20.1	13.7	25.5	0	1.1	66	
8	2013.05.20	20.7	13.6	26.8	0	0.9	67	
8	2013.05.21	17.3	8.8	19.3	0.2	3.1	76	
8	2013.05.22	14.8	8.8	20.3	4.5	1.8	73	
8	2013.05.23	13.8	9.5	18	0	1.9	79	
8	2013.05.24	13	8.8	18.7	0	3	86	
8	2013.05.25	13.6	10.2	14.4	13.5	3.4	91	
8	2013.05.26	13.4	9	18.4	0	3.6	73	
8	2013.05.27	15.8	11.9	22.2	6.2	2.8	83	
8	2013.05.28	13.6	9	18	0	3	74	
8	2013.05.29	15.3	7.3	21	0	2	65	
8	2013.05.30	18.1	11.1	24.8	0	2.1	68	
8	2013.05.31	18	14.4	22.5	3.8	3.9	79	
8	2013.06.01	18.3	13.6	24.8	17.2	3	82	
8	2013.06.02	17.1	12.8	23.8	24.5	0.5	85	
8	2013.06.03	17.7	13.1	22.8	0	2.9	77	
8	2013.06.04	18.2	12.2	23.7	1	1.5	73	
8	2013.06.05	19.1	12	25.7	0	1.6	72	
8	2013.06.06	18.9	13.4	25.9	5.7	2.1	75	
8	2013.06.07	18.5	13.2	24.2	10.3	1.6	84	
8	2013.06.08	18.5	12.7	24.2	0	1.1	78	
8	2013.06.09	15.6	12	19.9	23	1.5	83	
8	2013.06.10	14.4	10.5	16	7.6	0.9	95	
8	2013.06.11	14.4	8.5	19.5	0	1.8	74	
8	2013.06.12	15.9	9	21.7	0	1.4	69	
8	2013.06.13	17.2	8.4	23.7	0	0.9	65	
8	2013.06.14	18.2	11.5	25.2	0	2.9	70	
8	2013.06.15	15.6	9.1	21.4	0	1.6	71	
8	2013.06.16	16.4	9.9	22.3	2.5	1.5	73	
8	2013.06.17	16.4	8.6	20.3	2	2.5	70	
8	2013.06.18	14.9	8.2	21	0	0.8	74	
8	2013.06.19	18.3	9.2	25.8	0	0.6	67	
8	2013.06.20	21.9	14.8	28.8	0	1.5	63	
8	2013.06.21	24.5	18.7	30.1	0	3	54	
8	2013.06.22	22	16	26.5	0	1.8	73	
8	2013.06.23	19.8	13.9	26	10	1.1	78	
8	2013.06.24	20.3	15	25.3	2	0.9	83	
8	2013.06.25	23	18.2	28.3	0	2.1	73	
8	2013.06.26	19.8	13.4	23.7	0.3	3.3	77	
8	2013.06.27	15.3	13.6	17.7	0	1.6	83	
8	2013.06.28	13.9	12.3	15	4.5	1.9	92	
8	2013.06.29	15.2	11.1	19.3	0.9	1.5	83	
8	2013.06.30	14.9	9.7	21	0	2.1	80	
8	2013.07.01	14.5	8.7	19.2	0	2.4	66	
8	2013.07.02	17.1	10.1	25.1	0	1.9	72	
8	2013.07.03	20.1	13.7	27.6	3.9	1.5	72	
8	2013.07.04	22.9	15.3	28.7	0	1.3	59	
8	2013.07.05	22.4	15.3	28.7	0	1.1	68	
8	2013.07.06	18.7	12.9	24	0	3	74	
8	2013.07.07	17.6	12.8	22.5	0	2.6	70	
8	2013.07.08	19.4	11.7	25.7	0	2.3	61	
8	2013.07.09	17.7	10.9	21.7	0	2.1	76	
8	2013.07.10	17.3	7.7	24.9	0	1.3	69	
8	2013.07.11	17.9	14.6	22.6	0	1.8	77	
8	2013.07.12	16.9	14.5	21.2	11.7	1.9	87	
8	2013.07.13	18	14.2	23	0.4	0.8	87	
8	2013.07.14	17	13.1	18.7	10.8	1.1	92	
8	2013.07.15	17.1	11.5	22.9	0	2.6	82	
8	2013.07.16	16.4	12.3	21.3	0	3.1	81	
8	2013.07.17	17.6	13.1	23.3	0.5	2.5	81	
8	2013.07.18	19.4	14	25.1	0	2.1	73	
8	2013.07.19	16.2	11.1	18.6	4.5	3.3	88	
8	2013.07.20	14.3	10.9	19.5	1.1	4.4	75	
8	2013.07.21	15.7	10.1	22.4	2.4	3.5	80	
8	2013.07.22	15.3	10.1	20.5	0	4.6	66	
8	2013.07.23	14.3	11.8	17.5	0.9	5.1	83	
8	2013.07.24	16.8	14.6	20.9	2.1	3.5	92	
8	2013.07.25	18.2	15.8	21.3	0	2.1	86	
8	2013.07.26	18.7	13.5	21.2	0	1.4	81	
8	2013.07.27	19.3	12.6	24.7	0	1.1	78	
8	2013.07.28	20.1	11.9	27.7	0	0.1	73	
8	2013.07.29	23.6	18.6	30.1	0	2	67	
8	2013.07.30	24.6	16.4	31.6	19	3.1	68	
8	2013.07.31	19.8	15.8	25.4	32	1.9	74	
8	2013.08.01	19.1	13.1	22.5	0	3.5	68	
8	2013.08.02	17.8	11.1	23.7	0	3.3	72	
8	2013.08.03	19.2	13.2	24.7	0	2	72	
8	2013.08.04	20.9	12.1	28.4	0	1	70	
8	2013.08.05	20	15.7	24.1	6.4	0.4	84	
8	2013.08.06	21.4	13.3	28.1	0	0.8	74	
8	2013.08.07	24	17.7	30.3	0	1.3	65	
8	2013.08.08	26	20	33.1	0.4	2	62	
8	2013.08.09	23.1	16.7	24.5	0	1.9	70	
8	2013.08.10	17.7	14.7	22.7	38.1	2.6	88	
8	2013.08.11	17.6	13.5	21.8	0.4	3.3	76	
8	2013.08.12	16.9	10.7	22	0	2.4	70	
8	2013.08.13	16.1	10.7	20.2	3.9	2.1	79	
8	2013.08.14	14.4	9.8	19.7	0	4	77	
8	2013.08.15	15	11	19.7	0	3.8	78	
8	2013.08.16	15.7	9.7	21.6	0	0.9	77	
8	2013.08.17	16.8	8.2	24.6	0	1.3	68	
8	2013.08.18	19.6	12.4	26.7	0	2	60	
8	2013.08.19	20.1	16	23.8	0	1.6	70	
8	2013.08.20	21	17.1	26.7	0.6	1.3	81	
8	2013.08.21	17.9	16	20.4	0	2	82	
8	2013.08.22	15.4	13.7	16.6	2.4	2.3	86	
8	2013.08.23	16.1	11.6	19.4	0	2.5	82	
8	2013.08.24	14.1	7.9	19	0	1.9	73	
8	2013.08.25	12.2	5.9	17.6	0	1.5	73	
8	2013.08.26	13.2	5.2	20.6	0	1.4	73	
8	2013.08.27	15.5	9.9	21.2	0	1.5	71	
8	2013.08.28	15	9.6	20.9	0	0.3	75	
8	2013.08.29	15	6.9	22.3	0	0.5	74	
8	2013.08.30	15.5	7.6	22.4	0	1.1	74	
8	2013.08.31	15.2	7.9	20.6	0	1.1	80	
8	2013.09.01	15	11.5	19.2	5.8	3.5	79	
8	2013.09.02	11.4	10	12.4	11.9	5.4	87	
8	2013.09.03	13	10.1	17.5	6.5	5	84	
8	2013.09.04	13.5	9.7	18.3	0	1.9	79	
8	2013.09.05	14.2	7.5	18.9	0	1.9	75	
8	2013.09.06	12.7	4.7	19.2	0	2.1	76	
8	2013.09.07	12.1	3.4	19	0	2	67	
8	2013.09.08	12.3	2.5	21.2	0	0.5	71	
8	2013.09.09	13.8	4.2	23.1	0	1.1	71	
8	2013.09.10	13.5	11.2	14.5	1.2	0.9	85	
8	2013.09.11	14.8	13	18.9	0	1.5	83	
8	2013.09.12	14.9	12.1	19.7	7.9	1.5	87	
8	2013.09.13	14.7	12.5	16.8	0.5	1.8	95	
8	2013.09.14	14.5	12.9	15	6.8	2.6	96	
8	2013.09.15	13.6	8.4	15.8	0	1.1	91	
8	2013.09.16	12.8	10.9	16.1	1.4	1.5	94	
8	2013.09.17	14.8	13.4	16.1	11	2.1	97	
8	2013.09.18	13	11.5	13.4	20.8	2	98	
8	2013.09.19	11.6	10.4	12.5	53.7	2.6	99	
8	2013.09.20	12	11.8	12.5	32.2	3.6	99	
8	2013.09.21	12.3	8.6	13.6	12.9	3.9	95	
8	2013.09.22	11.3	7.7	14.9	0.4	3.4	92	
8	2013.09.23	11.6	9.2	14.2	2.5	6.4	78	
8	2013.09.24	9.7	6.9	11.6	6.5	4.6	83	
8	2013.09.25	7.4	2.9	11.1	2.3	3.4	80	
8	2013.09.26	5	-0.6	11.3	1.8	1	85	
8	2013.09.27	5.3	0.9	9.7	6.2	2.3	87	
8	2013.09.28	6.2	1.3	10.5	0	0.6	85	
8	2013.09.29	5.1	0.4	11.6	0	1	91	
8	2013.09.30	6.1	4.2	9.3	0	0.3	85	
8	2013.10.01	5.1	3.1	5.9	0.3	1.1	87	
8	2013.10.02	4.9	2.2	7.4	0	1.6	77	
8	2013.10.03	4.8	-1.3	7.8	0	0.1	79	
8	2013.10.04	3.4	-3	11.2	0	0.1	78	
8	2013.10.05	5.6	0.7	12.3	0	2.3	78	
8	2013.10.06	8.5	4.8	13.4	0	2.6	76	
8	2013.10.07	11.2	9.8	13.7	0	2.9	82	
8	2013.10.08	12.5	10.6	16	0	2.9	84	
8	2013.10.09	12.3	7.8	15.9	0	2.1	78	
8	2013.10.10	10.3	6.7	14.9	0	1.1	88	
8	2013.10.11	10.1	7.8	14.1	0	0.8	94	
8	2013.10.12	9	7.1	10	0	1.3	94	
8	2013.10.13	9.1	4.9	14.1	0	0.9	89	
8	2013.10.14	10.7	9.6	12.9	0	0	94	
8	2013.10.15	10.2	3.7	11.7	3.1	0	96	
8	2013.10.16	5.3	2.3	8.5	0	0.8	96	
8	2013.10.17	7.5	5.7	10.6	0	2	87	
8	2013.10.18	8.3	1.9	11.1	2.3	3.9	87	
8	2013.10.19	3.7	-0.9	9.3	0	2.8	75	
8	2013.10.20	4.8	3.6	7.3	3.5	1.9	82	
8	2013.10.21	7.7	3.8	11.1	22.9	1.8	99	
8	2013.10.22	4.1	2.7	5.8	0.2	3	98	
8	2013.10.23	8.3	5.8	13.2	0	4.8	90	
8	2013.10.24	11.6	9.2	13.9	1.1	3.1	94	
8	2013.10.25	8.1	1.6	13	0	2.4	87	
8	2013.10.26	8	2.8	12.9	2.6	3.1	98	
8	2013.10.27	13.2	11.9	14.3	1.6	3.8	97	
8	2013.10.28	12.3	9.8	15.2	2.3	4.8	86	
8	2013.10.29	13.3	7.6	16	0	4.8	68	
8	2013.10.30	7.9	5.2	10.8	0	3.8	83	
8	2013.10.31	7.5	4	11	0	4	85	
8	2013.11.01	5.5	2.9	8.8	0	3.4	87	
8	2013.11.02	7.8	4.3	10.4	0	3.1	84	
8	2013.11.03	10.5	8.2	11.9	1.5	3.6	93	
8	2013.11.04	7.6	6.3	8.3	14.9	5.6	84	
8	2013.11.05	7.9	4.4	9.8	0	4.1	81	
8	2013.11.06	5.4	4.4	7.7	2.4	1.6	95	
8	2013.11.07	5.3	4.3	6.8	0.5	3	92	
8	2013.11.08	6.5	2.4	7.2	0.9	2.5	96	
8	2013.11.09	6.5	1.8	10.7	2.1	2	98	
8	2013.11.10	4.7	0.9	7.4	0.4	1.3	96	
8	2013.11.11	3.1	0.7	6.4	0	2.1	97	
8	2013.11.12	4.3	1.8	6.1	0	2.1	95	
8	2013.11.13	3.2	2.2	3.9	2.7	3.6	93	
8	2013.11.14	3.5	1.6	5	0.6	3.9	96	
8	2013.11.15	2.5	1	3.2	0	2.6	92	
8	2013.11.16	3.7	1.6	7.1	5.5	4.6	93	
8	2013.11.17	6.7	0.6	8	0.9	3.5	97	
8	2013.11.18	1.4	-3.1	4.6	0	2	96	
8	2013.11.19	3.7	2.9	5.2	0	3.9	86	
8	2013.11.20	5.6	3.2	8.6	0	3.5	89	
8	2013.11.21	7.7	6.4	8.4	2.1	2	95	
8	2013.11.22	8.2	7.3	8.9	2.2	1.3	98	
8	2013.11.23	7.3	6.8	7.6	1.7	0.6	98	
8	2013.11.24	6.1	2.1	7.1	0	0.4	97	
8	2013.11.25	0.2	-1.4	0.6	2.6	4	88	
8	2013.11.26	-0.7	-4.6	0.2	0	3.8	83	
8	2013.11.27	-1.3	-4.9	2	0.4	4.4	90	
8	2013.11.28	4	2	6.4	2.3	6.3	89	
8	2013.11.29	2.6	0.5	3.4	0.1	4.1	81	
8	2013.11.30	1.2	0.3	2.2	1.5	1.8	98	
8	2013.12.01	3.1	1.6	5.7	4.1	6	92	
8	2013.12.02	0.9	-2.8	3.1	0	4.9	67	
8	2013.12.03	-0.4	-2.4	2	0	4.5	81	
8	2013.12.04	0.4	-0.6	1.9	0.7	5.9	92	
8	2013.12.05	2.2	0.1	3.6	1.7	5.8	89	
8	2013.12.06	0	-0.8	0.6	4.6	8.4	89	
8	2013.12.07	-0.1	-1	1	4.6	5.8	89	
8	2013.12.08	-1.4	-3.6	-0.2	1.1	5.5	82	
8	2013.12.09	-3.3	-4	-2.9	9.6	3	91	
8	2013.12.10	-5.9	-9.2	-2.5	0	2.1	91	
8	2013.12.11	0.1	-2	2	3.8	3.8	97	
8	2013.12.12	1.5	0	1.7	0.8	4	100	
8	2013.12.13	0.8	-1.9	2.8	0	3.8	98	
8	2013.12.14	-2.9	-5.5	-1.5	0	0.6	99	
8	2013.12.15	-0.6	-1.5	1.1	0.9	2.4	100	
8	2013.12.16	2.5	1.3	3.9	0.9	3.6	97	
8	2013.12.17	2.3	0.8	3.6	0	4.4	88	
8	2013.12.18	2.3	0.3	3.3	0	1.4	93	
8	2013.12.19	1	-0.7	2.2	0	3.3	91	
8	2013.12.20	-0.2	-0.7	0.4	0	3.1	89	
8	2013.12.21	2	0.3	3.5	4.4	5.1	92	
8	2013.12.22	2.7	1.7	5.8	0.2	5.8	81	
8	2013.12.23	4.9	0	6.6	0.9	5.1	88	
8	2013.12.24	2.4	-0.5	6.5	0	4	88	
8	2013.12.25	3.9	2	7.1	0	4.9	79	
8	2013.12.26	3.1	2.1	5.1	0	4	77	
8	2013.12.27	3.5	2.5	5.2	0	3.8	89	
8	2013.12.28	4.2	2.9	6	0	4	90	
8	2013.12.29	4.2	3.2	5.9	0	3.5	93	
8	2013.12.30	3.3	1.8	4.1	0	4.5	89	
8	2013.12.31	1.5	-2.1	3.6	0	2.6	90	
8	2014.01.01	-0.5	-2	0.4	0	3	92	
8	2014.01.02	0.2	-0.1	0.4	0	3.3	98	
8	2014.01.03	1	0.4	2.3	0.2	2.8	95	
8	2014.01.04	2.9	2	4	0.7	3.8	98	
8	2014.01.05	2.8	0	6.2	9.3	3.1	99	
8	2014.01.06	3.9	0.2	6	7.5	2.5	94	
8	2014.01.07	3.5	1.9	6.1	3.8	3.9	98	
8	2014.01.08	4.8	3.4	6	4	4.4	98	
8	2014.01.09	5.1	4.5	6	4.4	4.1	95	
8	2014.01.10	5.2	2.6	7	5.8	7.5	89	
8	2014.01.11	3.3	1.9	4.6	0	5.4	86	
8	2014.01.12	1.8	-0.2	3.5	4.9	5.4	91	
8	2014.01.13	-1.6	-2.6	-0.4	3.3	5.1	84	
8	2014.01.14	-2.2	-3.4	-0.5	0	1.5	82	
8	2014.01.15	-3.2	-3.8	-2.7	8	2.9	91	
8	2014.01.16	-5.2	-8.6	-3.8	0	2.3	84	
8	2014.01.17	-9	-10.5	-8.4	4.2	3.1	84	
8	2014.01.18	-8.7	-12.5	-7.2	0.5	2.8	83	
8	2014.01.19	-11.1	-13.1	-7.4	0	3.6	78	
8	2014.01.20	-12.7	-15.2	-9.6	0	4.4	70	
8	2014.01.21	-12.9	-14.6	-10	0	3.9	69	
8	2014.01.22	-14.8	-18.9	-12.8	0	2	79	
8	2014.01.23	-17.9	-20.9	-14.5	0	1.4	83	
8	2014.01.24	-17.9	-23.1	-12.1	0	0.6	81	
8	2014.01.25	-16.9	-20.6	-12.7	0	1	81	
8	2014.01.26	-12.7	-14.3	-8.9	0	3	71	
8	2014.01.27	-9.9	-12.2	-6.7	0	3.5	51	
8	2014.01.28	-9.3	-12.3	-7.2	0	4.4	55	
8	2014.01.29	-12.1	-12.8	-11.3	0	5.4	65	
8	2014.01.30	-15	-18	-13.2	0	5.4	54	
8	2014.01.31	-12.7	-15.4	-8.1	0.8	6.4	58	
8	2014.02.01	-7.5	-9.4	-5	0	7.3	56	
8	2014.02.02	-6.1	-8.2	-4.8	0	5.3	60	
8	2014.02.03	-4.8	-8	-1.5	0	2.6	69	
8	2014.02.04	-6.5	-11.2	-0.1	0	2.6	74	
8	2014.02.05	-4.5	-9.7	2.1	0	2	58	
8	2014.02.06	-2.3	-5.7	1.8	0	2.8	65	
8	2014.02.07	1.4	-1.3	5.5	0	2.5	86	
8	2014.02.08	3	-0.2	6	2.3	3.5	91	
8	2014.02.09	0.9	-0.3	1.8	0	2.4	99	
8	2014.02.10	0.8	0	1.3	7.6	0.8	100	
8	2014.02.11	0.2	-0.8	1.7	0.6	2.6	99	
8	2014.02.12	2	-0.4	5.2	0	2.8	95	
8	2014.02.13	-0.9	-2.7	-0.1	4.3	1.8	99	
8	2014.02.14	-0.3	-1.3	1.1	0	2.8	99	
8	2014.02.15	1.1	0.2	2.6	0	2.6	94	
8	2014.02.16	2.3	1.2	3.5	5.4	4.4	95	
8	2014.02.17	2	0.2	4.4	0	4.4	88	
8	2014.02.18	2.4	-0.6	6.6	0	4.1	74	
8	2014.02.19	1	0.2	2	0	2.3	92	
8	2014.02.20	2.3	0.8	4.4	1	2.9	98	
8	2014.02.21	3.5	0.9	7	0.1	2.6	92	
8	2014.02.22	4	-1.2	6.2	0	2.1	85	
8	2014.02.23	1.1	-2.7	8	0	1	95	
8	2014.02.24	-0.4	-3.2	3.4	0	1.8	98	
8	2014.02.25	0.9	-1.5	4.4	0	3.4	81	
8	2014.02.26	0.4	-0.3	1.9	0	3.3	82	
8	2014.02.27	1	-0.1	3	0	2.4	86	
8	2014.02.28	0.6	0	1.7	0	2.6	84	
8	2014.03.01	1.5	0.9	3.5	0	3.1	88	
8	2014.03.02	1	0.5	1.4	0	2.9	94	
8	2014.03.03	2.7	0.4	6.8	0	2.5	86	
8	2014.03.04	1.2	-1.6	3.4	0	2.5	83	
8	2014.03.05	2.7	1.8	3.9	2	1.8	86	
8	2014.03.06	3.1	1.9	5.2	0.5	1	93	
8	2014.03.07	3.1	1.3	5	0	1.9	91	
8	2014.03.08	5.2	-1.3	9.3	0	3.6	78	
8	2014.03.09	3	-3.4	10.9	0	2.3	70	
8	2014.03.10	6.4	0	14.4	0	4.4	49	
8	2014.03.11	5.3	0	9.9	0	3	60	
8	2014.03.12	3.5	-1.5	9.5	0	2.3	70	
8	2014.03.13	5.5	-0.1	13.9	0	3	52	
8	2014.03.14	5	-0.6	11.7	0	3.5	60	
8	2014.03.15	3.7	0.6	6.3	3.6	7.3	78	
8	2014.03.16	1	-2.7	2.8	1.8	7	68	
8	2014.03.17	0.1	-5.1	5.8	8.3	5.4	82	
8	2014.03.18	2.9	-0.6	6	0.5	4.8	82	
8	2014.03.19	5.4	5	6.3	1	4	93	
8	2014.03.20	6.8	6.1	8.1	3.3	5.3	88	
8	2014.03.21	11.3	5.5	18	0	5.4	66	
8	2014.03.22	10.6	6.9	11.9	0	2.9	61	
8	2014.03.23	9.1	4.2	14.2	0	2.4	78	
8	2014.03.24	6.9	5.2	8.2	4.5	2.1	96	
8	2014.03.25	6.5	3.4	9.3	0.4	3.9	91	
8	2014.03.26	4.4	2.9	5.5	3.4	2.3	94	
8	2014.03.27	8.9	3.1	16.5	0	1.1	85	
8	2014.03.28	8.6	2.8	14.2	0	2.9	70	
8	2014.03.29	5.1	-1.3	10.5	0	1.1	52	
8	2014.03.30	5.3	-1.3	12.6	0	1.1	60	
8	2014.03.31	3.1	-1.4	8.9	1.4	2.5	74	
8	2014.04.01	0.7	-3.9	5	0	2	64	
8	2014.04.02	0.7	-5.4	6.9	0	1.1	69	
8	2014.04.03	2.6	-2.7	8.9	0	1.4	64	
8	2014.04.04	3.5	-2.2	7.3	0	3	62	
8	2014.04.05	3	-5.8	10.1	0	2	50	
8	2014.04.06	5.6	-0.7	12.7	0	2.5	45	
8	2014.04.07	7.2	0.9	13.5	1.4	2.9	81	
8	2014.04.08	13.4	9.8	16.4	0.8	2.9	82	
8	2014.04.09	8.1	5.2	10.3	5.2	4.1	83	
8	2014.04.10	5.5	3.3	6.9	0	2.4	88	
8	2014.04.11	5.8	-0.1	11	0	2.6	64	
8	2014.04.12	7.6	1.6	13	0	2.4	69	
8	2014.04.13	6.6	3	11.7	0.8	3.9	83	
8	2014.04.14	6	2.6	10.2	0	3.4	78	
8	2014.04.15	6.5	3.3	11.1	3.9	3	81	
8	2014.04.16	5.1	-0.7	9.1	0	2.9	79	
8	2014.04.17	5.2	-3.1	12.3	0	1.3	60	
8	2014.04.18	9	0.7	15.2	0	1.9	63	
8	2014.04.19	14.5	6.5	21.3	0	3.5	65	
8	2014.04.20	15.3	6.7	21.6	0	2.5	52	
8	2014.04.21	15.5	7.7	22	0	2	52	
8	2014.04.22	15	6.2	23.1	0	1.3	68	
8	2014.04.23	15.3	9.2	21.6	0	2.8	58	
8	2014.04.24	12.3	5.8	16.5	0	3.6	39	
8	2014.04.25	11.5	3.3	19	0	2	40	
8	2014.04.26	12.3	1.4	21	0	1.4	48	
8	2014.04.27	11.5	8.3	15.9	2.4	1.5	63	
8	2014.04.28	12.1	5.4	18.4	0	2.4	73	
8	2014.04.29	13	3	20.9	0	0.9	61	
8	2014.04.30	12.6	2.9	20.4	0	1.6	51	
8	2014.05.01	10.7	2.8	19.1	0	3.9	66	
8	2014.05.02	6.2	1	10.5	0	2.6	59	
8	2014.05.03	6	-0.7	10.9	0	1.8	51	
8	2014.05.04	5	-3.1	11.6	0	2.4	62	
8	2014.05.05	3.8	-0.4	8.4	0	3.3	62	
8	2014.05.06	5.4	-1.3	12.4	0	1.5	54	
8	2014.05.07	10.9	6.4	18.4	0	2.8	56	
8	2014.05.08	12.5	9.7	14.3	11.4	2.5	92	
8	2014.05.09	13.1	8.7	17.5	1.5	3.4	80	
8	2014.05.10	11.8	5	14.3	4.7	1.9	86	
8	2014.05.11	9.8	5.5	14.9	2.5	3.1	86	
8	2014.05.12	10.7	8.8	12.5	5.5	0.9	88	
8	2014.05.13	10.5	7.4	14.9	0.9	3	84	
8	2014.05.14	11.2	6.5	16.3	1.3	1.8	75	
8	2014.05.15	11.9	6.2	18	0	3.9	73	
8	2014.05.16	10.3	6.3	13.7	2.7	4	77	
8	2014.05.17	15.3	9.6	22.9	0	3.6	76	
8	2014.05.18	18.6	13.7	23.6	9.5	2.4	72	
8	2014.05.19	17.5	13	22.1	5.9	1.8	73	
8	2014.05.20	16.4	13.4	20	1.2	1	85	
8	2014.05.21	18.5	14.6	24.1	3	2.9	76	
8	2014.05.22	20.7	12.4	26.7	0	2.3	62	
8	2014.05.23	22.9	17.7	27.9	0	2.8	54	
8	2014.05.24	23	16.5	28.4	0	2.9	52	
8	2014.05.25	19.7	14.1	28.5	15.8	1.8	70	
8	2014.05.26	18.9	12.9	24.9	0.3	2.1	78	
8	2014.05.27	19.2	10	23	0	3.1	64	
8	2014.05.28	10.7	7.7	12.4	0	4.1	81	
8	2014.05.29	9	7.3	11.2	0	3.4	76	
8	2014.05.30	11.5	9.1	14.8	0	1.4	78	
8	2014.05.31	13.2	4.6	19.4	0	2.3	69	
8	2014.06.01	11.9	8.8	15	2.4	4.8	79	
8	2014.06.02	12.9	10.8	15.8	6.4	3.4	94	
8	2014.06.03	16.2	12.5	17.8	1.4	2.6	89	
8	2014.06.04	15.1	11.5	20.7	0.6	1.8	86	
8	2014.06.05	17.1	13.4	23	0.3	1.4	79	
8	2014.06.06	16.5	12	23.2	23.8	1.9	84	
8	2014.06.07	16.4	9.9	21.8	0	1.1	68	
8	2014.06.08	18.2	10.8	24.5	0	3	65	
8	2014.06.09	17.1	9.2	24.9	0.2	1.3	74	
8	2014.06.10	19.4	12.8	24.9	0	3.3	63	
8	2014.06.11	17.9	12	22.6	0	2.9	70	
8	2014.06.12	15.6	10.5	20.2	0.4	2.6	80	
8	2014.06.13	13.8	10.7	16.4	5.1	3.5	81	
8	2014.06.14	11.8	10.8	13.6	7.6	3.5	91	
8	2014.06.15	13.1	9.8	15.1	1.4	2.9	88	
8	2014.06.16	13.3	7.1	19.2	0	1.1	70	
8	2014.06.17	12.2	6.2	16.1	0	3.9	61	
8	2014.06.18	13	4.8	20.7	0	3.4	61	
8	2014.06.19	16.1	8.7	22.7	0	3.6	62	
8	2014.06.20	14.2	8	16.2	1.5	4.5	75	
8	2014.06.21	10.6	5.3	14.7	1.3	2.3	78	
8	2014.06.22	12.9	6.6	16.9	2.4	4.8	69	
8	2014.06.23	10.6	7	15.5	1.5	3.8	79	
8	2014.06.24	11.3	8	15.3	2.8	4	80	
8	2014.06.25	12.1	6.7	18.1	0	1.9	75	
8	2014.06.26	13.4	7.2	17.9	0	2.1	74	
8	2014.06.27	12.5	6.2	18.3	0	2.5	66	
8	2014.06.28	14.3	4.1	21.7	0	1.4	64	
8	2014.06.29	17.6	14.6	21.6	1.9	3.6	75	
8	2014.06.30	17.1	13.6	19.1	9	1.8	89	
8	2014.07.01	14.5	9.3	19.2	25.1	3.5	89	
8	2014.07.02	13.6	8.6	19.3	1.8	2.8	79	
8	2014.07.03	14.8	8.7	20	3	2	78	
8	2014.07.04	16.7	10.7	22.4	0.4	1.8	74	
8	2014.07.05	20.3	12.5	26.1	0	2	62	
8	2014.07.06	22.1	16.4	25.8	0	2.6	60	
8	2014.07.07	22.5	16.7	27.7	0	1.5	69	
8	2014.07.08	22.5	14.8	28.8	0	2.1	66	
8	2014.07.09	22.6	16.1	27.5	0	3.4	60	
8	2014.07.10	19.7	12.8	26.5	0	2.8	68	
8	2014.07.11	15	13.1	15.6	0	3.4	85	
8	2014.07.12	15.6	13	20.5	12.5	4	90	
8	2014.07.13	17.5	13	20.4	17.2	2.4	89	
8	2014.07.14	19.3	10.9	26	0	1.9	70	
8	2014.07.15	20.6	15.2	27.8	19.2	1.6	73	
8	2014.07.16	20.1	14.6	25.1	0	1.5	75	
8	2014.07.17	20.6	13.8	26.1	0	0.9	71	
8	2014.07.18	19.3	15.1	23.5	0	1.9	68	
8	2014.07.19	20.4	13.9	26	0	2.3	69	
8	2014.07.20	19.5	13.7	26.9	0.4	1.4	71	
8	2014.07.21	18.1	11.6	23.4	0	1.5	77	
8	2014.07.22	20.7	13.3	26.1	0	2.5	65	
8	2014.07.23	20.3	14.7	25.6	0	3	62	
8	2014.07.24	21.2	13.6	26.9	0	2.8	53	
8	2014.07.25	21.9	14.1	28.3	0	1.6	64	
8	2014.07.26	22.8	15.3	29.6	0	1.5	63	
8	2014.07.27	24.7	18.7	30.2	0	2.4	50	
8	2014.07.28	23.3	18.5	28	5.7	2.4	70	
8	2014.07.29	24.8	17.7	31.1	0	2.3	61	
8	2014.07.30	24.2	16.6	30.5	0	2.1	55	
8	2014.07.31	23	19.2	27.5	4.7	2.1	71	
8	2014.08.01	19.2	17.5	21.6	0.7	2.4	85	
8	2014.08.02	23.2	17.4	32	0	1.8	71	
8	2014.08.03	25.7	16.5	33.8	0	1.5	52	
8	2014.08.04	24.8	16	34	0	1.3	53	
8	2014.08.05	23.4	17.8	29.4	0.5	0.5	63	
8	2014.08.06	21.2	14.8	27.9	0	0.8	74	
8	2014.08.07	21.6	18	25.5	0	2.4	74	
8	2014.08.08	20.7	16.9	26.5	4.3	1.3	81	
8	2014.08.09	19.7	16.1	24.3	0.6	1.3	86	
8	2014.08.10	21.3	12.8	28.1	0	0.9	71	
8	2014.08.11	23.5	17.1	30.7	8.7	2.4	65	
8	2014.08.12	18.8	13.8	21.3	8.2	1.3	82	
8	2014.08.13	18.4	11.5	24	0	3.1	64	
8	2014.08.14	18	13.9	21.5	5.9	3.9	80	
8	2014.08.15	16.3	12.8	20.8	2	2.1	79	
8	2014.08.16	16.2	12.9	21.3	2.1	2.3	80	
8	2014.08.17	15.5	11.1	20.8	0	3.5	75	
8	2014.08.18	16	10.9	21.5	0	4.1	73	
8	2014.08.19	15.7	10.5	20.1	5.7	5.1	75	
8	2014.08.20	14.4	8.4	19.7	0	3.9	74	
8	2014.08.21	12.1	7.4	16.2	0.2	2	78	
8	2014.08.22	13.2	7.1	20.2	0	2.4	73	
8	2014.08.23	15.9	11.5	20.9	0.6	3	70	
8	2014.08.24	12.4	9.8	14.6	9.4	1	91	
8	2014.08.25	13.3	8.3	17.5	10.3	5.4	80	
8	2014.08.26	11.5	7.7	16.1	0	3.5	81	
8	2014.08.27	11.9	6.5	16.6	0.5	3.8	86	
8	2014.08.28	14.3	10.7	18.8	1.3	4	76	
8	2014.08.29	14.5	8.4	20.6	0	2.1	74	
8	2014.08.30	13.5	6.7	20	0	1.3	80	
8	2014.08.31	14.3	9.7	17.7	0	2.1	84	
8	2014.09.01	12.7	7.7	17	0	3	77	
8	2014.09.02	11.1	5.7	15.4	0	1.6	86	
8	2014.09.03	14.6	8.6	17.7	0	2.5	76	
8	2014.09.04	12.7	4.7	19.1	0	1.5	75	
8	2014.09.05	13.4	5	20.6	0	1.4	71	
8	2014.09.06	13.3	5.3	20.8	0	1	72	
8	2014.09.07	14.8	7.6	22.3	0	1.1	71	
8	2014.09.08	15.6	7.8	23.5	0	1.1	71	
8	2014.09.09	16.7	14.4	19.6	0.1	0.8	79	
8	2014.09.10	15.4	8.1	19.9	0	1.5	83	
8	2014.09.11	12.6	5.6	18.9	2	1.1	91	
8	2014.09.12	18.3	12.8	24.5	0	2.3	76	
8	2014.09.13	17.5	10.2	25.4	0	0.6	68	
8	2014.09.14	15.7	9.3	23	0	2	75	
8	2014.09.15	13.6	7.4	18.5	0	1.9	67	
8	2014.09.16	12.1	5.4	19.4	0	1.3	76	
8	2014.09.17	11.5	3.3	20	0	1	71	
8	2014.09.18	12.8	5.4	21.3	0	1.5	69	
8	2014.09.19	14.4	8.1	20.4	0	2.3	59	
8	2014.09.20	13.3	6.3	17.3	0.6	1.9	73	
8	2014.09.21	10.5	3.7	16.5	0	1.3	85	
8	2014.09.22	12.9	8	15.1	15.2	1.9	94	
8	2014.09.23	8.8	3.6	10.3	4.7	3.6	88	
8	2014.09.24	6.8	1.6	12.2	0	2.3	71	
8	2014.09.25	8.7	5.1	13.4	1.3	3.6	79	
8	2014.09.26	9.9	7.4	13.8	1.7	1.9	88	
8	2014.09.27	11.9	8.6	16.4	0.6	4.5	79	
8	2014.09.28	11.9	7.5	16.9	0	3.6	82	
8	2014.09.29	13.6	8.8	18.9	0	3	79	
8	2014.09.30	11.2	3.7	15	0	1	88	
8	2014.10.01	6.4	0.6	12.5	0	0.8	82	
8	2014.10.02	6.2	0.3	14.1	0	0.9	78	
8	2014.10.03	7.4	0.6	15.6	0	0.3	77	
8	2014.10.04	7.1	-0.1	16.1	0	0.5	77	
8	2014.10.05	6.6	0.2	13.9	0	0.4	85	
8	2014.10.06	5.7	4.2	6.6	3.1	3.1	87	
8	2014.10.07	9.2	6	14.3	0	5	70	
8	2014.10.08	10.3	7.3	13.6	0	4.9	73	
8	2014.10.09	14	9.9	19.2	0	3.9	81	
8	2014.10.10	16.3	11.1	21.3	0	2.6	80	
8	2014.10.11	14.3	10.2	18.1	0	1.1	75	
8	2014.10.12	13.9	9.3	19.4	0	2.1	84	
8	2014.10.13	11.6	7.1	17	0	0.8	83	
8	2014.10.14	12.7	10	16	0	1.9	85	
8	2014.10.15	11.8	9.6	13.5	10.8	2.1	94	
8	2014.10.16	9.8	8.7	11.4	6.1	0.3	94	
8	2014.10.17	7.2	1.5	8.7	0	2.4	95	
8	2014.10.18	2.8	-1.2	6.8	0	1.6	81	
8	2014.10.19	5.3	-0.2	13.5	0	3.6	90	
8	2014.10.20	13	10.8	14.4	3.2	5.5	87	
8	2014.10.21	10.9	9.5	12.5	6.2	3.8	91	
8	2014.10.22	5.7	-0.2	9.5	0.7	3.6	93	
8	2014.10.23	-0.2	-4.4	2.3	0	4.6	68	
8	2014.10.24	-2.5	-7.1	2.9	0	3	51	
8	2014.10.25	-1.3	-5.7	3.8	0	4	48	
8	2014.10.26	1.5	-2.3	5.7	0	3.5	59	
8	2014.10.27	4.3	0	11.2	0	4.9	78	
8	2014.10.28	5.5	0.8	12.5	0	3.6	67	
8	2014.10.29	4.8	-0.1	11.6	0	3.9	46	
8	2014.10.30	2.9	-2.9	9.1	0	1.8	75	
8	2014.10.31	4.5	1.9	7.9	0	1.3	95	
8	2014.11.01	4.9	2.2	6.5	0	0.6	93	
8	2014.11.02	4.7	3	8.5	0	3.3	85	
8	2014.11.03	5.7	2.1	10.8	0	4.6	79	
8	2014.11.04	6.9	3.9	10.2	0	4.1	81	
8	2014.11.05	8.4	4.2	14	0	2.5	79	
8	2014.11.06	10.3	5.9	14.9	0	2.6	78	
8	2014.11.07	10.2	5.3	10.9	5.8	2.4	90	
8	2014.11.08	5.7	4.1	7.1	0.5	1.6	95	
8	2014.11.09	5.7	5	6.7	1.3	1.4	96	
8	2014.11.10	8	6.6	9.4	0	3.1	97	
8	2014.11.11	7.9	4.6	8.9	0	2.1	99	
8	2014.11.12	5.1	3.2	7.6	0	2.8	94	
8	2014.11.13	4.6	3.1	6	0	3.1	91	
8	2014.11.14	4.9	3.7	5.4	0	3.3	92	
8	2014.11.15	3.4	2.5	3.9	0	4.3	86	
8	2014.11.16	3.7	3	4.5	0	4.6	81	
8	2014.11.17	4.3	2.2	5.2	0	4.5	77	
8	2014.11.18	0.9	-1.6	2.2	0	5	70	
8	2014.11.19	-1.3	-2.5	0.1	0.7	4.3	80	
8	2014.11.20	-0.3	-0.9	0.2	2.2	2.1	86	
8	2014.11.21	-0.2	-0.6	0.7	9.5	0.4	96	
8	2014.11.22	0.2	-0.3	0.7	3.7	0.9	98	
8	2014.11.23	0.8	-0.3	1.3	0.6	1	100	
8	2014.11.24	-1.2	-2.6	0	0	3.8	91	
8	2014.11.25	-0.7	-1.2	-0.1	0	4	92	
8	2014.11.26	-1.5	-3.2	-1.2	0	3.1	95	
8	2014.11.27	-4.3	-5.4	-3.5	0	2.8	91	
8	2014.11.28	-5	-9.6	-3.4	0	2.6	83	
8	2014.11.29	-8.5	-11.7	-5.8	0	2	88	
8	2014.11.30	-9.3	-12.2	-6.5	0	0.9	91	
8	2014.12.01	-6.1	-7.8	-5.3	0	2.6	91	
8	2014.12.02	-7.8	-10.1	-4.6	0	2.4	86	
8	2014.12.03	-7.2	-9.7	-4.2	0.2	2.5	80	
8	2014.12.04	-3.2	-4.1	-1.8	0.7	0.4	91	
8	2014.12.05	-2.1	-3.6	-1.1	0	2.6	90	
8	2014.12.06	-1.3	-2.3	-0.1	0	3.6	97	
8	2014.12.07	0.4	0	0.8	0	2.6	98	
8	2014.12.08	0.4	0.2	0.8	0.2	3.9	97	
8	2014.12.09	0.7	-0.6	2.4	0	1.8	95	
8	2014.12.10	-1.5	-2.8	-0.5	0	3.4	93	
8	2014.12.11	-1.1	-2	0.3	0	4.1	90	
8	2014.12.12	1	0.1	3.8	0.6	4.6	90	
8	2014.12.13	3.9	1.7	5.2	1.4	6.5	82	
8	2014.12.14	1	0	2.2	0	3.4	88	
8	2014.12.15	2	0.8	5.1	0	2.8	93	
8	2014.12.16	4.3	3.7	4.7	1.1	3.4	93	
8	2014.12.17	2.9	-0.6	3.9	0.9	4.5	92	
8	2014.12.18	0.5	-0.2	3.9	0.2	4.1	93	
8	2014.12.19	7.5	4.6	10.2	10.4	5.5	96	
8	2014.12.20	3.8	2	4.8	6.3	5.9	86	
8	2014.12.21	2	1.1	3	0.3	4.9	87	
8	2014.12.22	3.4	1.4	6.9	6.6	5.1	94	
8	2014.12.23	5.5	3.7	5.9	0.5	5.9	85	
8	2014.12.24	4.3	1.7	6.7	10.4	5	89	
8	2014.12.25	1.2	-5.7	2.8	1	5	81	
8	2014.12.26	-6.2	-10.9	-3.9	0	0.6	81	
8	2014.12.27	-9.9	-11.3	-7.6	0	1.4	90	
8	2014.12.28	-8.2	-9.7	-7.2	0	0.9	88	
8	2014.12.29	-7.8	-10.2	-7.3	1.5	3.1	85	
8	2014.12.30	-11	-13.1	-9.8	0	2.8	86	
8	2014.12.31	-5.9	-9.2	-0.9	2.2	6.5	89	
8	2015.01.01	1.1	-8.3	2.4	1.5	4.3	94	
8	2015.01.02	2.4	0.5	4.6	3.2	7.9	90.2	
8	2015.01.03	1.7	0.2	2.7	9.3	7.5	88.2	
8	2015.01.04	0.8	0	1.3	2.8	7.6	83.5	
8	2015.01.05	-1.9	-8.3	0.5	1.7	6.3	74.2	
8	2015.01.06	-12.5	-17.7	-8.9	0	2	77.8	
8	2015.01.07	-12.1	-16.7	-8.7	0	3.4	70.8	
8	2015.01.08	-4.6	-9.5	-0.4	0.4	5.9	81.5	
8	2015.01.09	0.8	-1.4	2.4	10.2	5.8	92	
8	2015.01.10	1.3	-0.3	4.8	5.8	4.4	92.6	
8	2015.01.11	2.4	0.4	3.3	2.1	9.4	73.5	
8	2015.01.12	1.1	-0.2	3.7	1.4	6.2	86.9	
8	2015.01.13	5.1	4.1	6.4	2.2	6.6	90.2	
8	2015.01.14	4.3	-0.2	5.9	1.1	4.7	83.3	
8	2015.01.15	-0.3	-2.2	1.6	0	2.6	92.6	
8	2015.01.16	2.1	0	5.2	0	4.5	84	
8	2015.01.17	1.8	0.2	4.1	0.2	2.9	88	
8	2015.01.18	-0.2	-4.3	3.6	0	1.7	93.2	
8	2015.01.19	-4.1	-5.8	-2.9	0	0.7	95.8	
8	2015.01.20	-2.2	-3.7	-0.8	0	3.7	85.1	
8	2015.01.21	-0.7	-1.6	0	3.6	2.8	95.2	
8	2015.01.22	0.1	-0.5	1.1	0	1.4	96.2	
8	2015.01.23	-0.4	-1.7	0.4	13.1	1.4	97.8	
8	2015.01.24	-1.8	-2.5	-1.1	0.8	2.5	94.3	
8	2015.01.25	-1.1	-2.2	0	3.5	1.1	97.3	
8	2015.01.26	-1.6	-2.6	-0.8	0	1.6	93.8	
8	2015.01.27	-0.8	-1.7	0.4	0	3.2	87.8	
8	2015.01.28	-0.6	-1.6	0.3	0.2	2.5	91.5	
8	2015.01.29	-0.5	-1.8	0.4	0.3	4.8	86.3	
8	2015.01.30	0.3	-1.1	1.4	0	4.5	85.9	
8	2015.01.31	1.2	-0.2	2.6	5	4.2	91.5	
8	2015.02.01	-0.5	-2.3	1	0	5.9	82	
8	2015.02.02	-1.6	-5.3	1.1	0	3.3	84.6	
8	2015.02.03	-4	-8.9	1	0	0.8	89.7	
8	2015.02.04	-5.2	-9.4	-2.7	0	0.5	94.5	
8	2015.02.05	-2.5	-3.7	-1.6	0	1.1	93	
8	2015.02.06	-1.5	-3.1	0.1	0	3.5	85.8	
8	2015.02.07	0.1	-0.6	0.5	3.1	5.1	94.2	
8	2015.02.08	-2	-5	0.2	0.5	6	80	
8	2015.02.09	-2.8	-4.8	-1.7	0.8	2.1	89.2	
8	2015.02.10	0.2	-2.4	1.8	0.3	2.6	97.2	
8	2015.02.11	0.6	-0.3	1.1	0	2.1	94.4	
8	2015.02.12	-0.3	-1	0.6	0	4.3	92	
8	2015.02.13	0.3	-1.1	2.9	0	2.5	87.5	
8	2015.02.14	0.1	-3	5.7	0	2.1	87.2	
8	2015.02.15	-1.3	-4.5	0.4	0	3.4	82.3	
8	2015.02.16	-5.1	-8	-1.2	0	3.7	45.2	
8	2015.02.17	-4.1	-8.8	0.6	0	4.8	45.6	
8	2015.02.18	-2.1	-6.1	0.9	0.9	4.8	74.2	
8	2015.02.19	1.4	0.6	1.9	0.8	3.6	94	
8	2015.02.20	2.1	0	5.9	0	3.7	79.1	
8	2015.02.21	1.7	-1.7	6.2	0	3.6	72.7	
8	2015.02.22	1.8	-1.2	5.4	0.8	1.9	77.3	
8	2015.02.23	3.1	-0.2	6.9	0	2.6	85.6	
8	2015.02.24	3.5	2.1	4.9	0	2.2	89.1	
8	2015.02.25	3.6	0.5	7.1	0	1.1	83	
8	2015.02.26	2.8	1.2	4.5	0	1.9	96	
8	2015.02.27	2.2	0.9	3.1	3.7	1	93.4	
8	2015.02.28	2.1	0.1	3.9	0.9	0.7	93.1	
8	2015.03.01	4.1	1.8	7.4	0	3.1	86.2	
8	2015.03.02	4.4	2.7	6.9	4.3	4.9	88.5	
8	2015.03.03	2.6	0.3	3.8	0	5.8	82.5	
8	2015.03.04	0.1	-1.5	1.8	5.1	3.9	93	
8	2015.03.05	0.4	-2.1	4	0	2.9	87	
8	2015.03.06	-0.1	-0.8	0.8	0	2.7	88.4	
8	2015.03.07	3.3	-0.4	6.8	0.5	4	89.5	
8	2015.03.08	7	4.8	11.2	0	5.6	73.3	
8	2015.03.09	6.9	5.1	9.2	0	3.1	73.2	
8	2015.03.10	5.2	0.3	11.4	0	1	83.1	
8	2015.03.11	3.8	0.4	7.7	0	2.2	82	
8	2015.03.12	2.7	0	4.7	0	4.4	80.1	
8	2015.03.13	3.3	-0.4	6.2	0	4.9	68.1	
8	2015.03.14	4.5	3.5	5.3	0	4.2	69.3	
8	2015.03.15	5.6	2.5	9.6	0	2.9	74.5	
8	2015.03.16	5.6	0	12.2	0	2.9	55.5	
8	2015.03.17	5.8	-0.7	12.5	0	2.4	43.9	
8	2015.03.18	4.2	-3.7	12.4	0	1.1	50.2	
8	2015.03.19	2.9	-4.9	10.8	0	0.6	49.8	
8	2015.03.20	4.6	-2.4	11.1	0	2.7	51.2	
8	2015.03.21	3	-2	4.6	6.9	3.7	82.2	
8	2015.03.22	-3.1	-6.8	-0.4	0.2	3.3	64.5	
8	2015.03.23	0.7	-3.8	5.2	0	4.7	51.4	
8	2015.03.24	5	-1.8	12.7	0	3.1	50	
8	2015.03.25	6.7	-0.2	13.2	0	2	64.1	
8	2015.03.26	9.9	2.4	16.3	6.9	3	63.4	
8	2015.03.27	11.3	7.7	17.2	0.2	3	67.8	
8	2015.03.28	4.2	2.7	7.5	14.1	2.6	92.7	
8	2015.03.29	5.2	2.8	8.6	0	3.1	88	
8	2015.03.30	5.4	3.2	9.1	5	6.7	83.8	
8	2015.03.31	4.1	1.8	6.7	5.2	5.4	79.4	
8	2015.04.01	2.8	1.7	3.9	7.6	5.4	91.2	
8	2015.04.02	2.1	0	5.7	3.8	4.5	85.6	
8	2015.04.03	2.4	0.7	5.6	4.2	3.8	86.6	
8	2015.04.04	2.2	0.4	4.9	0	3.3	82.6	
8	2015.04.05	2.3	0.8	6.4	0	2.2	85.7	
8	2015.04.06	3.3	0.5	6.5	0	1.9	80.5	
8	2015.04.07	4	-1.5	8.4	0	3.1	78.2	
8	2015.04.08	7	2.7	12.9	0	4.2	67	
8	2015.04.09	6.9	1.6	12.8	0	4.2	47.1	
8	2015.04.10	9.1	1.4	17	0	3.5	53.5	
8	2015.04.11	11.2	0.9	19.7	0	2.2	58.8	
8	2015.04.12	7.8	3.5	12	2.1	4.5	63.4	
8	2015.04.13	5.4	3	11.9	2.4	6.5	70.5	
8	2015.04.14	4.9	2	8.3	1.5	5.6	73	
8	2015.04.15	7.9	2.9	11.6	2	5.6	83.4	
8	2015.04.16	7.4	4.4	10.1	0.9	6.6	67.6	
8	2015.04.17	4.9	2	9.3	1	4.6	75.7	
8	2015.04.18	4	0.7	7.3	1.8	4.2	80.3	
8	2015.04.19	4.8	2.2	7.3	0	5.5	69	
8	2015.04.20	5.7	2.4	8.1	0	5.5	62.3	
8	2015.04.21	4.8	-0.1	9.7	0	2.8	67.7	
8	2015.04.22	6.8	-1	13	0	2.4	61.1	
8	2015.04.23	10.4	2.1	17.9	0	6.4	60.8	
8	2015.04.24	9.8	3.9	13.9	0	4.4	67	
8	2015.04.25	13.2	2.5	21.1	0	2.6	58.5	
8	2015.04.26	13.7	9.5	19.6	0	2.4	65.2	
8	2015.04.27	15.5	6.4	21.4	0	2.3	63.5	
8	2015.04.28	17.3	12.3	25.1	4.4	2.5	65.7	
8	2015.04.29	7.4	1.1	13.1	7.4	4.3	74.6	
8	2015.04.30	8	-1.2	14.5	0	1.7	54.8	
8	2015.05.01	10.3	4.9	16.4	3.2	2.6	60.1	
8	2015.05.02	8.5	3.5	13.4	0	3.6	67.9	
8	2015.05.03	8.7	2.6	12.9	0	1.9	71.8	
8	2015.05.04	9.7	0.8	13.8	0	2.5	66.7	
8	2015.05.05	15.6	5.9	21.3	0	2	59.9	
8	2015.05.06	12.4	9.4	15.7	18.1	2.5	86.5	
8	2015.05.07	12.5	8.5	18.7	0.4	1.9	68.1	
8	2015.05.08	11.1	6.7	15.5	0	2.7	66.2	
8	2015.05.09	11.3	3.7	17.2	0	0.5	68.9	
8	2015.05.10	12.2	6.1	18.9	1.1	2.7	75.8	
8	2015.05.11	9.3	5.1	13.3	0	2	84.8	
8	2015.05.12	13.1	4.3	18.9	0	3.9	65	
8	2015.05.13	11.1	5.8	14.4	4.3	4.6	69.5	
8	2015.05.14	9.8	4.7	15	0	3.3	75.5	
8	2015.05.15	8	4.1	11.8	1.3	3.9	72	
8	2015.05.16	9.4	1.9	14.7	0	3.1	60.3	
8	2015.05.17	8.9	4.1	13	0	4.2	71.9	
8	2015.05.18	7.9	2.1	12.9	1.7	4.1	71.5	
8	2015.05.19	13.2	1.3	21.4	4	2.3	69.2	
8	2015.05.20	13.8	11	16.8	6.1	1.4	92.1	
8	2015.05.21	11.6	8.5	15.5	0.5	2.6	88.1	
8	2015.05.22	11.3	5	16.8	0	1.1	71.6	
8	2015.05.23	11.8	3.9	17	0	2.5	75.5	
8	2015.05.24	12.1	5.2	17.7	0	1.5	70.2	
8	2015.05.25	14.8	2.8	20.8	0.2	1.2	60.8	
8	2015.05.26	14.6	9.4	19.4	3	3	85.5	
8	2015.05.27	10.3	8	13.6	0	4.6	76.1	
8	2015.05.28	11.8	6.4	17.6	0	1.9	69.7	
8	2015.05.29	12.1	5.4	18.8	0	1.9	72.8	
8	2015.05.30	14.3	5.6	21.6	1.1	3	70.8	
8	2015.05.31	12.5	6.2	18.1	0	2.1	64.9	
8	2015.06.01	17.3	5.7	24.3	0	2.9	55.5	
8	2015.06.02	19.5	11.9	26.8	0	3.4	65.5	
8	2015.06.03	19.1	11.3	26.9	0	4.3	58.3	
8	2015.06.04	12.6	6.1	17	0	3.7	60.9	
8	2015.06.05	13.1	4.1	20.3	0	1.2	64.4	
8	2015.06.06	18.4	5.7	26.1	0	2.7	51	
8	2015.06.07	16.7	8.2	22.3	0	2.5	59	
8	2015.06.08	13.1	5.7	19.3	0	2.5	61.6	
8	2015.06.09	12.5	6.9	16.8	0	2.6	65.5	
8	2015.06.10	13.8	7	19	0	1.9	55.3	
8	2015.06.11	15.1	6.1	21.9	0	2.3	55.2	
8	2015.06.12	17.9	5.7	26	0	1.2	56.6	
8	2015.06.13	19.6	13.4	25.1	2.5	2.1	72.8	
8	2015.06.14	19.2	12.3	26.8	0	2.3	74.6	
8	2015.06.15	15.4	8.1	20.3	0	2.8	64.7	
8	2015.06.16	13.1	7.1	18.6	0	2.3	60.2	
8	2015.06.17	13.3	7.7	18.1	0	1.9	60.2	
8	2015.06.18	15.2	7.7	19.4	0	3.6	57.4	
8	2015.06.19	13	8.7	16.2	1.3	1.6	80.3	
8	2015.06.20	15	8.5	19.7	0	1.1	65.8	
8	2015.06.21	13.5	9.7	17.3	0.8	1.3	81.7	
8	2015.06.22	15.5	7.1	21.1	0	2.4	66	
8	2015.06.23	14.4	12.6	16.9	14.4	3.7	84.9	
8	2015.06.24	14.2	10.4	18.7	0	4.2	75.5	
8	2015.06.25	15.8	10.5	20.4	0	1.8	67.6	
8	2015.06.26	15.3	9	20.1	0	1.9	70.7	
8	2015.06.27	14.8	8.1	20.3	0	1.1	62.2	
8	2015.06.28	16.9	10.5	22.6	0	1.4	60.2	
8	2015.06.29	17.1	8.9	23.2	0	1.6	67.4	
8	2015.06.30	17	10.2	23	0	1.4	72.5	
8	2015.07.01	16.5	12.7	21.7	0	3	71.2	
8	2015.07.02	17.7	10.6	23.6	0	2.2	60.1	
8	2015.07.03	20.9	9.3	28.3	0	0.8	55.2	
8	2015.07.04	23.5	13.5	31	0	1.8	53.8	
8	2015.07.05	23.8	13.3	30.4	0	1.1	54.8	
8	2015.07.06	22.2	14	32.3	0	3	62.4	
8	2015.07.07	19.4	12.5	25.5	0	3.6	59.7	
8	2015.07.08	20	12	28.7	0.6	2.6	70.5	
8	2015.07.09	15.9	11.6	21.9	9.4	3.7	74.6	
8	2015.07.10	12.7	10.9	16.1	1.4	4.6	76.8	
8	2015.07.11	14.5	10.9	17.7	6.4	4.9	82	
8	2015.07.12	16.7	13.2	21.1	2.3	3.5	71.6	
8	2015.07.13	16	13.7	19.5	1.3	1.6	79.6	
8	2015.07.14	15.8	14.3	18.3	11.1	1.6	85.2	
8	2015.07.15	15.6	10	20.2	0.3	2.9	76.2	
8	2015.07.16	15	8.8	20.6	0	2.7	67.7	
8	2015.07.17	15.8	9.3	21.9	0	3.2	62	
8	2015.07.18	18.8	6.8	27.5	0	2.6	63.8	
8	2015.07.19	20.2	13.6	25.5	3.1	2.5	60.9	
8	2015.07.20	14.8	11.7	18.2	4.2	3.9	83.3	
8	2015.07.21	17.7	10.4	23.3	0	2.8	67.1	
8	2015.07.22	18.6	12.4	23.4	1	2.9	68.5	
8	2015.07.23	15.9	10.2	22.5	15	2.1	83.2	
8	2015.07.24	16.2	9.5	21.6	0	1.9	71.9	
8	2015.07.25	21	11.7	26.9	0	3	62.7	
8	2015.07.26	17.1	12.9	19.7	0.3	3.8	80.8	
8	2015.07.27	16.3	9.3	21	0	0.7	66.5	
8	2015.07.28	16.1	11.7	19.6	9.8	2.3	80.5	
8	2015.07.29	16.8	11	21.6	0	3.7	70.3	
8	2015.07.30	14.8	11.2	16.9	6.6	5	74	
8	2015.07.31	14.9	11.7	18.6	1.2	4.2	77.3	
8	2015.08.01	13.6	7.7	18.2	0	2.3	73.7	
8	2015.08.02	16.2	6	24.4	0	1	63.8	
8	2015.08.03	20.4	8.8	29.6	0	0.6	59.7	
8	2015.08.04	22.3	11.8	30	0	0.8	58.5	
8	2015.08.05	24.2	15.3	31.7	0	1.1	57	
8	2015.08.06	25.5	16.5	33	0	1.1	57.5	
8	2015.08.07	24.5	17.1	31.4	0	1	60.2	
8	2015.08.08	26.8	17.4	34.6	0	2	50.3	
8	2015.08.09	21.8	17.5	25.1	1.7	1.8	74.8	
8	2015.08.10	20.5	16.2	27.4	0	1.2	80.9	
8	2015.08.11	23.6	15.3	30.6	0	1.6	68	
8	2015.08.12	25.4	15.9	33.3	0	1.2	63	
8	2015.08.13	21.1	15.7	25	0	3.2	63.8	
8	2015.08.14	18.8	10.8	25.4	0	2	57.2	
8	2015.08.15	19.2	9.9	27.1	0	1.5	52.6	
8	2015.08.16	19.5	9.7	26	0	2.5	52.2	
8	2015.08.17	17.1	12	22.7	0	4	56.9	
8	2015.08.18	16.6	9.2	22.7	0	3	52.5	
8	2015.08.19	15.6	8.3	21.7	0	2.3	51.9	
8	2015.08.20	14.7	6	21.8	0	0.9	57.3	
8	2015.08.21	15.9	5.7	23.7	0	0.8	57.5	
8	2015.08.22	17.8	8.3	26.2	0	1.4	56.9	
8	2015.08.23	18.9	9.3	26.6	0	1.4	54.7	
8	2015.08.24	22	13.9	28.4	0	2.4	46.2	
8	2015.08.25	22.5	14.8	30.4	3.7	3.2	52.9	
8	2015.08.26	17.9	12.9	24	0.3	2.2	74.3	
8	2015.08.27	20.3	11.5	26.7	0	2.7	58.4	
8	2015.08.28	19.4	13.2	24.1	0.6	2.9	72.4	
8	2015.08.29	15.4	9.6	21.7	0	2.8	73.6	
8	2015.08.30	16.9	6.9	24.8	0	1.5	64.7	
8	2015.08.31	19.8	13.8	26.5	0	1.1	60.7	
8	2015.09.01	24.2	16.7	33.1	0	2.2	53.5	
8	2015.09.02	16.5	11.3	20.1	13.3	2.8	90.5	
8	2015.09.03	14.3	8.7	19.3	0	1.2	79.9	
8	2015.09.04	11.8	6.5	16.4	17.7	1.2	90.2	
8	2015.09.05	14.4	11	19.4	0.4	3.3	78.5	
8	2015.09.06	12.9	9.6	17.2	0	3.2	69	
8	2015.09.07	12.1	9	15.6	0.9	2.3	79.3	
8	2015.09.08	11.4	8	14	1.1	2.6	81	
8	2015.09.09	12	8.1	17.3	0	1.7	78.6	
8	2015.09.10	11.8	4.5	19.1	0	1.6	71.4	
8	2015.09.11	12.8	3.8	18.5	0	2.3	65.3	
8	2015.09.12	13.1	9.5	16.4	0	3	68.4	
8	2015.09.13	14	10.1	18.2	0	2.7	71.2	
8	2015.09.14	13.5	8.6	18	0	3.8	73	
8	2015.09.15	16	12.8	20.3	3.3	2.6	83	
8	2015.09.16	19.4	14.7	24.3	16.2	1.7	80	
8	2015.09.17	22.4	18.3	28	0	1.9	70.2	
8	2015.09.18	17	11.5	19.4	0	2.2	77	
8	2015.09.19	14.5	8.9	20.5	0	1	76.9	
8	2015.09.20	12.7	7.3	18.4	0	0.7	81.7	
8	2015.09.21	11.2	8.1	14.3	0.8	3.2	85.4	
8	2015.09.22	11.8	8.3	16.2	0	2.5	80.5	
8	2015.09.23	15	10.6	20.5	0	2.1	72.6	
8	2015.09.24	18.2	13.2	24.8	0	1.3	77.9	
8	2015.09.25	14.8	13	16.4	7.9	2.3	90.2	
8	2015.09.26	12.8	10.1	14.8	0.2	3.1	83	
8	2015.09.27	10.8	7.7	15.4	0	2.8	77	
8	2015.09.28	10.1	4.8	15.5	0	2.1	77.9	
8	2015.09.29	8.3	2.3	12.5	0	1.8	76.8	
8	2015.09.30	8.8	3.5	14.8	0	0.7	76	
8	2015.10.01	9.9	3.3	16.7	0	3.2	74.6	
8	2015.10.02	10.1	7	14.8	0	3.7	77.2	
8	2015.10.03	10.6	4.7	17.3	0	1.3	83.9	
8	2015.10.04	11.3	3.8	19.7	0	1	84.2	
8	2015.10.05	12.4	7.7	16	0	1.3	87.7	
8	2015.10.06	7.6	1.5	11.4	0	3.9	75	
8	2015.10.07	2.4	-3.5	9.2	0	1.9	68	
8	2015.10.08	0.8	-5.6	7.9	0	1.2	68.1	
8	2015.10.09	0.9	-4.7	7	0	0.9	66.4	
8	2015.10.10	1	-6.5	5.6	0	0.7	68.7	
8	2015.10.11	2.2	-3.7	6.5	0	1.5	67.3	
8	2015.10.12	1.4	-6.3	7	0	1.9	70.1	
8	2015.10.13	4.8	1	9.4	0	2.6	55	
8	2015.10.14	5.3	1.6	10.4	0	2.4	58.9	
8	2015.10.15	5.5	0.1	11.6	0	3.1	63.3	
8	2015.10.16	6.8	3.9	9.3	0.2	3.4	53.9	
8	2015.10.17	8	4.7	9.9	0	1.6	59.5	
8	2015.10.18	8.1	7.1	8.9	9.2	0.8	95.3	
8	2015.10.19	7	3.9	8.5	1.9	1.3	97	
8	2015.10.20	5.9	2.8	7.5	0	2.3	95.7	
8	2015.10.21	5.3	4.5	7	5.4	2.9	94.9	
8	2015.10.22	5.2	4.5	6.3	0	1.7	95.8	
8	2015.10.23	8.8	6.4	10.4	2.3	4.4	92	
8	2015.10.24	8.9	6.1	13	0	2.2	87.6	
8	2015.10.25	7.3	5.5	9.2	1.4	2.4	90.2	
8	2015.10.26	7.3	2.6	11.1	0	4.5	78.9	
8	2015.10.27	3.5	0	10.1	0	2.3	92.3	
8	2015.10.28	3.6	-0.3	7.1	0	1.6	84.4	
8	2015.10.29	2.6	-1.1	7.8	0	2.8	66.9	
8	2015.10.30	1.4	-4.3	9.6	0	0.3	78.7	
8	2015.10.31	4	-1.6	10.9	0	1.7	84	
8	2015.11.01	5.9	1.6	10.6	0	4.6	77.6	
8	2015.11.02	8.2	4.3	10.1	0	3.3	86.4	
8	2015.11.03	8.1	5.4	9.2	0	2.3	89.2	
8	2015.11.04	3.2	2.2	5	0	2	95.3	
8	2015.11.05	5.1	3.9	5.8	0	1.1	91.3	
8	2015.11.06	4.3	3.1	4.9	0.6	2.5	90	
8	2015.11.07	2.6	1.4	3.3	1	3.8	92.9	
8	2015.11.08	8	3.2	11.6	10.4	7.3	92.3	
8	2015.11.09	7.6	6.2	8.6	0.5	4.2	86.4	
8	2015.11.10	8.6	7.7	10	3.3	5	85.3	
8	2015.11.11	10.2	7	12.5	1.1	4.8	85.9	
8	2015.11.12	9.5	7.8	10.9	8.3	5.4	89.5	
8	2015.11.13	7.3	5.6	9.2	0	4.2	84.7	
8	2015.11.14	6	3.9	7.5	11.4	5.5	87.6	
8	2015.11.15	5	3.6	6.1	0	3.7	85.7	
8	2015.11.16	4.3	3.4	6.2	0.4	2.7	91.5	
8	2015.11.17	6.8	3.8	9	5	4.2	96.5	
8	2015.11.18	9.5	6.5	11.3	6.8	5	93.3	
8	2015.11.19	7.1	6	8.9	6.1	5.4	90.9	
8	2015.11.20	5.6	3.9	7.3	1.9	4.8	88.6	
8	2015.11.21	2.8	1	3.8	0.9	0.9	86.9	
8	2015.11.22	1.8	1.2	2.7	6.2	1.2	92.1	
8	2015.11.23	1.6	-0.5	2.8	0.3	3.9	89.4	
8	2015.11.24	-0.6	-1.5	0.1	0.2	4.5	87.2	
8	2015.11.25	-1.4	-3.7	0.8	0	4	77.1	
8	2015.11.26	-2.4	-4.1	-0.6	0	3.3	83.7	
8	2015.11.27	-2.4	-3.9	-1	0	3.3	93.5	
8	2015.11.28	-1.7	-4.9	0	0.3	3.3	89.9	
8	2015.11.29	1	-0.8	2.9	0	4.3	92.2	
8	2015.11.30	3.3	2.4	4.9	7.5	6.2	88.9	
8	2015.12.01	2.1	1.1	2.8	3.5	5.1	88	
8	2015.12.02	2.2	0.7	4.9	0	4	85.8	
8	2015.12.03	5.1	2.2	7.1	0	3.4	96.6	
8	2015.12.04	6.6	5.6	7.9	2	5.5	87.8	
8	2015.12.05	6.5	5.9	7.2	0	7.2	75.4	
8	2015.12.06	7.3	5.2	9	0	7.1	65	
8	2015.12.07	7.2	3.7	9.8	0	6.1	73.1	
8	2015.12.08	2.2	-0.2	4.4	0	2.3	91.2	
8	2015.12.09	0.6	-0.6	3.3	0.7	4.2	93	
8	2015.12.10	2.5	0.8	4.6	0	4.4	91.2	
8	2015.12.11	0.6	-0.6	1.7	1	5.8	88.4	
8	2015.12.12	2.9	2	3.9	0.8	5.4	87.1	
8	2015.12.13	1.8	0	3.1	9.8	3.6	94	
8	2015.12.14	0.4	-1.7	1.9	0	3.1	89.7	
8	2015.12.15	-2.1	-5.9	2.8	0	0.8	90.1	
8	2015.12.16	-3.7	-7.4	0.2	0	2	91.1	
8	2015.12.17	0.8	-1.8	3.2	5	3.9	97.2	
8	2015.12.18	6.4	3.3	8.6	2.3	3.6	98.2	
8	2015.12.19	8.3	7.3	9.2	0	4.8	87.8	
8	2015.12.20	7.7	6.3	8.5	0	4.6	91.4	
8	2015.12.21	5	4.4	6.6	8.8	4.7	93.2	
8	2015.12.22	6	4.8	6.7	5.1	6.9	88.1	
8	2015.12.23	9.2	7.2	10.4	1.8	6.6	89.6	
8	2015.12.24	4.5	1.5	7.5	0	4.6	83.6	
8	2015.12.25	3.5	2.4	5.9	1.7	5	91.3	
8	2015.12.26	2.8	1.8	3.4	5.1	3	94.1	
8	2015.12.27	0.3	-0.7	2.9	6.7	1.9	86.3	
8	2015.12.28	-0.5	-6.3	4.5	2.2	3.2	90	
8	2015.12.29	-5.5	-8.7	-3.1	0	1.5	87	
8	2015.12.30	-6.7	-9.9	-3.4	0	1	82.2	
8	2015.12.31	-9	-12.2	-3.2	0	0.6	81.5	
8	2016.01.01	-10.1	-13.4	-7.9	0	2.3	78.3	
8	2016.01.02	-13.2	-17.1	-10.4	0	2.6	79.4	
8	2016.01.03	-15.5	-19.2	-12	0	0.9	80.6	
8	2016.01.04	-15.2	-17.2	-13.1	0	1.7	82	
8	2016.01.05	-15.6	-18.7	-10.7	0	0.4	80.2	
8	2016.01.06	-14.2	-17.3	-10.6	0	1.2	82.5	
8	2016.01.07	-15.7	-18.6	-12.8	0	1.9	83.8	
8	2016.01.08	-11.5	-16.3	-7.9	0.2	2	87.5	
8	2016.01.09	-4.9	-7.6	-3.2	0.2	0.4	93.8	
8	2016.01.10	-2	-4.2	-1	0	2.6	92.6	
8	2016.01.11	-2.2	-3.5	0	5.3	3.6	92.5	
8	2016.01.12	-2.3	-4.6	0	0.2	2.8	95.7	
8	2016.01.13	-2.3	-4.9	0	0.6	4	87.2	
8	2016.01.14	-5.2	-10.8	-3	0	4.1	83	
8	2016.01.15	-5.2	-7.8	-3.5	0.5	1.6	91.2	
8	2016.01.16	-9.9	-12.8	-7	0	3	84.4	
8	2016.01.17	-7	-12.8	-4.3	0	2.1	89.7	
8	2016.01.18	-6.5	-10.4	-2.9	0.2	2.3	87.4	
8	2016.01.19	-8.4	-11.7	-6.1	0.3	3.8	90.2	
8	2016.01.20	-7	-8.2	-6	0.2	4.4	81.9	
8	2016.01.21	-10.1	-15.2	-7.6	0.6	2.3	88.5	
8	2016.01.22	-8	-14.8	-4.7	0.3	1	89.6	
8	2016.01.23	-5.8	-7.3	-2.2	0	1.2	90.9	
8	2016.01.24	-6.3	-8.2	-1.5	2.6	3.8	90	
8	2016.01.25	0.6	-1.1	1.3	4.2	2.1	98.2	
8	2016.01.26	1.6	0.5	3	2.1	4.2	97.4	
8	2016.01.27	3.7	1.5	5.3	1.5	4.9	98.1	
8	2016.01.28	5.1	3.2	6.4	2.8	6.5	87.8	
8	2016.01.29	2.7	1.1	4.5	0.3	5.9	78.9	
8	2016.01.30	5.1	2.9	6.4	0	6.5	83.9	
8	2016.01.31	2.4	1.3	5.3	1.8	6.3	84.1	
8	2016.02.01	1.3	0.7	2.6	1.3	4.7	86	
8	2016.02.02	4.8	1.4	6.9	4.4	6.3	86.2	
8	2016.02.03	3.6	1.9	5.3	0.2	7.2	77	
8	2016.02.04	1.2	-0.6	2.4	1.2	4.8	85.5	
8	2016.02.05	0.5	-0.9	2.3	0	4.8	79.2	
8	2016.02.06	0.9	-2.8	3	0	3.9	83.6	
8	2016.02.07	3	0.4	6.6	0	4.5	77.2	
8	2016.02.08	3.4	1.1	5.2	0.4	4.5	82.7	
8	2016.02.09	5.7	4.1	7.6	2.3	5.2	77.9	
8	2016.02.10	6	4.2	8.3	5.9	4.4	81.5	
8	2016.02.11	1.8	0.2	4.1	11.4	3.2	96	
8	2016.02.12	1.5	0	2.8	0.1	4.2	90.2	
8	2016.02.13	1.5	-0.8	3.7	2.8	2.8	89.4	
8	2016.02.14	1	0.3	1.8	0.5	2.1	95.3	
8	2016.02.15	2.2	1	3.5	0	1.4	97.9	
8	2016.02.16	0.1	-3.7	2	1.1	2.4	90.6	
8	2016.02.17	-1.8	-7.3	3.1	0	2.4	71.8	
8	2016.02.18	1	0	2.1	1.1	3.8	69.4	
8	2016.02.19	0.9	0	1.4	3	1.6	84.7	
8	2016.02.20	0.2	-0.2	0.6	1.6	3.6	93.1	
8	2016.02.21	0.6	-0.4	2.6	2.8	4.2	94.3	
8	2016.02.22	2.5	0.2	5.2	3.2	5	90.6	
8	2016.02.23	2.4	-0.2	5.2	0	4.8	82.1	
8	2016.02.24	0.9	-1	3.8	1.5	4	90	
8	2016.02.25	-0.1	-1.4	1.3	0	4.3	86.2	
8	2016.02.26	-0.8	-3	2.1	0	3.4	84.5	
8	2016.02.27	-0.7	-3.6	1.6	0	2.8	82.6	
8	2016.02.28	-1.3	-4.4	0.9	0.6	1.1	89.3	
8	2016.02.29	-1.5	-3.7	0.8	0	2.6	88.5	
8	2016.03.01	-0.4	-1.4	0.6	0.5	4	81.4	
8	2016.03.02	0.3	-1.8	2.6	0	2.2	79.6	
8	2016.03.03	1.9	0.1	4.7	0	3.2	82.9	
8	2016.03.04	-0.5	-1	0.2	0	2.1	80.2	
8	2016.03.05	-0.4	-1.7	1.7	0	1.3	77.4	
8	2016.03.06	3.7	-0.3	7	0.9	3.2	81.8	
8	2016.03.07	4.4	0.4	6.7	1.5	1.4	84.7	
8	2016.03.08	2.8	1	3.4	19.3	3	95.9	
8	2016.03.09	1.1	-1.1	3.4	0	1.2	95.3	
8	2016.03.10	3	1.2	4.7	3.4	2.9	89.3	
8	2016.03.11	2.7	2.1	3.4	3.7	2.8	98	
8	2016.03.12	1.6	-0.1	2.6	0	3.2	95.2	
8	2016.03.13	1.1	-2.9	5.7	0	2.9	77.8	
8	2016.03.14	0.3	-2.7	1.8	1.7	3.4	92.1	
8	2016.03.15	0.9	-2.3	3.2	0	2.5	84.5	
8	2016.03.16	-0.1	-4.6	2.8	0	2.8	83.5	
8	2016.03.17	3.3	1.2	6.1	0	3.8	88.8	
8	2016.03.18	1.6	-4.5	6	0.3	4.6	75.8	
8	2016.03.19	-1.6	-5.4	1.7	0.2	4.8	69.9	
8	2016.03.20	0.2	-1.4	2.3	4.9	1.4	91	
8	2016.03.21	3	0.2	7.5	0.9	2.9	86.6	
8	2016.03.22	0.5	-4.4	2.9	1.6	2.4	85.4	
8	2016.03.23	-1.8	-7	3	0	0.9	65.3	
8	2016.03.24	-1.2	-6.8	4.1	0	1.3	63.8	
8	2016.03.25	2.4	-4.5	7.6	0	2.4	61.6	
8	2016.03.26	4.5	1.3	8.1	0	0.7	67.5	
8	2016.03.27	5.8	-1.3	11.5	0	2	59.5	
8	2016.03.28	6	-1.9	12.3	0	2.2	50.8	
8	2016.03.29	7	1.4	14.2	1.1	3.7	61.5	
8	2016.03.30	6.4	3.4	10.4	4.5	4.1	79	
8	2016.03.31	5.2	1.1	9.5	0	3.9	78.4	
8	2016.04.01	3.2	0.5	8	2.1	4.1	80.9	
8	2016.04.02	5	0	11.1	0	3.7	61.9	
8	2016.04.03	6.9	-0.7	14	0	2.2	51.7	
8	2016.04.04	9.9	2.3	18.3	0	0.6	49	
8	2016.04.05	11.9	4.2	17.9	0	1.8	45.9	
8	2016.04.06	9.2	4.7	13.4	1	2.1	73.5	
8	2016.04.07	10.6	2.3	16.2	0	3.1	68.9	
8	2016.04.08	10.3	6.1	13.6	0	2.1	59.5	
8	2016.04.09	8.8	6	10.4	0	3.2	55.8	
8	2016.04.10	9.7	7.6	12	0	5.1	50.2	
8	2016.04.11	9.6	6.2	12.6	0.5	3.9	57.8	
8	2016.04.12	9.7	7.2	11.7	2.9	2	80.1	
8	2016.04.13	9	7.2	11	11	0.8	92.9	
8	2016.04.14	7	2.6	9.2	0	3.7	80.8	
8	2016.04.15	6.2	0.4	11.8	0	1.4	54.4	
8	2016.04.16	10	3.1	15.3	0	3	65.5	
8	2016.04.17	10.4	5.4	15	4	2.9	82.1	
8	2016.04.18	7.3	4.6	9.7	0	3	70.7	
8	2016.04.19	6.3	2.9	11.7	0.9	4.7	71.4	
8	2016.04.20	5.8	2.6	9.8	0.4	6.3	67.7	
8	2016.04.21	7.8	2.3	12.7	0	4.7	50.4	
8	2016.04.22	5.7	1.3	9.8	1.1	5.8	75	
8	2016.04.23	6.4	-0.8	12	0	2.4	60.8	
8	2016.04.24	5.9	0.3	8.2	0.3	2.9	71.5	
8	2016.04.25	3.3	-0.4	6.7	0	1.7	77.6	
8	2016.04.26	4.4	0.4	8.9	0	2.4	72.7	
8	2016.04.27	8.7	1	15.4	0	3.1	61	
8	2016.04.28	6.3	1.1	9.9	4.2	2.8	72.4	
8	2016.04.29	5	-0.6	9.5	1.7	0.9	82	
8	2016.04.30	6.4	-1.1	13.3	2.9	1.9	86.4	
8	2016.05.01	10.7	8	15.5	1	1.6	85.3	
8	2016.05.02	12.2	5.5	18.5	0	1.4	72.7	
8	2016.05.03	12	5.2	18.4	2.7	1.1	72.4	
8	2016.05.04	12.8	4.3	19.3	1.9	1.6	70.3	
8	2016.05.05	14.7	9.1	20.1	0	3	51.7	
8	2016.05.06	14.6	9.7	20.6	0	2.8	53.1	
8	2016.05.07	15.5	6.8	22	0	1.4	53.1	
8	2016.05.08	16.3	6.8	23.6	0	1.6	52.1	
8	2016.05.09	16.7	7.4	24.6	0	1.4	54.9	
8	2016.05.10	16.6	8.9	23.7	0.5	0.8	64	
8	2016.05.11	16	8.3	22	10.4	0.6	69.8	
8	2016.05.12	16.8	10.8	21.5	0	1.9	65	
8	2016.05.13	16.8	10.8	21.7	0	2.6	65.6	
8	2016.05.14	13.8	10.2	15.6	9.8	1.8	90.2	
8	2016.05.15	9.9	5.4	14.2	8	4.2	76	
8	2016.05.16	7.7	4.4	11	0	5.5	76.2	
8	2016.05.17	8	3.7	11.7	0	3.8	76.1	
8	2016.05.18	8.3	1.7	14	0	0.8	76	
8	2016.05.19	11.5	2.6	18.3	0	0.7	63	
8	2016.05.20	12.7	4.1	17.9	0	2.6	64	
8	2016.05.21	14.1	8.2	18.8	0	3	64.6	
8	2016.05.22	14.6	7	20.6	0	0.8	69.5	
8	2016.05.23	16.9	7.8	23.6	0	1.5	58.4	
8	2016.05.24	17.5	8.3	22.8	0	2.2	54.9	
8	2016.05.25	17	11.7	23.1	5.1	2.1	71	
8	2016.05.26	13.5	8.6	17.4	0	1.9	84	
8	2016.05.27	16.5	7	22.3	0	1.3	68.3	
8	2016.05.28	18.9	11.8	24.9	0	1.7	66.7	
8	2016.05.29	21.1	13.4	26.9	0	2.4	63.8	
8	2016.05.30	21	15.1	27.4	0.5	2.2	72.9	
8	2016.05.31	22.4	16.3	27.6	0	3	64.6	
8	2016.06.01	21.7	15.1	28	1.3	2.1	63.8	
8	2016.06.02	20.3	12.3	26.2	0	2	58.2	
8	2016.06.03	19.7	10.6	26.4	0	0.8	58.5	
8	2016.06.04	18.7	11.3	23.9	0	2.6	58.4	
8	2016.06.05	13.8	6.7	18.5	0	2.6	53.2	
8	2016.06.06	10.8	3.9	15	0	2.7	57	
8	2016.06.07	12.4	2	18.2	0	1.7	56.6	
8	2016.06.08	16.9	9.2	23.9	0	3.1	58.8	
8	2016.06.09	13	6.4	17.5	0	3.7	53.6	
8	2016.06.10	11.3	3.4	19.1	14.8	3.1	74.8	
8	2016.06.11	9.5	6.8	12.4	5.4	4.4	80.2	
8	2016.06.12	11.6	5.9	16.8	0	3	65.9	
8	2016.06.13	13.7	2.9	19.8	0	1.2	58.3	
8	2016.06.14	17	7.5	22.1	0.3	2.2	55.1	
8	2016.06.15	15.3	12.2	18.8	13.6	1.8	91.5	
8	2016.06.16	18.1	12.5	22.9	0	3.1	74.9	
8	2016.06.17	20	14.8	28.9	10.9	4.9	71.2	
8	2016.06.18	17.2	12.6	21.1	0	4.9	70.9	
8	2016.06.19	19.4	11.7	25.1	0	1.4	66.4	
8	2016.06.20	18.9	12.9	23.2	0	1.4	76	
8	2016.06.21	17.7	15.3	22.1	0.2	3.5	80.5	
8	2016.06.22	18.8	12.4	23.8	0	1.6	72.1	
8	2016.06.23	20.6	11	26.9	0	0.9	63.1	
8	2016.06.24	23.2	13.1	30.1	0	1.3	61.6	
8	2016.06.25	26.2	17.6	31.6	0	2.4	58.8	
8	2016.06.26	25.8	18.5	32.7	0	3.1	60.5	
8	2016.06.27	18.5	15	21.5	0	3.7	74.5	
8	2016.06.28	17.4	13.5	22.3	0	1.8	67.2	
8	2016.06.29	20.8	10.8	26.7	0	0.8	60.3	
8	2016.06.30	23.1	16.7	28.5	3	1.1	63	
8	2016.07.01	22.1	17.4	27	1.3	1.5	72.2	
8	2016.07.02	25.3	15.8	31.3	0	2.4	58.1	
8	2016.07.03	16.2	12	19.6	21.5	2.1	92.4	
8	2016.07.04	14.2	10.3	18.5	1.8	3.4	77.2	
8	2016.07.05	15.8	9.9	21.6	0	2.9	70.2	
8	2016.07.06	14.7	10.3	19.9	17.6	3.3	82.5	
8	2016.07.07	14.7	9.4	19.7	7.7	4.4	77.6	
8	2016.07.08	15.2	10.2	19.2	2	3.3	79.8	
8	2016.07.09	16.7	14.4	21.3	0.3	2.4	81.7	
8	2016.07.10	17.7	13.8	21.5	1.3	3.1	75.3	
8	2016.07.11	21	16.1	28.8	11.5	3.2	77.8	
8	2016.07.12	19.3	16	23.2	0.4	0.5	83.6	
8	2016.07.13	16.8	12.2	19.9	6.4	1.3	87.2	
8	2016.07.14	15.6	11.5	18	7.6	2.4	94	
8	2016.07.15	15.7	12.6	19.4	0	4.9	82.2	
8	2016.07.16	17.8	12.7	22.2	0	2	75.7	
8	2016.07.17	17.7	13.8	22.1	1.9	1.2	83.4	
8	2016.07.18	16.1	11.7	20.5	0	3.6	75.9	
8	2016.07.19	16.6	12.5	21.5	0	3.4	72.8	
8	2016.07.20	17	12	21.3	0	3.7	65.9	
8	2016.07.21	16.6	13.5	19.2	0.3	3.9	75.4	
8	2016.07.22	17.7	16.1	21.5	0.7	2.3	91.7	
8	2016.07.23	19	16	22.7	0	2.1	86.1	
8	2016.07.24	19.8	13.5	25.6	0	1.3	83.3	
8	2016.07.25	20.2	14.9	26.5	0	0.7	82.8	
8	2016.07.26	22	14.9	28.5	0	0.6	76.9	
8	2016.07.27	22.6	15.3	27.9	0	1.1	71.2	
8	2016.07.28	22	18.1	26.8	15.1	1.8	82.5	
8	2016.07.29	19	16.7	22.3	1.1	0.9	87.1	
8	2016.07.30	18.6	15.3	23.9	1.6	2.6	86.1	
8	2016.07.31	20.8	14.8	26.7	0	1.7	75.6	
8	2016.08.01	18.4	15.2	20.7	2.1	2.6	85.5	
8	2016.08.02	18.1	13	22.6	0	1.8	71.8	
8	2016.08.03	16.2	12.9	20.4	3.7	1.2	79.7	
8	2016.08.04	19.6	14.7	23.4	0	3.3	78.4	
8	2016.08.05	24.2	16.8	30.2	0	2.7	66.9	
8	2016.08.06	17.8	14.8	20.3	5.3	2.7	85.4	
8	2016.08.07	15.5	10.9	19.1	0	3.4	78.4	
8	2016.08.08	19.3	10.7	24.9	0	4	68.7	
8	2016.08.09	18.3	14.2	22	5.2	1.7	77.7	
8	2016.08.10	13.6	11.6	16	5.2	0.4	86.3	
8	2016.08.11	13.3	8.1	18	4.8	2	79.6	
8	2016.08.12	13.2	6.5	19.8	0	2.1	73.9	
8	2016.08.13	14.9	9.4	17.6	0	3.7	81.8	
8	2016.08.14	16.6	11.7	21	1.3	3.4	82	
8	2016.08.15	14.9	11.6	20.7	1.7	3.2	76.2	
8	2016.08.16	14.5	11.6	18.2	3.4	4.4	82.2	
8	2016.08.17	13.5	11.6	15.8	5.8	4.7	90.2	
8	2016.08.18	14	11.7	16.7	3.2	3.1	87.4	
8	2016.08.19	18	13.5	23.8	1	2.7	70.5	
8	2016.08.20	19	9.3	26.5	0	0.5	71.2	
8	2016.08.21	21.8	15.9	27.7	6.7	2.5	68.8	
8	2016.08.22	17.8	16.2	19.4	13.1	1.3	95.3	
8	2016.08.23	17.6	15.4	21.7	0.6	1.8	84	
8	2016.08.24	17.2	12.9	21.4	0	1.2	82.5	
8	2016.08.25	17.5	10.2	23.7	0	0.4	78	
8	2016.08.26	19.7	12.3	25.7	0	2.7	68.1	
8	2016.08.27	21	14	27.6	0	3.3	67	
8	2016.08.28	20.6	13	28.3	0	1	73	
8	2016.08.29	20.6	15.1	27.1	0	2.5	76.2	
8	2016.08.30	15.1	10.2	19.6	0	3.9	77	
8	2016.08.31	14.5	9	18.9	0	2	87	
8	2016.09.01	17.1	11.1	22.5	0	2.7	75.8	
8	2016.09.02	15.8	10.9	21.5	0	1.6	76.9	
8	2016.09.03	15.5	9.7	20.6	2.8	2.7	79.7	
8	2016.09.04	14.8	13.5	16.7	18	0.8	95.5	
8	2016.09.05	14.6	10.3	18.9	20	2.6	84.8	
8	2016.09.06	13.6	8.7	19.8	0	1	86.8	
8	2016.09.07	15.4	8.9	21.6	0	2	80.9	
8	2016.09.08	16.4	10.7	22.5	0	1.4	82.9	
8	2016.09.09	17.1	11.3	25.1	0	0.4	83	
8	2016.09.10	19.2	13.1	26.6	0	1.3	80.3	
8	2016.09.11	18.8	11.2	26.4	0	0.4	80	
8	2016.09.12	17.8	11.2	24.8	0	1	85.1	
8	2016.09.13	14.8	8.6	20	0	1.7	81.7	
8	2016.09.14	11.7	6.3	18.6	0	1	84.1	
8	2016.09.15	12.2	3.9	20.9	0	0.3	75.4	
8	2016.09.16	12.7	5.3	19.6	0	1	83.7	
8	2016.09.17	11.4	6.1	16.2	0	2.4	74	
8	2016.09.18	9.8	3.1	15.1	0	1.3	73.8	
8	2016.09.19	9.8	4.9	13.5	0	0.8	72.1	
8	2016.09.20	10.3	6.9	14.4	0	1.5	77.7	
8	2016.09.21	10.2	6.1	14.4	1.8	2.4	83.7	
8	2016.09.22	8.8	3.6	13.7	0	1.6	86.1	
8	2016.09.23	9.4	1.4	15.9	0	2.1	79.7	
8	2016.09.24	13.2	9.6	17.6	3.2	3.1	80.2	
8	2016.09.25	10.5	3.8	15	0	1.2	83.3	
8	2016.09.26	6.9	1.4	13.5	0	0.7	80.2	
8	2016.09.27	8.2	2.3	14	0	0.3	83.4	
8	2016.09.28	9.1	3	12.7	1.3	3.3	87.1	
8	2016.09.29	15	12.1	17.4	0.5	4.1	83	
8	2016.09.30	15.2	11	19.1	0	3.5	70.2	
8	2016.10.01	12.9	8.2	18.7	0	1.4	76.7	
8	2016.10.02	15.3	11.3	21	0	1.9	80.4	
8	2016.10.03	12.3	10.9	14.6	0	2.8	91.5	
8	2016.10.04	8.1	5.6	11.1	0	6	75.1	
8	2016.10.05	6.8	5.7	7.5	7.3	7.1	87.2	
8	2016.10.06	6.8	3.1	9.6	6	4.1	93.8	
8	2016.10.07	6.2	3.5	7.1	9.4	2	97	
8	2016.10.08	5.5	4	6.5	0	1.4	92.2	
8	2016.10.09	6.7	5.3	7.5	5	2.1	94.1	
8	2016.10.10	6.2	4.3	8.5	4.8	3.6	93.2	
8	2016.10.11	5.3	4.6	7	0	3.9	84.5	
8	2016.10.12	5.5	4.1	7.2	0	4	84.9	
8	2016.10.13	3	-1.5	8.3	0	2.2	83.5	
8	2016.10.14	-1	-3.3	0.7	0	2	97.8	
8	2016.10.15	-0.1	-1.6	2.2	0	3.6	87.8	
8	2016.10.16	3.2	0.2	7.2	0	3	71.9	
8	2016.10.17	3.5	-1.6	9.2	0	2.4	73.3	
8	2016.10.18	4.8	-0.3	9.8	0	3.2	67.8	
8	2016.10.19	5.5	2.5	8	0	3.2	70.4	
8	2016.10.20	4.6	2.4	7.1	0.6	3.5	79.2	
8	2016.10.21	2.8	1.1	4.1	0.6	4.4	80.2	
8	2016.10.22	3.4	1.8	5.7	10.2	4.1	91.8	
8	2016.10.23	5.5	4.7	6.1	1	3.1	94.8	
8	2016.10.24	4	3.5	4.7	3.3	4.6	92.8	
8	2016.10.25	5.7	4.2	7.7	14.3	2.3	95.5	
8	2016.10.26	4.5	1.8	6.5	0	2.2	88.4	
8	2016.10.27	2.2	-2.3	5.2	0	2.5	92.5	
8	2016.10.28	6.1	3.8	9.1	10.1	6.5	87.9	
8	2016.10.29	6.5	5.3	8.5	0.2	6.3	78	
8	2016.10.30	5.3	3.9	7.4	0	5.7	80.1	
8	2016.10.31	3.4	-0.9	5.4	0.5	3.6	85.6	
8	2016.11.01	0.4	-1	2.5	7.9	3.1	94.9	
8	2016.11.02	3.7	2	5.8	4.9	4.2	93.3	
8	2016.11.03	1.7	-0.5	3.2	2	4.1	92.2	
8	2016.11.04	1.3	-1.2	3.8	0.4	2.4	89	
8	2016.11.05	2	0.7	4.7	1.6	2.8	89.6	
8	2016.11.06	3.1	1	4.6	1.8	2.2	94.3	
8	2016.11.07	2.4	0.8	4	2.8	1.2	96.7	
8	2016.11.08	0.4	-3.2	4	0	2.5	85.5	
8	2016.11.09	-1.5	-4.7	0.1	7.2	2.4	94.2	
8	2016.11.10	-1.4	-1.7	-0.6	2.2	1	93.8	
8	2016.11.11	-1.8	-2.4	-1.3	0	1.3	93.4	
8	2016.11.12	-2.5	-5.6	0.2	0	1.3	88.7	
8	2016.11.13	-0.9	-3.5	0.5	0	1.3	94.7	
8	2016.11.14	0.2	-3.2	2	0	4	87.9	
8	2016.11.15	0.3	-0.2	0.7	1.7	5.5	85.7	
8	2016.11.16	1.2	0.2	2.8	5.9	4.4	96.8	
8	2016.11.17	4	2.6	5.9	0.7	4.7	97.1	
8	2016.11.18	5.8	4.5	6.8	0	4.8	90.2	
8	2016.11.19	6.5	5.6	7.7	7.1	3.4	90	
8	2016.11.20	6.7	5.6	7.9	2.8	4.3	90.1	
8	2016.11.21	5.2	2.4	8	0	5.1	88.2	
8	2016.11.22	1.7	0.8	2.2	0	5.8	89.1	
8	2016.11.23	2.1	1	2.8	0	4.3	89.9	
8	2016.11.24	2.6	0.1	5.8	0	2.8	92.5	
8	2016.11.25	2.1	0.5	4.5	0	3	89.1	
8	2016.11.26	2.9	1.2	4.3	0	6.9	86.3	
8	2016.11.27	2.1	-0.8	4.6	1.9	4.8	87.8	
8	2016.11.28	-1.9	-3.3	-0.2	0.7	4.6	81.8	
8	2016.11.29	-4.1	-10	0.8	4.2	3.5	89.3	
8	2016.11.30	-0.2	-5	1.2	1.8	5.9	93.5	
8	2016.12.01	0.3	-1	2	0	3.2	91.9	
8	2016.12.02	-0.8	-2.5	0.9	0.8	3.1	92.5	
8	2016.12.03	-1.6	-3.4	-0.2	2.3	3.6	84.8	
8	2016.12.04	-4.9	-8.9	-1.7	0	2.3	86.5	
8	2016.12.05	0.9	-1.3	2	1.8	7.1	92.8	
8	2016.12.06	-0.2	-3.2	2.1	1.4	3.6	80.7	
8	2016.12.07	-3.6	-8.4	-1	0	3.6	81.5	
8	2016.12.08	4.7	-0.6	8.4	3.8	7.3	92.1	
8	2016.12.09	7.1	6.3	8.1	0.5	6.4	87	
8	2016.12.10	4.6	-0.3	6.7	7.8	3.2	92.5	
8	2016.12.11	2.3	-2.7	5.7	4.9	2.5	96.3	
8	2016.12.12	-5.6	-7.5	-2.9	0	3.6	85.3	
8	2016.12.13	-2.6	-4	-1.7	0	5.4	77.9	
8	2016.12.14	-0.1	-3	1.5	4.7	3.2	95	
8	2016.12.15	-1	-2.5	0	0	1.8	84.9	
8	2016.12.16	-0.5	-1.6	0.7	0	3.9	86.9	
8	2016.12.17	-0.2	-1.6	0.9	0	2.5	90.3	
8	2016.12.18	-0.7	-2.3	1.1	0.9	2.3	95.5	
8	2016.12.19	2.1	1.1	3.7	2.1	3.3	96.9	
8	2016.12.20	3.2	1.2	4.2	0.5	2	97.5	
8	2016.12.21	0.3	-0.1	0.8	0	4.1	97.3	
8	2016.12.22	-0.7	-1.5	0.1	0	3.5	95.3	
8	2016.12.23	0.6	-1.3	2.1	1.9	4.2	95.5	
8	2016.12.24	0.9	0.4	2	0	6.1	93.5	
8	2016.12.25	2.2	1.5	3.2	1.1	4.2	92	
8	2016.12.26	5.3	1.9	8.5	3.8	5.5	93.8	
8	2016.12.27	2	0.4	3.3	5.5	8.5	85.3	
8	2016.12.28	0.6	-0.9	1.3	1.1	5.1	79.8	
8	2016.12.29	-0.1	-0.9	1.2	0	3.1	85.5	
8	2016.12.30	0	-1	0.9	0	4.6	86.1	
8	2016.12.31	-0.1	-1.6	0.5	0	4.2	95.2	
8	2017.01.01	1.4	0.6	2.1	0.2	5.6	95.8	
8	2017.01.02	0.7	-1	2.2	5.5	4.6	92.7	
8	2017.01.03	-1.8	-2.8	-0.7	1	4.7	87.4	
8	2017.01.04	-0.3	-6.8	1	12.6	4.9	93.5	
8	2017.01.05	-13.4	-16.4	-7.8	0.3	5.5	77.2	
8	2017.01.06	-18.2	-19.6	-16.1	0	3.3	78	
8	2017.01.07	-17.6	-24	-13.3	0	0.9	82.8	
8	2017.01.08	-10.6	-16.9	-6	0	0.8	84.6	
8	2017.01.09	-6.2	-9.6	-3.8	0	1.1	89.2	
8	2017.01.10	-9	-11	-8	0	2	90	
8	2017.01.11	-9.4	-11.6	-6.9	0	4.3	81	
8	2017.01.12	-4.4	-9	1	2.8	4.9	87.5	
8	2017.01.13	-0.2	-2	0.7	1.3	4.4	88.7	
8	2017.01.14	-1	-4	0.1	4.3	3.1	91.8	
8	2017.01.15	-2.6	-5.4	-1.6	0	2.8	88.5	
8	2017.01.16	-3.5	-5.4	-2.2	0	0.8	94.1	
8	2017.01.17	-3.2	-3.9	-1.9	0	0.2	87.8	
8	2017.01.18	-6	-9.5	-3.4	0	2.5	87.9	
8	2017.01.19	-4.2	-5.2	-2.6	0.2	6.2	90.5	
8	2017.01.20	0.1	-2.2	1.7	0	4.2	96.5	
8	2017.01.21	1.6	0	2.3	0	2.9	95.6	
8	2017.01.22	-0.7	-1.3	0.1	0	4.3	97.4	
8	2017.01.23	-1.6	-2.1	-1.2	0	4.3	93.2	
8	2017.01.24	0.3	-1.5	1.5	0.6	3.8	90.9	
8	2017.01.25	-3.2	-9.7	0.6	0.4	2.3	82.7	
8	2017.01.26	-5.4	-10.5	0.4	1	3.4	89.5	
8	2017.01.27	0.6	0.2	0.8	0.4	2	95.3	
8	2017.01.28	-0.2	-1.1	0.2	0	1.8	97.6	
8	2017.01.29	-1.6	-2.5	-1.3	0	4.8	94.3	
8	2017.01.30	-2.5	-3.1	-2.1	0	3.7	85.3	
8	2017.01.31	-4.4	-5.1	-3.3	0	2.5	88.4	
8	2017.02.01	-4.1	-5.3	-3.2	0	1.5	90.1	
8	2017.02.02	-1.9	-3.8	0	0	2.3	81.7	
8	2017.02.03	-2.1	-2.8	-1.5	0	1.7	88.2	
8	2017.02.04	-3	-7.9	1.6	0	0.5	81.3	
8	2017.02.05	-3.3	-6.9	0	0	1.4	81	
8	2017.02.06	-5	-8	-2.8	0.7	3.8	81.5	
8	2017.02.07	-8.7	-11.1	-7.3	0.8	5.2	63.1	
8	2017.02.08	-10	-12.7	-8	0	4.8	53.4	
8	2017.02.09	-6.3	-8.7	-4	0	3	49.3	
8	2017.02.10	-6.2	-11	-2.6	0	1.7	59.4	
8	2017.02.11	-4.6	-7.1	-3.7	0	2.5	83	
8	2017.02.12	-5	-6.9	-3.7	0	1.6	83	
8	2017.02.13	-7.1	-9	-4.6	0	2.5	88.4	
8	2017.02.14	0	-6.3	4.3	0	3.6	86	
8	2017.02.15	-1	-1.9	-0.3	0	1.9	97.6	
8	2017.02.16	-1.1	-2.7	1.7	0	3.3	90.7	
8	2017.02.17	1.3	-2.3	3	0	2.5	90	
8	2017.02.18	1.7	1.1	3.1	0	2	93.8	
8	2017.02.19	1.5	1.1	2	0.2	5.8	86.7	
8	2017.02.20	2.4	1.5	3.9	2.6	6.8	91.7	
8	2017.02.21	3.7	0.7	5.3	2.5	6.2	91.2	
8	2017.02.22	0.4	-1.3	2.4	3.7	4.2	90.1	
8	2017.02.23	2.8	1.4	4.5	3.3	5.4	88	
8	2017.02.24	1.2	-2.2	5.1	5.7	5.2	87.7	
8	2017.02.25	-0.8	-2.5	1.8	0	5.1	75.8	
8	2017.02.26	1.5	-1.1	3.7	3.3	6.1	92.6	
8	2017.02.27	5.5	3.9	6.8	0.4	3.8	93.8	
8	2017.02.28	6.6	2.7	10.7	0	4	74.3	
8	2017.03.01	4.5	0	7.5	1.3	2.9	85.7	
8	2017.03.02	3.4	-0.3	7.5	4.6	4.5	84.5	
8	2017.03.03	3	1.2	5	0.8	5	84.5	
8	2017.03.04	4.4	0.8	8.9	0	2.5	74	
8	2017.03.05	6.2	-0.1	12.8	0	1.7	79	
8	2017.03.06	3.1	0.9	4.7	15.6	3.5	96.3	
8	2017.03.07	0.1	-0.7	0.9	0	2.7	91.5	
8	2017.03.08	1.2	-2.8	4.7	0	1.1	84.8	
8	2017.03.09	1.7	-3.9	5.7	2.4	0.3	93.6	
8	2017.03.10	3.1	1.4	6.6	0.5	1.1	91.4	
8	2017.03.11	3.4	2	5.5	0	1	88.9	
8	2017.03.12	2.8	1	5	0	3.1	82.9	
8	2017.03.13	2.7	1.1	4.6	0	2.3	85.5	
8	2017.03.14	3.6	1.3	7.9	0	2	69.9	
8	2017.03.15	5	2.1	8.4	0	5.3	76.2	
8	2017.03.16	4.4	-1.4	8.5	0	4.5	69.7	
8	2017.03.17	3	-1.9	7.9	3.3	4.6	77.8	
8	2017.03.18	3	1.3	5.6	2.8	3.8	90.8	
8	2017.03.19	2.7	-0.8	5.3	6.9	1.9	91	
8	2017.03.20	2.4	-0.8	4.7	0.2	2.7	92.2	
8	2017.03.21	7.1	3.6	10.5	9.9	3.3	93.1	
8	2017.03.22	5	-0.6	8.4	2.5	2.3	78.4	
8	2017.03.23	5.3	-1.5	11.2	0	1.3	64.3	
8	2017.03.24	5.4	0	9.4	0	3.5	60.3	
8	2017.03.25	2.1	0	4.2	6.6	3.7	82.1	
8	2017.03.26	3.6	0.3	7	0	3.2	75.1	
8	2017.03.27	9.1	4.5	13	0	5	61.6	
8	2017.03.28	7.3	3.5	12	0	3.8	65.6	
8	2017.03.29	5	1.2	12	0	2.3	64.9	
8	2017.03.30	4.1	0	8.2	0.2	1.6	63.2	
8	2017.03.31	9.3	4.5	12.3	5	3.9	92.5	
8	2017.04.01	13.5	7	20.5	0	3.4	72.8	
8	2017.04.02	15	7.1	22.6	0	2.6	63.6	
8	2017.04.03	10.7	5.9	13.8	0	2.8	78.2	
8	2017.04.04	7.4	2	14.6	0	1	72.8	
8	2017.04.05	8.8	2.1	16.9	6.5	2.3	74.6	
8	2017.04.06	5.7	2.7	9.3	0.5	2.6	82.1	
8	2017.04.07	5.2	0.5	9.2	1.8	1.3	76.6	
8	2017.04.08	5.7	3	9.3	0	3.4	63.7	
8	2017.04.09	7.2	4.5	9.4	0	3.5	76.3	
8	2017.04.10	11.2	3.3	18.2	0	5.1	68.3	
8	2017.04.11	4.6	1.6	8.4	2.2	5.2	83.2	
8	2017.04.12	4.9	1	8.1	4.1	5.5	83.1	
8	2017.04.13	5.9	1.2	9.7	1.5	4.2	82	
8	2017.04.14	3.4	-0.8	6.6	6.6	2.8	90.4	
8	2017.04.15	5	1.2	8.6	6.3	2.1	82.8	
8	2017.04.16	1.1	-2	4.8	3.5	4.2	81.1	
8	2017.04.17	-0.5	-3.9	2.5	0	2	67.7	
8	2017.04.18	0.6	-5.8	4.3	0	2.4	65.5	
8	2017.04.19	1.7	-2.9	4.9	0	3	60.5	
8	2017.04.20	2.7	-1.7	6.8	0	1.8	48.4	
8	2017.04.21	4.2	-2.2	7.7	5.1	5.4	83.2	
8	2017.04.22	5.1	1.5	8.9	4.4	6.8	75	
8	2017.04.23	3.6	-0.8	7.8	0.3	2.5	66.1	
8	2017.04.24	4.4	-1.9	9.5	0	3.5	67.8	
8	2017.04.25	8.7	4	15.4	1.2	5.2	69.5	
8	2017.04.26	6.1	3.5	8.6	0.2	2.5	69.5	
8	2017.04.27	6.6	3.3	9.7	0	2	67.9	
8	2017.04.28	3.9	2.8	6.1	12.9	3.3	89.2	
8	2017.04.29	4.9	2.4	7.4	4.6	3.8	86.3	
8	2017.04.30	5.1	0.2	10	0	2.1	69.5	
8	2017.05.01	5.6	-1.1	11.2	0	2.7	65.4	
8	2017.05.02	7.4	0.9	13.5	0	2.9	68.2	
8	2017.05.03	10.7	0.8	16.3	0	2	57.8	
8	2017.05.04	11.9	10	16.1	2.2	4	59.4	
8	2017.05.05	13.7	8.1	19.5	1	2.5	62.2	
8	2017.05.06	15.2	5.6	21.7	0	1	65.7	
8	2017.05.07	12.1	8.4	13.8	1.8	2	80.2	
8	2017.05.08	7.2	1.8	11.3	0.7	4.2	62.8	
8	2017.05.09	2.4	0.2	6.7	0	4.3	77.9	
8	2017.05.10	1.4	-1.4	5.8	12.6	2.3	79.2	
8	2017.05.11	3.7	-1.4	8.7	0	0.9	71.9	
8	2017.05.12	8.7	-0.7	15.2	0	2.5	51.9	
8	2017.05.13	12.2	5.1	18.5	0	1.7	54.2	
8	2017.05.14	14.6	3.8	21.3	0	1	49.9	
8	2017.05.15	13.4	8.7	17.9	0	2.5	70	
8	2017.05.16	11.9	4.6	16.5	0.9	2.8	65.4	
8	2017.05.17	13.3	3.2	19.3	0	1	50.7	
8	2017.05.18	16.9	11.7	22.5	0	1.5	54.4	
8	2017.05.19	18.1	9.1	25.1	0	1	58.3	
8	2017.05.20	19.2	9.5	25.4	0	1.1	61.2	
8	2017.05.21	17.3	11.8	22.7	0	3.1	70.2	
8	2017.05.22	15.1	8.7	21.4	0	2.7	60	
8	2017.05.23	13.4	4.3	20.7	0	1.9	63.8	
8	2017.05.24	14	8.7	18.9	0	1.3	68.8	
8	2017.05.25	13.7	6.7	20.3	0	1.9	66.7	
8	2017.05.26	12.3	7.7	16.7	0	1.6	78	
8	2017.05.27	14.5	7.8	19.6	0	1.9	65.8	
8	2017.05.28	20	10.4	27	0	2.9	57.8	
8	2017.05.29	18.4	13.4	24.6	0.3	4.3	68	
8	2017.05.30	17.1	12.7	23.1	0	1.6	73.4	
8	2017.05.31	16	11.1	18.9	3.3	4.9	74.7	
8	2017.06.01	12.2	8.2	16.4	0.2	4.8	73.7	
8	2017.06.02	10.8	4.2	14.1	0.5	3.2	65.6	
8	2017.06.03	9.7	2.2	16.4	0	1.2	58.3	
8	2017.06.04	14.9	5.2	20.2	2.4	1.9	58.5	
8	2017.06.05	14.7	7.8	20	0	3.8	72.2	
8	2017.06.06	16.9	7	22.4	0	2.5	57.1	
8	2017.06.07	16	12.5	18	2.2	3.1	72	
8	2017.06.08	15.1	7.7	21.8	0	2.5	66.1	
8	2017.06.09	15.5	6.6	22.2	0	1.2	67.1	
8	2017.06.10	18.6	12	24.4	0.7	1.6	67.6	
8	2017.06.11	16	10.6	21.5	0.7	2.3	74.9	
8	2017.06.12	15	10.9	19.3	5	3.3	80	
8	2017.06.13	13.7	11.6	16.4	4.1	5.4	81.2	
8	2017.06.14	13.8	10.6	17.5	0.1	5.2	72	
8	2017.06.15	16	8.3	23.3	0	2.3	68.4	
8	2017.06.16	15.4	7.1	22.2	4	1.8	78.6	
8	2017.06.17	16.4	13.4	22.1	20.3	2.2	85.8	
8	2017.06.18	17.4	13.2	22.6	0	2.5	80	
8	2017.06.19	20.2	14.2	25.5	0	3.1	72.8	
8	2017.06.20	18.6	11.9	25.5	0.4	4.3	73.6	
8	2017.06.21	15.1	10.5	20	0	3.4	70.5	
8	2017.06.22	15.9	8.9	21.9	0	2.3	67.5	
8	2017.06.23	16.2	10.3	20.5	0	0.3	77.7	
8	2017.06.24	16.3	15	18	19.7	2.8	87.7	
8	2017.06.25	18.2	13.8	21.8	9.5	4.5	75.3	
8	2017.06.26	15.6	9.5	19.9	0.5	3.8	74	
8	2017.06.27	15.4	8.9	20.8	0	3	67.5	
8	2017.06.28	17	8.2	22	0	2.9	72.5	
8	2017.06.29	18.9	15.5	27.5	83.9	3.5	89.9	
8	2017.06.30	17.6	16.3	19.2	5.1	5.8	83.8	
8	2017.07.01	17.7	14.6	21.4	1.6	6	71.6	
8	2017.07.02	14.6	13.6	15.4	3.9	4.6	88.7	
8	2017.07.03	14.7	9.3	18	0	3.8	69.8	
8	2017.07.04	12	8.9	14.8	9.8	3.7	84.9	
8	2017.07.05	13.1	9.8	17.9	1.3	2.6	83.2	
8	2017.07.06	13.5	10	19.9	6.8	1.8	79	
8	2017.07.07	14.9	8.3	20.7	0	0.8	63.8	
8	2017.07.08	16.2	8.8	22.4	2.8	1.2	74.6	
8	2017.07.09	16.9	10.5	21.9	0	2.4	80	
8	2017.07.10	18.4	8.1	24.6	0	2.1	68.1	
8	2017.07.11	20.7	15.4	27.6	14.9	3.2	78.9	
8	2017.07.12	18	14	23.8	2.9	2.5	83	
8	2017.07.13	15.4	12	17.4	27.3	4	85.3	
8	2017.07.14	15.1	9.8	19.1	1	2.5	74.8	
8	2017.07.15	15.2	10.4	20.3	0	1.9	71.2	
8	2017.07.16	16	9.7	21	0	1.5	70	
8	2017.07.17	14.9	9.6	19.7	0.6	3.1	79.1	
8	2017.07.18	15.5	9.6	20.4	0	3.2	73.9	
8	2017.07.19	17.4	12.3	22	0	0.6	71.9	
8	2017.07.20	17.4	11.1	22.6	0	2.2	71.3	
8	2017.07.21	15.9	10	19.7	0	2.5	71.9	
8	2017.07.22	18.2	13.6	23.7	0	1.7	68.4	
8	2017.07.23	19.6	13.1	24.6	3.6	1.5	68.7	
8	2017.07.24	19.2	14.6	23.7	8.9	1.8	83.5	
8	2017.07.25	18.2	13.2	21.5	0	2.8	86.9	
8	2017.07.26	17.2	13.6	19.5	5.4	2.7	94	
8	2017.07.27	18.5	11.9	23.7	0	2.7	72.5	
8	2017.07.28	18.2	13.9	22.9	3.9	1.2	79.8	
8	2017.07.29	17.8	13	22.6	0	3.2	72.4	
8	2017.07.30	20.8	11.8	27.3	0	1.3	70.7	
8	2017.07.31	21.6	17	26.2	1	1.6	78	
8	2017.08.01	23.3	13.1	29.7	0	2.3	70.2	
8	2017.08.02	23.2	15.8	26.3	0	3	73.4	
8	2017.08.03	20.1	14.2	23.6	0.2	1.5	73.8	
8	2017.08.04	21.1	16.4	24.6	0	2.8	70.8	
8	2017.08.05	19	13.5	23.9	0	2.8	70.3	
8	2017.08.06	17	11.5	21.4	0.2	2.3	77.3	
8	2017.08.07	15.8	9.9	21	0	1.9	73.1	
8	2017.08.08	16.7	7	22.9	0	1.2	64.6	
8	2017.08.09	20.4	12.4	25.5	0	3	60.3	
8	2017.08.10	20.2	16.2	24.2	3.2	1.4	83.7	
8	2017.08.11	21.5	14.8	27.3	0	1.1	83.4	
8	2017.08.12	23.9	17.9	32.7	9.4	2.9	76.5	
8	2017.08.13	17	10.9	20.8	0	2	77.9	
8	2017.08.14	16.2	9.9	21.3	0	1.8	71.2	
8	2017.08.15	17.3	12.7	22.4	0	0.9	72.9	
8	2017.08.16	19	13.6	24.9	0	0.6	69.7	
8	2017.08.17	18.6	11.9	24.8	0	1	73.8	
8	2017.08.18	20.7	13.4	26.5	0	1.1	72	
8	2017.08.19	21.4	15.6	30.1	6.6	2.6	77.8	
8	2017.08.20	15.3	12.6	17.4	19.4	0.6	94.7	
8	2017.08.21	14.6	11.7	19.5	3.2	1.9	85.8	
8	2017.08.22	13.5	9.2	18.5	3	1	85.1	
8	2017.08.23	14.3	10	19.1	2.2	3.9	82	
8	2017.08.24	14.1	9.3	18.8	0	5.4	72.9	
8	2017.08.25	15.1	8.7	21.2	0.3	2.7	80.1	
8	2017.08.26	15.8	10.8	21	0	2.3	81.2	
8	2017.08.27	13.6	9.5	16.8	14.9	1.9	93.3	
8	2017.08.28	14	9.5	17.7	3.4	1.8	85.2	
8	2017.08.29	12.7	6	18.2	0	0.4	77	
8	2017.08.30	15.6	7.5	22	0	2.3	71.6	
8	2017.08.31	17.8	11.4	23.6	0	3.5	67.1	
8	2017.09.01	15.4	13.1	17.3	10	2.1	87.8	
8	2017.09.02	16	14	19.8	0.9	2	88.8	
8	2017.09.03	14.1	13.6	15	2.6	1.2	94.6	
8	2017.09.04	15	13	17.2	4.1	2.1	95.4	
8	2017.09.05	13.6	10.7	15.6	0.5	2.9	93.6	
8	2017.09.06	9.7	5.5	11.5	0	1.8	90.9	
8	2017.09.07	8.9	4.1	12.5	1	0.8	89.9	
8	2017.09.08	11.4	6.4	14.2	1.7	2.8	91.9	
8	2017.09.09	16.3	12.8	20.9	0	3.3	75.7	
8	2017.09.10	17.3	11.5	21.9	0	2.3	84.7	
8	2017.09.11	17.4	14.1	20.3	1.9	1.6	91.1	
8	2017.09.12	15.8	13.2	18.7	8.2	1.6	92.8	
8	2017.09.13	14.8	11.5	18.2	5.2	4.5	78.9	
8	2017.09.14	13.4	10.5	16.3	0.3	5.9	79	
8	2017.09.15	11.8	10	14.1	0	6	82.9	
8	2017.09.16	13	8.5	17.9	1.2	2.6	81.2	
8	2017.09.17	12.9	11.3	14.2	4.2	1.5	91.7	
8	2017.09.18	12.2	9.6	14.3	12.7	4.3	93.2	
8	2017.09.19	11.8	6.7	16.9	0	3.6	82.1	
8	2017.09.20	11.2	6.9	15.8	0	1.5	84.9	
8	2017.09.21	10.9	0	12.1	14.7	2.3	92.2	
8	2017.09.22	14.5	12.2	17.1	0.4	1.5	94	
8	2017.09.23	14.5	10.6	18.9	0	2.5	83.2	
8	2017.09.24	14.3	10.3	20	0	2.6	75.7	
8	2017.09.25	14.6	10.9	19.6	0	3.5	69.6	
8	2017.09.26	13.8	9.3	20.1	0	1.8	73.3	
8	2017.09.27	11.3	5.4	17.5	0	1.6	76.3	
8	2017.09.28	10.9	3.6	17.4	0	1.3	76.5	
8	2017.09.29	8.5	2.8	14.7	0	1.3	74	
8	2017.09.30	7.5	-0.7	14.5	0	1.5	73.2	
8	2017.10.01	6.1	2.2	8.5	0	2.1	79	
8	2017.10.02	8.1	3.1	13	0	3.8	74	
8	2017.10.03	9.3	7.5	10.7	7	4	91.8	
8	2017.10.04	10.1	8.4	11.7	0.2	5.3	88.7	
8	2017.10.05	8.7	6.5	11	0.9	5	85.7	
8	2017.10.06	8.7	5.4	13	0	3.8	84.9	
8	2017.10.07	8.9	5.9	12.6	0.2	4.9	85.2	
8	2017.10.08	7.3	2.9	9.3	5.8	3.8	92.9	
8	2017.10.09	5.6	1.7	8	3.7	5	94.1	
8	2017.10.10	7.2	5.5	8.7	6.1	4.9	92.5	
8	2017.10.11	9.5	6.5	13.2	5.6	3.7	86.9	
8	2017.10.12	11.5	9.5	13.4	3.6	5	89.9	
8	2017.10.13	9.3	8.2	10.9	2.2	6.2	86.8	
8	2017.10.14	10.4	7	14.1	3.1	3.9	93.4	
8	2017.10.15	11.9	6.6	14.6	0.3	3.8	84.4	
8	2017.10.16	11.5	6.3	16.9	0	3	94.5	
8	2017.10.17	13.1	12.3	14.6	0	3.3	91.6	
8	2017.10.18	12.1	10.2	14.7	0	2.3	87.2	
8	2017.10.19	9.4	6.2	11.4	0.7	1.2	91.5	
8	2017.10.20	7.8	4.5	10.7	0	1.8	81.8	
8	2017.10.21	6.5	3.9	8.3	2.9	3	89.3	
8	2017.10.22	4.3	2.9	5.8	1.3	3.1	82.4	
8	2017.10.23	2.7	2.2	3.5	5.7	3.4	92.6	
8	2017.10.24	2.4	-0.7	5.4	0	2.7	80.5	
8	2017.10.25	3.5	2	7.3	12.2	4.7	86.9	
8	2017.10.26	8.9	7.1	11.1	11.5	4.5	90.5	
8	2017.10.27	6.7	3	8.9	3	2.8	92.6	
8	2017.10.28	5.4	2.2	7.6	8.3	4.7	93.4	
8	2017.10.29	5.4	4.3	6.5	11.4	5.3	91.5	
8	2017.10.30	3.4	1.4	4.6	1.7	7.3	82.1	
8	2017.10.31	2.4	0.7	4.6	3.4	5.5	83.4	
8	2017.11.01	6.1	2.9	8.2	6.3	4.4	95	
8	2017.11.02	9	8.4	9.9	7.8	4.2	95.7	
8	2017.11.03	8	5.8	9.5	0	3.1	91.9	
8	2017.11.04	6.8	5.7	8.4	0	3.6	91.8	
8	2017.11.05	6.3	4.4	9.7	0	3.5	88.6	
8	2017.11.06	6.4	3.7	8.2	0	2.5	90.6	
8	2017.11.07	6	5.4	7	0	1.7	92.9	
8	2017.11.08	5.9	2.8	9	0	2.8	82.7	
8	2017.11.09	3.1	2.7	3.9	0.2	3.1	92	
8	2017.11.10	5.1	3.7	6.4	2.4	4.8	91.3	
8	2017.11.11	4.2	2.2	5.8	5.9	6.4	83.8	
8	2017.11.12	3.4	1.6	4.9	0	5.4	81.8	
8	2017.11.13	0.8	0	2.3	3.3	1.5	92.5	
8	2017.11.14	2.5	0	5.3	0.3	3.5	91.2	
8	2017.11.15	4.8	2.1	6.4	1.1	4.7	91.1	
8	2017.11.16	4.8	2.4	7.2	0	2.9	89.6	
8	2017.11.17	4.2	2.7	5.5	0.2	4.3	90.1	
8	2017.11.18	2.6	2	3.3	0	4.8	88.7	
8	2017.11.19	2.5	1.3	3.6	1	4.6	90.5	
8	2017.11.20	2.1	1	3	2.6	3.1	91.8	
8	2017.11.21	1	-0.8	2.6	0.8	2.4	92.4	
8	2017.11.22	-1	-1.7	-0.4	0	3.1	88.9	
8	2017.11.23	2	-0.4	4.5	0.2	4.5	93.5	
8	2017.11.24	5.1	4	6.3	0.3	3.9	91.2	
8	2017.11.25	6.3	5.7	7	0.1	2.9	93.9	
8	2017.11.26	4.5	2	6.7	1.3	3	85.4	
8	2017.11.27	1.4	-0.3	2.4	0	2.7	87.2	
8	2017.11.28	1	0.4	2.2	1.5	5.1	86.1	
8	2017.11.29	0.8	0.2	1.8	3.3	2.6	93.5	
8	2017.11.30	0.5	0.1	1.4	9.1	2.9	96.5	
8	2017.12.01	0.8	0.1	1.9	7.4	4.2	94.8	
8	2017.12.02	1.5	0.8	2.6	0	3	93.3	
8	2017.12.03	-1	-2.4	0.8	0	3.7	90	
8	2017.12.04	-0.4	-2.2	1.3	1.5	4	92.3	
8	2017.12.05	0.6	-1.6	2.6	0.2	4.7	92.5	
8	2017.12.06	1.9	0.1	5	5	2.9	94	
8	2017.12.07	4	0.5	5.9	5.3	4.1	92.3	
8	2017.12.08	2.6	1	3.6	0.5	5.2	90	
8	2017.12.09	0.2	-2	2	0	3.4	88.8	
8	2017.12.10	-0.6	-2.8	1.1	0	3.3	89.2	
8	2017.12.11	0.3	-1.3	1.9	0.5	4.1	87.5	
8	2017.12.12	5.3	2	8.6	0	5.8	79.7	
8	2017.12.13	0.6	-2.6	3.8	0	4.9	80.3	
8	2017.12.14	-0.6	-2.9	0.9	5.7	4.7	90.7	
8	2017.12.15	0.5	0	1.4	6	2.9	94	
8	2017.12.16	-1.3	-2.6	0.2	0	0.8	97.9	
8	2017.12.17	-0.3	-4.4	0.7	0.8	2.5	93.7	
8	2017.12.18	-2.8	-6.1	-0.8	0	1.1	97	
8	2017.12.19	-0.8	-2.5	0.3	0.6	2.7	95.7	
8	2017.12.20	-0.8	-1.9	0.3	0.2	2.8	89.4	
8	2017.12.21	-1.3	-2.4	0.7	5	4	93	
8	2017.12.22	1.4	0.3	2	1.3	3.3	93.4	
8	2017.12.23	0.9	-1.9	4.9	6.2	5.2	96	
8	2017.12.24	5	3	7.6	5.8	5.7	90.4	
8	2017.12.25	5.9	4.7	7.1	5.6	4.2	95.2	
8	2017.12.26	4	1.4	6.2	0	4.8	87.2	
8	2017.12.27	1.5	0.6	2.5	0.3	2.9	95.1	
8	2017.12.28	3.7	2.2	6.4	0	4	86	
8	2017.12.29	2.3	0.3	3.8	10.8	2.4	95.7	
8	2017.12.30	0.4	-0.9	1.5	0	3.3	93.9	
8	2017.12.31	0.1	-1	1	1.5	3.7	93.4	
8	2018.01.01	5.33	0.9	7.6	0.4	4.53	93.79	
8	2018.01.02	1.6	0.3	3.1	0	2.64	98.58	
8	2018.01.03	2.29	1.3	2.9	0.4	3.41	94	
8	2018.01.04	3.59	2	5.3	3.5	4.75	92.29	
8	2018.01.05	3.64	2.4	4.8	3.8	4.85	90.75	
8	2018.01.06	4.03	2.1	5.3	3.9	3.6	88.5	
8	2018.01.07	-0.86	-4.3	2.3	0	3.21	86.46	
8	2018.01.08	-1.94	-4.2	1.8	0	2.95	88.08	
8	2018.01.09	-2.51	-4.6	-1	0	2.18	96.71	
8	2018.01.10	-4.05	-5.9	-0.9	0	1.52	86.21	
8	2018.01.11	-5.5	-6.9	-4.2	0	2.5	93.58	
8	2018.01.12	-2.74	-4.3	-1.6	0	3.16	80.21	
8	2018.01.13	-5.18	-7.4	-2.3	0	2.64	79.38	
8	2018.01.14	-7.7	-8.4	-6.8	0	2.95	77.92	
8	2018.01.15	-8.95	-10.3	-7.9	0	4.47	75.75	
8	2018.01.16	-8.14	-11.3	-4.7	1.2	6.08	67.96	
8	2018.01.17	-5.79	-8.4	-4	5	2.43	87.58	
8	2018.01.18	-0.49	-3.7	0.5	0.7	3.77	89.67	
8	2018.01.19	-2.03	-3	-1.5	5.3	3.91	89.79	
8	2018.01.20	-6.02	-14.8	-0.5	0.3	0.81	88.96	
8	2018.01.21	-8.35	-15.1	-4.2	0	0.25	91.83	
8	2018.01.22	-7.23	-9.1	-5.9	0	2.52	90.54	
8	2018.01.23	-10.15	-13.5	-8.8	0	2.09	91.62	
8	2018.01.24	-3.61	-12.7	1.4	1.3	5.17	93.83	
8	2018.01.25	2.39	1.5	3.6	0.2	5.14	92.17	
8	2018.01.26	1.57	-0.1	2.5	0.3	3.41	83.42	
8	2018.01.27	0.78	-0.3	1.8	1	2.64	94.62	
8	2018.01.28	2.35	1	4.2	5.3	5.43	91.92	
8	2018.01.29	4.11	2.6	5.8	11.4	5.17	90.5	
8	2018.01.30	1.74	0.4	4.4	2.4	6.73	85.71	
8	2018.01.31	0.92	-0.4	1.9	0.2	3.59	87.92	
8	2018.02.01	1.27	0.5	2.3	8.7	3.04	95.92	
8	2018.02.02	0.58	-0.1	1.6	2	1.54	96.54	
8	2018.02.03	0.07	-1.2	0.8	0	0.97	93.17	
8	2018.02.04	-2.03	-6.5	-0.2	0	4.52	79.96	
8	2018.02.05	-5.89	-7.6	-4.3	0.2	3.75	76.62	
8	2018.02.06	-4.21	-8.5	-1.3	0	4.56	77.5	
8	2018.02.07	-5.32	-8.4	-1.6	0	2.78	74.5	
8	2018.02.08	-3.64	-4.6	-2.6	0	2.75	89.67	
8	2018.02.09	-5.43	-6.1	-4.3	0	3.16	94.62	
8	2018.02.10	-5.42	-6.3	-4.9	0	1.18	94.17	
8	2018.02.11	-4.01	-5	-3	0	2.39	88.67	
8	2018.02.12	-1.11	-3	0	0	3.47	78.46	
8	2018.02.13	-0.28	-2.5	1.8	0	0.7	84.04	
8	2018.02.14	-1.41	-3.6	0.1	0.6	1.3	83.83	
8	2018.02.15	-4.59	-6.5	-1.5	0	2.01	79.29	
8	2018.02.16	-2.37	-4.8	-0.1	0.5	2.95	87.46	
8	2018.02.17	-0.42	-2.6	1	1.2	3.87	89.17	
8	2018.02.18	-3.56	-5.7	-2.5	0	3.03	81.71	
8	2018.02.19	-1.69	-5.7	0.6	0.4	1.64	91.79	
8	2018.02.20	-1.98	-7.5	1.9	0	1.12	89.21	
8	2018.02.21	-6.92	-10.1	-4.7	0.6	2.08	77.88	
8	2018.02.22	-10.16	-13.7	-6.2	0	2.3	81.71	
8	2018.02.23	-10.41	-14.9	-6.3	0	1.06	80.04	
8	2018.02.24	-11.38	-14.5	-9.3	0.1	4.06	72.79	
8	2018.02.25	-14.1	-16.6	-11.5	0	2.35	78.21	
8	2018.02.26	-14.18	-19.4	-9.1	0.3	1.87	80.33	
8	2018.02.27	-13.46	-16.1	-10.8	0	3.38	71.79	
8	2018.02.28	-14.12	-16.6	-11.8	0.3	4.69	70.83	
8	2018.03.01	-13.77	-16.5	-12.6	3.5	2.62	82.33	
8	2018.03.02	-9.85	-13.3	-6	0.2	1.74	83.54	
8	2018.03.03	-12.62	-17.7	-9.6	0.2	2.47	83.04	
8	2018.03.04	-9.37	-15.2	-5	0	2.74	76.38	
8	2018.03.05	-7.21	-18.8	-0.2	0	2.14	66.29	
8	2018.03.06	-1.35	-4.4	3.5	0	2.22	63.33	
8	2018.03.07	-1.5	-4.6	0.3	2.6	2.48	86.96	
8	2018.03.08	0.75	-0.4	2	0.7	1.67	95	
8	2018.03.09	2.69	0.4	7.4	1	2.76	89.29	
8	2018.03.10	1.12	0.1	2.8	0	1.02	91.62	
8	2018.03.11	1.84	0.7	2.4	3.6	2.68	94.17	
8	2018.03.12	4.75	2	7.9	0.3	3.75	92.08	
8	2018.03.13	7.09	5.2	8.6	0.2	4.76	90.38	
8	2018.03.14	3.16	-1.5	6.8	0.4	2.91	90.71	
8	2018.03.15	-2.29	-4	-1.1	0	3.93	68.71	
8	2018.03.16	-4.86	-7.4	-3.1	0	5.1	57.92	
8	2018.03.17	-6.61	-9.2	-3.8	0	5.59	50.79	
8	2018.03.18	-5.15	-11	-0.4	0	1.7	60.25	
8	2018.03.19	-2.24	-10.1	4.8	0	1.12	59.5	
8	2018.03.20	-0.9	-7.1	4.4	0	2.38	59.38	
8	2018.03.21	-2.35	-4	0.1	0.3	4.08	69.25	
8	2018.03.22	-0.68	-4.2	1.9	0	4.4	81.17	
8	2018.03.23	0.16	-3.2	2.4	0.2	0.61	86.88	
8	2018.03.24	0.07	-7.3	7.3	0	0.76	67.25	
8	2018.03.25	2.52	-3.2	9.1	0	2.71	63.42	
8	2018.03.26	3.99	0	9.7	0	2.72	71.08	
8	2018.03.27	-0.33	-2.8	2.8	0	3.32	60.71	
8	2018.03.28	-1.36	-4.4	2.5	0	2.17	42.04	
8	2018.03.29	-0.93	-4.7	2.7	3.2	3.92	65.46	
8	2018.03.30	2.64	-0.9	7.8	0.2	3.3	78.5	
8	2018.03.31	3.53	-4.1	9.1	0	2.54	74.38	
8	2018.04.01	4.38	3.5	5.7	24.7	3.14	93.62	
8	2018.04.02	1.35	-1	3.4	5.9	5.49	88	
8	2018.04.03	4.21	-2.5	9.2	1.2	2.91	75.58	
8	2018.04.04	12.33	2.3	20.2	0	2.48	64.04	
8	2018.04.05	13.5	7.6	18.6	0	3.16	65.88	
8	2018.04.06	6.79	0.7	10.5	0	4.75	57.54	
8	2018.04.07	6.67	-1.5	13.5	0	1.6	53.08	
8	2018.04.08	13.35	4.5	21.2	0	3.85	49.79	
8	2018.04.09	16.05	9.6	23.8	0.3	3.7	52.21	
8	2018.04.10	12.04	6.2	19.9	0	3.32	71.83	
8	2018.04.11	7.86	3.5	12.7	0	4.42	65.62	
8	2018.04.12	10.58	5.9	15.5	0	3.73	59.96	
8	2018.04.13	12.66	5.6	18.9	0	3.81	57.25	
8	2018.04.14	13.73	9.2	20.5	1.5	2.52	61.33	
8	2018.04.15	13.98	5.7	19.3	0	1.4	67.17	
8	2018.04.16	15.48	11.3	20.5	0.2	0.86	68.33	
8	2018.04.17	11.98	7.4	14.9	1.2	2.93	83.38	
8	2018.04.18	11.3	7.9	15.2	0	5.13	70.96	
8	2018.04.19	12.07	6.9	17.6	0	4.73	63.42	
8	2018.04.20	12.38	4.1	19.9	0	2.58	61.08	
8	2018.04.21	13.12	6.1	18.1	0	6.27	55.67	
8	2018.04.22	10.72	2.7	17	0	3.12	55.88	
8	2018.04.23	11.4	0.9	18.5	1.4	1.85	57.21	
8	2018.04.24	12.17	9.3	15	0	3.65	67.04	
8	2018.04.25	10.37	7.7	11.9	6.8	4.16	81.21	
8	2018.04.26	8.47	5.2	13	1.8	4.02	76.25	
8	2018.04.27	8.08	2.9	13.4	0	2.89	73.42	
8	2018.04.28	11.1	2.8	17.6	0	1.94	65.54	
8	2018.04.29	16.29	7.3	24.6	0.2	1.34	64.29	
8	2018.04.30	19.45	10	26.2	0	2.46	65.25	
8	2018.05.01	17.46	11.3	22.5	0	1.68	62.12	
8	2018.05.02	13.46	9.2	18.7	0	1.77	59.25	
8	2018.05.03	19.24	9.6	27.6	0	3.07	55.83	
8	2018.05.04	13.49	8.1	18.5	0	3.68	65.38	
8	2018.05.05	11.36	5.3	17.1	0	2.92	58.21	
8	2018.05.06	12.48	5.1	19	0	2.13	60.12	
8	2018.05.07	14.64	4.5	21.8	0	1.92	56.54	
8	2018.05.08	16.92	7.2	23.8	0	2.48	54.67	
8	2018.05.09	18.44	9.3	24.9	0	2.82	54.12	
8	2018.05.10	20.65	13.1	27.4	0	2.11	51.29	
8	2018.05.11	17.9	9.7	23.6	0	2.14	42.96	
8	2018.05.12	16.09	5.8	23.6	0	1.65	49	
8	2018.05.13	17.77	6.5	26.2	0	2.73	47.38	
8	2018.05.14	16.06	7	21.5	0	2.4	51.33	
8	2018.05.15	13.55	9.1	18.1	0.8	1.05	77.04	
8	2018.05.16	16.24	6.7	23.2	2.5	2.36	72	
8	2018.05.17	15.57	9.6	18.1	0.2	2.58	78.08	
8	2018.05.18	14.78	8.5	20.2	8	2.74	81.04	
8	2018.05.19	13.87	7.9	18.3	0	3.45	63.17	
8	2018.05.20	13.2	6.8	18.7	0	2.51	55.54	
8	2018.05.21	15.4	5.5	21	0	2.57	51.42	
8	2018.05.22	16.73	11.5	21.1	0	1.97	61.42	
8	2018.05.23	15.69	8.6	20.9	0	1.71	67.62	
8	2018.05.24	17.32	8.8	23.8	0	2.68	62.5	
8	2018.05.25	19.03	11.8	24.6	0.8	2.29	65.17	
8	2018.05.26	21.59	16.2	27.3	0	2.29	52.38	
8	2018.05.27	20.22	11.2	27.4	0	1.08	52.62	
8	2018.05.28	20.99	10.7	28.3	0	1.44	52.71	
8	2018.05.29	21.92	11.5	29.5	0	1.31	49.62	
8	2018.05.30	23.06	11.7	30.8	0	1.03	49.29	
8	2018.05.31	20.43	13.9	25.6	0	2.69	48.62	
8	2018.06.01	20.15	11.9	26	0	2.2	40.46	
8	2018.06.02	19	15.7	23.8	11.4	2.12	68.54	
8	2018.06.03	20.61	14.3	26.7	0	1.81	60.21	
8	2018.06.04	20.81	12.6	27.9	0	3.85	60.21	
8	2018.06.05	13.27	5.6	17.2	0	3.71	44.5	
8	2018.06.06	10.66	3.3	15.9	0	2.38	48.54	
8	2018.06.07	14.25	4.8	21.4	0	1.38	56.17	
8	2018.06.08	18.98	8.3	26.5	0	1.89	48.67	
8	2018.06.09	18.86	11.2	25.5	0	2.08	53.12	
8	2018.06.10	21.19	8.6	28.1	0	1.79	43.21	
8	2018.06.11	19.59	14.4	24.8	3.5	1.84	64.5	
8	2018.06.12	15.8	10.4	21.1	0	2.88	71.71	
8	2018.06.13	16.55	11.3	20.3	0	0.93	74.83	
8	2018.06.14	17.05	13	21.9	0.4	2.19	72.12	
8	2018.06.15	18.53	12	23.2	0	2.16	65.58	
8	2018.06.16	19.67	10.6	26.4	0	1.76	59.58	
8	2018.06.17	20.86	11.2	28	0	0.91	53.46	
8	2018.06.18	19.69	14	28.1	18.3	1.7	65.62	
8	2018.06.19	19.09	13.2	25	0	2.59	63.67	
8	2018.06.20	18.73	12.2	24.9	0	2.76	59.29	
8	2018.06.21	21.31	12.7	29.2	3.3	4.62	56.96	
8	2018.06.22	14.12	9.5	18.7	0	4.06	62.58	
8	2018.06.23	14.15	8.5	19.6	7.8	1.12	65.83	
8	2018.06.24	12.85	9.5	16.5	0.2	1.98	75.08	
8	2018.06.25	12.35	10.3	15.2	6.1	1.73	84.21	
8	2018.06.26	15.53	11.8	20	0	1.46	73.79	
8	2018.06.27	20.16	11	25.6	0	3.07	58.67	
8	2018.06.28	22.3	14.7	28.2	0	2.65	53.38	
8	2018.06.29	19.59	11.5	27.3	0	3.06	63.38	
8	2018.06.30	14.46	11.2	18.4	0.1	4.83	59.29	
8	2018.07.01	11.72	9.9	13.4	2.4	4.5	70.96	
8	2018.07.02	11.25	9.9	13.3	18.2	3.27	92.75	
8	2018.07.03	13.42	11	16.5	5.4	2.84	89.5	
8	2018.07.04	17.3	12.9	23.2	0	3	70.54	
8	2018.07.05	20	13.9	26.4	0	2.48	61.79	
8	2018.07.06	18.46	14.1	24.1	0	2.75	69.54	
8	2018.07.07	18.84	13.7	24.2	0	2.97	67.25	
8	2018.07.08	18.74	13.5	24.3	0	3.62	62.58	
8	2018.07.09	19.18	13.9	24.1	0	2.27	59.17	
8	2018.07.10	19.45	13.2	24	0	1.49	68.29	
8	2018.07.11	20.45	12.1	26.4	0	1.56	67.83	
8	2018.07.12	19.47	14.6	23.6	3.5	1.77	83.38	
8	2018.07.13	19.07	17	22.4	1.9	1.12	80.04	
8	2018.07.14	19	16	22.4	11.6	2.4	85	
8	2018.07.15	19.47	16.5	24.3	10.7	2.62	84.46	
8	2018.07.16	19.64	17.4	23.8	15.4	1.88	89.42	
8	2018.07.17	20.95	18	25.6	7.9	1.94	89.96	
8	2018.07.18	24.02	19.2	28.6	0	2.65	71.96	
8	2018.07.19	21.83	17.9	26.1	2.8	2.79	75.46	
8	2018.07.20	21.64	17.8	26.2	0.8	2.26	75.67	
8	2018.07.21	21.59	17.4	26.3	4.9	2	74.46	
8	2018.07.22	21.86	14.1	27.6	0	2.22	69.58	
8	2018.07.23	21.94	17.2	27.7	0	2.57	71.29	
8	2018.07.24	21.11	16.7	24.4	0	2.36	78.58	
8	2018.07.25	22.01	16.7	26.4	0	1.82	72.33	
8	2018.07.26	21.86	16.4	26.6	0	1.83	77.29	
8	2018.07.27	22.18	17	26.1	0	2.67	78.08	
8	2018.07.28	22.95	18.8	29.3	3.1	1.97	81.25	
8	2018.07.29	22.78	20	28.8	0.9	1.61	86.12	
8	2018.07.30	24.62	18.7	30.6	0	1.43	70.92	
8	2018.07.31	25.52	20.8	30.5	0	1.6	66.17	
8	2018.08.01	23.57	16.8	29.9	0	0.67	65.79	
8	2018.08.02	23.93	14.9	31.3	0	0.72	63.46	
8	2018.08.03	24.82	17.7	30.9	0	1.8	65.62	
8	2018.08.04	23.03	15.5	29	0	1.4	66.75	
8	2018.08.05	21.85	16.1	26.3	0	3.25	67.79	
8	2018.08.06	19.29	13.8	24.8	0	3.89	66.17	
8	2018.08.07	19.9	13.1	26.5	2.8	2.08	70.96	
8	2018.08.08	22.8	13.4	29.3	0	1.35	60.42	
8	2018.08.09	24.24	14.7	30.8	0	3.05	53.29	
8	2018.08.10	23.76	18	30.2	13.4	4.31	59.67	
8	2018.08.11	16.79	15.4	18.2	15.4	1.54	94	
8	2018.08.12	16.57	12.3	21	0	4.53	71.5	
8	2018.08.13	17.16	12.7	22.3	0	2.06	68.46	
8	2018.08.14	19.28	12.8	28.7	32.5	2.1	79.71	
8	2018.08.15	18.77	15.6	23.4	2.2	2.99	83.92	
8	2018.08.16	17.97	13.2	23.2	0	0.92	79.29	
8	2018.08.17	19.41	11.6	25.7	0	0.56	73.12	
8	2018.08.18	20.61	13.2	27	0	0.85	72.62	
8	2018.08.19	19.36	13.4	25.3	0	1.18	70.54	
8	2018.08.20	21.44	14.5	28.2	0	3	68.79	
8	2018.08.21	17.35	12	21.6	0	3.47	69.75	
8	2018.08.22	14.87	8.2	21.6	0	0.75	66.92	
8	2018.08.23	18.67	8.2	25.8	0	2.14	60.5	
8	2018.08.24	21.85	17.4	29.2	12.7	3.76	66.04	
8	2018.08.25	15.35	11.7	17.8	18.8	1.35	94.46	
8	2018.08.26	12.65	9.5	15.9	8.7	0.81	93	
8	2018.08.27	13.74	7.6	19.3	0.2	0.52	79.96	
8	2018.08.28	15.1	9	21.2	1.7	1.27	80.08	
8	2018.08.29	14.86	9.8	20.1	0	0.86	83.08	
8	2018.08.30	16.33	9.9	22.4	0	0.65	75.04	
8	2018.08.31	16.01	11.5	21.2	0	1.39	82.38	
8	2018.09.01	16.55	10	23.3	0	0.57	80.5	
8	2018.09.02	16.5	11.4	22.1	0	1.6	81.29	
8	2018.09.03	16.96	10.5	23	0	1.59	79.04	
8	2018.09.04	17.71	13.4	23.1	15.8	1.56	83.42	
8	2018.09.05	16.48	12.3	20	0	0.85	88.71	
8	2018.09.06	18.09	12.8	24.9	0	1.18	76.92	
8	2018.09.07	15.36	11.2	18.5	0	0.39	83.38	
8	2018.09.08	16.16	11.4	21.2	0	0.94	77.67	
8	2018.09.09	16.1	12.2	21.8	0	1.35	81.33	
8	2018.09.10	15.95	10.7	22.5	0	1.47	79.75	
8	2018.09.11	17.15	9.1	22.8	0	2.14	71.17	
8	2018.09.12	19.29	14.7	24.9	0	3.98	69.38	
8	2018.09.13	14.61	11.8	17.1	0	0.92	78.79	
8	2018.09.14	13.84	8	18.1	0	0.51	77.21	
8	2018.09.15	12.88	7.1	18.2	0.5	1.62	84.25	
8	2018.09.16	12.85	8	18.7	0	2.43	75.71	
8	2018.09.17	14.6	8.4	20.9	0	3.29	72.88	
8	2018.09.18	16.53	10.8	24.4	0	1.57	71.96	
8	2018.09.19	18.25	11.4	26.2	0	2.31	76.25	
8	2018.09.20	18.89	10.5	27	0	1.71	72.71	
8	2018.09.21	20.55	15	26.1	0	3.65	60.46	
8	2018.09.22	13.01	7.5	18.7	1.5	4.16	71.62	
8	2018.09.23	11.02	7.1	16.1	0	3.98	72.33	
8	2018.09.24	8.95	5.7	12	17.7	3.43	82.79	
8	2018.09.25	7.05	2.5	11	0	4.16	71.21	
8	2018.09.26	7.24	2.5	11.1	3.6	6.79	78.08	
8	2018.09.27	13.54	9.1	17.3	0	5.19	74	
8	2018.09.28	11.5	5.6	15.7	0.7	4.55	78.58	
8	2018.09.29	6.83	3.6	13.2	0	2.46	73.83	
8	2018.09.30	8.25	3	13.5	0	4.21	64.46	
8	2018.10.01	8.49	3.1	15.4	0	1.41	70.17	
8	2018.10.02	8.67	4.1	13.5	0.3	3.7	74.92	
8	2018.10.03	7.52	5.7	9.7	15.9	6.4	85.71	
8	2018.10.04	6.62	3.3	11.6	0	3.57	78.33	
8	2018.10.05	10.27	4.2	14.5	0	4.37	83.92	
8	2018.10.06	11.5	5.5	17.6	0	3.35	72.75	
8	2018.10.07	11.45	7	17.9	0.8	3.5	82.62	
8	2018.10.08	7.17	4.7	11.2	0	1.22	79.42	
8	2018.10.09	8.75	4.6	14.6	0	2.68	78.46	
8	2018.10.10	10.6	4.7	18.5	0	1.95	81.25	
8	2018.10.11	10.9	3.1	19.1	0	0.77	81.62	
8	2018.10.12	12.84	8.5	18.9	0	2.24	78.92	
8	2018.10.13	11.63	5.9	19.3	0	1.12	83.21	
8	2018.10.14	11.55	4.1	18.8	0	1.71	70.42	
8	2018.10.15	11.11	5.8	17.7	0	1.6	64.04	
8	2018.10.16	9.95	3.4	18.8	0	0.84	75.46	
8	2018.10.17	9.38	2.6	19.6	0	0.8	79.5	
8	2018.10.18	9.76	3	19.3	0	0.68	80.5	
8	2018.10.19	8.75	4.9	11.7	0	1	93	
8	2018.10.20	7.15	4.8	10.8	0	0.54	83.29	
8	2018.10.21	6.23	1.6	11.9	0	0.74	88.33	
8	2018.10.22	6.2	2.1	11	2.2	4.1	86.21	
8	2018.10.23	4.65	3	7.1	10.8	5.4	92.62	
8	2018.10.24	5.05	3.4	6.8	7.2	6.95	86.62	
8	2018.10.25	3.67	1.9	5.3	2	3.35	90.88	
8	2018.10.26	5.4	1.9	8.7	1	2.58	82.88	
8	2018.10.27	6.96	4.1	10	0	5.08	78.25	
8	2018.10.28	3.68	2.1	5.6	0	3.51	77.79	
8	2018.10.29	2.8	0.5	5.6	13.1	4.34	93.33	
8	2018.10.30	10.86	6	14	0	5.21	91.33	
8	2018.10.31	12.48	7	16.7	0	2.81	83.58	
8	2018.11.01	10.8	6.9	12.6	0	3.29	91.25	
8	2018.11.02	12.47	10.2	15	0	2.8	86.83	
8	2018.11.03	7.81	3	10.1	2.8	0.87	95.12	
8	2018.11.04	5.03	1.9	6.7	0	1.81	94.38	
8	2018.11.05	8.67	7	10.5	0	2.84	94.42	
8	2018.11.06	8.61	7.9	9.2	0	3.84	93.29	
8	2018.11.07	7.61	4.5	9.2	0	3.2	93.96	
8	2018.11.08	5.05	3.5	5.8	0	1.78	96.96	
8	2018.11.09	4.45	2.6	6.4	0.2	1.05	97	
8	2018.11.10	5.86	3.8	7.7	0	2.86	93.46	
8	2018.11.11	3.6	3	4.5	0	4.41	95.08	
8	2018.11.12	3.59	2.9	4.3	0	4.96	94.75	
8	2018.11.13	6.41	4.6	7.8	6.9	4.85	92.21	
8	2018.11.14	7.73	6.6	8.5	1.1	2.6	94.46	
8	2018.11.15	6.75	3.6	8.3	0	2.17	88.5	
8	2018.11.16	1.77	-1.1	3.1	0	1.74	83.62	
8	2018.11.17	-1.99	-5.2	0.9	0	0.89	94.92	
8	2018.11.18	3.31	0	4.8	4.9	3.68	94.17	
8	2018.11.19	3.14	2.4	3.7	0.7	4.32	86.42	
8	2018.11.20	1.07	-1.4	2.5	0	3.13	81.75	
8	2018.11.21	-1.16	-2.5	-0.4	0	2.21	78.54	
8	2018.11.22	-4.04	-4.8	-2.7	0	1.19	84.67	
8	2018.11.23	-3.85	-4.6	-3.1	0	2.12	86.62	
8	2018.11.24	-1.68	-3.5	-0.3	0.2	2.2	93.83	
8	2018.11.25	0	-0.3	0.7	0	0.8	95.88	
8	2018.11.26	-2.22	-3.1	-0.4	0	1.38	87.75	
8	2018.11.27	-1.62	-4.6	0.3	0	1.33	90.04	
8	2018.11.28	-4.12	-5.7	-2.7	0	2.24	88.46	
8	2018.11.29	-5.62	-6.6	-4.1	0	5.14	70.08	
8	2018.11.30	-6.02	-9.6	-2.2	0	4.82	57.08	
8	2018.12.01	-9.2	-12.7	-6.1	0	1.06	76.62	
8	2018.12.02	-4.6	-10.8	-1	0	2.77	90.42	
8	2018.12.03	0.73	-2.5	3.7	4.3	4.32	94.25	
8	2018.12.04	4.03	1.5	5.5	2.1	3.68	96.08	
8	2018.12.05	0.5	-2.6	3.2	0	3.83	86.38	
8	2018.12.06	-2.64	-4.2	-1.8	0	2.64	93.88	
8	2018.12.07	-0.58	-2.2	1	7.6	3.91	93.58	
8	2018.12.08	2.48	0.9	4.4	12.7	3.51	95.17	
8	2018.12.09	1.98	1.1	3	1.2	4.11	93.38	
8	2018.12.10	2.63	0	4.3	1.8	2.81	94.92	
8	2018.12.11	0.14	-0.9	1.2	0	0.78	92.38	
8	2018.12.12	-0.15	-0.8	0.4	0.7	2.94	95.04	
8	2018.12.13	-0.87	-1.3	-0.1	0	3.49	89.12	
8	2018.12.14	-0.45	-0.9	0	0.4	2.61	90.88	
8	2018.12.15	-0.71	-1.3	-0.2	0	2.2	87	
8	2018.12.16	-1.88	-2.5	-1.1	9.5	4.06	88.08	
8	2018.12.17	-2.55	-2.8	-2.3	2.2	2	89	
8	2018.12.18	-2.34	-2.9	-1.5	0	0.5	92.54	
8	2018.12.19	-3.02	-4.4	-2.2	0	3	85.92	
8	2018.12.20	-5.9	-7.1	-4.6	1.4	3.8	88.12	
8	2018.12.21	-3.39	-5.9	0.3	5	2.35	91.42	
8	2018.12.22	0.34	-0.2	0.7	4.5	2.75	95.92	
8	2018.12.23	-0.81	-1.3	-0.2	0.7	3.07	89.62	
8	2018.12.24	-2.62	-3.5	-1.1	2.6	3.2	91.42	
8	2018.12.25	-1.5	-2.7	1.1	0.2	3.23	90.08	
8	2018.12.26	2.38	1.3	3	0.9	5.28	89.42	
8	2018.12.27	2.05	1.4	3.8	3.4	2.98	94.42	
8	2018.12.28	2.35	1.1	4.2	2.2	2.95	95.42	
8	2018.12.29	1.85	1.2	2.6	0.2	2.83	94.92	
8	2018.12.30	3.39	1.9	4.6	1.6	2.13	96.71	
8	2018.12.31	0.12	-0.8	3.1	4.7	3.1	94.75	
8	2019.01.01	2.07	-0.2	4.2	7	6.22	91.96	
8	2019.01.02	-0.1	-3.2	2.5	4.7	5.79	88.08	
8	2019.01.03	-4.1	-4.4	-3.8	1.6	5.27	79.25	
8	2019.01.04	-3.91	-8.2	-0.9	4.8	3.91	85.04	
8	2019.01.05	-2.07	-5.7	0.4	4.5	4.8	87.79	
8	2019.01.06	-6.67	-7.8	-5.8	0	3	85.96	
8	2019.01.07	-6.96	-9	-4.1	0.4	3.75	88.88	
8	2019.01.08	-5.11	-6.4	-3.8	0.4	4.83	85.54	
8	2019.01.09	-6.45	-9.3	-4.8	0.6	2.69	80.58	
8	2019.01.10	-13.93	-19.4	-9.4	0	0.32	81.29	
8	2019.01.11	-12.16	-17.8	-4.6	0	4.02	84.08	
8	2019.01.12	-0.98	-4.5	0.7	0	3.31	89.25	
8	2019.01.13	0.59	-1.4	1.3	0	4.38	95.29	
8	2019.01.14	-0.54	-3.4	1.6	0	5.62	88.67	
8	2019.01.15	-2.4	-4	-1	0	4.6	84.83	
8	2019.01.16	-1.03	-2.8	1.7	0	3.2	89.58	
8	2019.01.17	2	1.3	2.5	0	5.81	89.62	
8	2019.01.18	-1.21	-5	1.8	6.9	3.81	89.83	
8	2019.01.19	-2.82	-5.2	-1.3	0	4.82	88.04	
8	2019.01.20	-2.66	-7.4	-0.8	0.4	4.3	85.79	
8	2019.01.21	-4.1	-6.4	-2	0.5	4.07	90.46	
8	2019.01.22	-4.8	-9.5	-2.3	0.1	1.91	87.46	
8	2019.01.23	-9.46	-13.9	-4.1	0	0.78	82.79	
8	2019.01.24	-13.35	-18.4	-6.9	0	0.02	80.83	
8	2019.01.25	-8.25	-13.2	-6.3	1.4	2.83	85	
8	2019.01.26	-8.15	-10.9	-5.7	0	1.7	88.38	
8	2019.01.27	-10.06	-16.1	-6.5	0	2.23	85.58	
8	2019.01.28	-5.73	-6.4	-4.6	0	3.95	84.04	
8	2019.01.29	-1.75	-5.8	0.7	0	3.55	89.96	
8	2019.01.30	-0.72	-3	2.2	0	1.38	86.04	
8	2019.01.31	-1.3	-2.3	0.2	1.4	2.28	92.04	
8	2019.02.01	0.58	0.1	1.2	0.7	2.76	91.83	
8	2019.02.02	2	0.4	3.4	0.6	3.92	87.96	
8	2019.02.03	2.26	0.9	3.5	0	1.94	91.25	
8	2019.02.04	-0.44	-1.5	0.9	9.5	3.04	89.92	
8	2019.02.05	-1.43	-2.1	-1	0	5.21	81.08	
8	2019.02.06	0.57	-1.1	1.9	0.2	3.89	90.83	
8	2019.02.07	1.42	0	4.1	0	4.75	72	
8	2019.02.08	0.63	-0.6	1.9	0	4.16	84.71	
8	2019.02.09	1.82	-0.4	4	0	4.7	81.92	
8	2019.02.10	3.42	1.5	6.6	0	4.36	78.25	
8	2019.02.11	2.66	1.2	3.7	2.4	4.67	87.79	
8	2019.02.12	0.71	-0.1	2.1	0	5.54	77.58	
8	2019.02.13	0.91	-1.8	3.8	0.6	5.41	86.67	
8	2019.02.14	2.75	0	5.7	0	2.86	87.5	
8	2019.02.15	3.19	2.3	3.7	0	2.74	94.5	
8	2019.02.16	2.82	1.5	6.1	0	4.57	88	
8	2019.02.17	4.12	0.5	5.6	1.2	2.53	90.67	
8	2019.02.18	3.07	0.7	4.9	0.2	1.57	95.46	
8	2019.02.19	3.87	0.4	9.4	0.4	4.38	84	
8	2019.02.20	2.94	-0.7	5.1	0.5	5.89	78.79	
8	2019.02.21	-1.38	-3.2	0.8	0	3.61	58.88	
8	2019.02.22	-4.59	-7.7	-1.8	0	4.92	49.38	
8	2019.02.23	-3.26	-8	-0.6	0	3.07	56.42	
8	2019.02.24	1.5	-1.3	4.9	0	3.21	67.17	
8	2019.02.25	2.44	-0.1	6.4	0	3.68	83.79	
8	2019.02.26	3.7	1.2	6.2	0	4.13	77	
8	2019.02.27	3.85	0.9	9.7	0	3.02	77.38	
8	2019.02.28	3.87	1	8.1	0	5.63	74.04	
8	2019.03.01	-1.65	-5.3	0.6	0	4.97	60.79	
8	2019.03.02	-3.35	-6.4	0.2	0	2.56	55.25	
8	2019.03.03	1.45	-3.6	5.1	0.6	4.69	80.38	
8	2019.03.04	6.7	2.1	9.3	5	4.03	91.67	
8	2019.03.05	4.63	0.6	7.4	1.8	6.7	77.58	
8	2019.03.06	1.09	-1.4	4.3	0	2.5	67.21	
8	2019.03.07	5.75	1.2	8.6	0	5.08	65.29	
8	2019.03.08	7.3	3.6	11.2	0.8	6.98	68	
8	2019.03.09	4.2	1.3	7.7	2.2	5.68	72.29	
8	2019.03.10	2.44	-0.1	4.3	1.1	4.09	88.58	
8	2019.03.11	0.42	-1.6	3.2	0.3	4.69	75.83	
8	2019.03.12	-1	-3.6	2.5	0	3.74	73.79	
8	2019.03.13	1.34	-2.4	5.1	0.1	4.27	78.42	
8	2019.03.14	3.17	1.2	6.9	0.3	4.13	84.88	
8	2019.03.15	3.12	1	4.5	0.5	3.85	91.25	
8	2019.03.16	3.32	2.6	4.7	7.1	4.75	88.96	
8	2019.03.17	4.49	0.2	7.2	0.1	3.5	92	
8	2019.03.18	5.73	3.7	9	2.5	4.4	71.25	
8	2019.03.19	2.78	-0.8	6.3	0.4	4.44	77.12	
8	2019.03.20	4.17	0	8	0	3.94	63.71	
8	2019.03.21	7.66	4.8	10.6	0.4	4.25	79	
8	2019.03.22	6.44	-0.3	9	0.3	4.17	65.38	
8	2019.03.23	6.14	-3.2	12.8	0	3.53	57.83	
8	2019.03.24	4.65	1.3	8.8	0	3.53	64.71	
8	2019.03.25	3.21	-0.5	8.4	0.1	2.78	74.17	
8	2019.03.26	0.54	-1.7	3.5	5.9	4.61	82.5	
8	2019.03.27	1.28	-3.7	4.9	1.3	2.28	77.42	
8	2019.03.28	2.48	0	5.4	0.1	1.71	85.88	
8	2019.03.29	7.42	0	13.9	0	5.33	74.83	
8	2019.03.30	9.38	5	15.1	0	3.9	67.54	
8	2019.03.31	6.79	1.7	13.7	0	4.95	70.29	
8	2019.04.01	3.04	-3.8	8.6	0	2.32	58.21	
8	2019.04.02	4.68	-6	11.2	0	2.78	46.04	
8	2019.04.03	7.19	1.5	12.6	0	4.5	32.21	
8	2019.04.04	8.17	1.5	13.7	0	4.31	30.25	
8	2019.04.05	9.03	2.5	15.5	0	3.55	31.83	
8	2019.04.06	9.9	3.4	15.5	0	3.38	33.04	
8	2019.04.07	9.22	2.7	15.8	0	2.42	50.12	
8	2019.04.08	7.36	0.3	14.8	0	2.38	67.79	
8	2019.04.09	2.24	-0.8	7.3	0	3.36	66.79	
8	2019.04.10	2.77	0.7	4.8	0	2.06	62.71	
8	2019.04.11	2.51	-1.7	5.1	0	2.72	68.58	
8	2019.04.12	1.37	-2.2	5.6	0	3.95	57.33	
8	2019.04.13	2.74	-4.2	9.1	0	3.23	52.62	
8	2019.04.14	3.68	-3.5	9.3	0	2.9	48.75	
8	2019.04.15	3.3	-3	9.3	0	2.46	48.08	
8	2019.04.16	5.52	-5.2	15.6	0	2.5	51.5	
8	2019.04.17	10.07	0.1	18	0	2.17	43.92	
8	2019.04.18	10.88	-0.6	18.9	0	2.07	44.33	
8	2019.04.19	10.9	1.7	18.7	0	1.43	44.88	
8	2019.04.20	10.8	1.9	17.1	0	2.53	51.25	
8	2019.04.21	8.45	6	11.5	6.1	2.65	69.5	
8	2019.04.22	10.8	3.2	17.9	0	2.05	57.62	
8	2019.04.23	12.6	1.4	19.4	0	2.8	36.92	
8	2019.04.24	15.16	8.4	20.4	0	4.99	29.33	
8	2019.04.25	17.07	10	22.7	0	3.15	43.83	
8	2019.04.26	19.08	10.4	25.3	0	2.21	49.38	
8	2019.04.27	18.17	9.9	26.7	15.1	2.1	62.12	
8	2019.04.28	14.26	9.8	20.8	0	2.38	76.33	
8	2019.04.29	13.4	6.1	18.3	0	3.4	43.54	
8	2019.04.30	11.19	2.2	18.3	0	1.21	48.54	
8	2019.05.01	11.72	3.9	18.4	0	0.85	49.83	
8	2019.05.02	8.36	5.3	9.9	1.9	4.97	79.42	
8	2019.05.03	5.88	0.1	9.8	4.1	3.08	72.71	
8	2019.05.04	7.18	-0.3	11.6	0	2.87	65.67	
8	2019.05.05	5.22	1.6	9.7	0	2.88	70.88	
8	2019.05.06	7.78	0	12.6	0	2.98	51.5	
8	2019.05.07	7.47	-0.2	11.5	0	3.5	54.62	
8	2019.05.08	7.12	-2.5	13.8	0	0.76	52.17	
8	2019.05.09	10.49	-0.2	17.4	0	2.66	51.33	
8	2019.05.10	11.94	3.3	17.7	0	1.54	65.21	
8	2019.05.11	11.95	6.5	16.4	2.8	0.9	81.67	
8	2019.05.12	12.25	6.6	18.1	0	1.57	66.25	
8	2019.05.13	8.13	6.7	9.3	3.8	3.47	85.5	
8	2019.05.14	7.72	5.6	9.7	0.9	4.1	86.29	
8	2019.05.15	12.4	8.1	16.2	3.2	3.74	80.5	
8	2019.05.16	13.56	12.7	14.7	1.7	4.24	87.42	
8	2019.05.17	14.99	11.8	19.8	2	3.17	86.04	
8	2019.05.18	18.37	14	23.5	0.4	2.12	78.38	
8	2019.05.19	20.3	14.5	25.6	0	3.18	52.33	
8	2019.05.20	20.24	15.4	25.3	25.6	3.84	68.08	
8	2019.05.21	19.94	15.4	25.2	0.6	3.57	66.21	
8	2019.05.22	17.81	12.9	23.2	0	1.61	68.62	
8	2019.05.23	18.21	11	24	0	2.44	71.38	
8	2019.05.24	14.42	11.6	18.1	0	1.88	81.08	
8	2019.05.25	14.14	7.5	21.3	0	3	69.25	
8	2019.05.26	13.43	8.9	15.9	0	3.88	67.12	
8	2019.05.27	17.55	10.4	24.2	0	4.01	61.46	
8	2019.05.28	17	9.7	23.3	10.4	2.6	83.92	
8	2019.05.29	11.75	6.6	15.7	0.4	3.73	83.25	
8	2019.05.30	11.78	5.1	18.2	0	1.82	62.5	
8	2019.05.31	15.7	4.4	22.1	0.1	1.97	65.38	
8	2019.06.01	16.29	12.3	21.4	0	1.29	72.08	
8	2019.06.02	17	8.1	22.7	0	2.66	67.46	
8	2019.06.03	17.13	5.6	25.1	0	0.63	59.33	
8	2019.06.04	21.39	11.2	28	0	1.57	52.42	
8	2019.06.05	22.74	13.4	29.9	0.4	1.63	60.25	
8	2019.06.06	21.71	18	26.8	0.7	2.25	72.62	
8	2019.06.07	22.26	17.2	28.5	0	2.36	68.25	
8	2019.06.08	22.62	17.1	27.7	0	2.85	68.67	
8	2019.06.09	18.23	10.3	23.4	0	2.48	58.71	
8	2019.06.10	20.62	8.2	27.6	0	2	53.46	
8	2019.06.11	26.02	18.4	32.1	0	2.39	55.29	
8	2019.06.12	26.85	17.6	32.5	0	1.93	51.38	
8	2019.06.13	25.41	18.4	32.6	4.3	3.29	58.04	
8	2019.06.14	21.77	16.7	26.7	0.9	2.19	74.17	
8	2019.06.15	21.8	14.9	27	0	2.45	59.92	
8	2019.06.16	20.22	16	25.4	7.1	2.4	71.83	
8	2019.06.17	18.18	14.4	22.8	0	3.18	76.96	
8	2019.06.18	18.87	11.4	24.9	0	0.95	65.58	
8	2019.06.19	22.33	11.3	28.8	0	1.65	52.67	
8	2019.06.20	21.86	18.1	28.3	16	2.37	71.67	
8	2019.06.21	21.02	17.7	25.5	0.4	1.09	79.79	
8	2019.06.22	18.4	11.8	22.6	0	3.57	60.42	
8	2019.06.23	18.27	9.9	24.6	0	1.96	55.71	
8	2019.06.24	20.06	11.3	26	0	1.87	48.96	
8	2019.06.25	22.15	12.3	28.6	0	1.04	50.62	
8	2019.06.26	25.16	15.8	33	3	2.92	60.58	
8	2019.06.27	18.87	12.3	21.7	0.1	6.01	70.38	
8	2019.06.28	15.86	11.4	20.7	0	5.5	54.33	
8	2019.06.29	16.73	8.8	22.5	0	2.9	57.29	
8	2019.06.30	22.89	12.9	30.7	0	2.26	56.88	
8	2019.07.01	20.05	13.7	26.2	0.6	3.13	62.67	
8	2019.07.02	16.56	12.1	21.6	1.7	4.06	67.92	
8	2019.07.03	13.26	8	17	1.6	3.93	67	
8	2019.07.04	13.56	9.1	17	0.3	3.9	66.12	
8	2019.07.05	14.32	10.1	19.1	7	5.34	64.96	
8	2019.07.06	15.54	9.1	19.6	2	4.03	62.71	
8	2019.07.07	14.81	11.5	18.3	1.5	3.89	77	
8	2019.07.08	14.46	10.3	20.5	4.3	4.05	77.71	
8	2019.07.09	14.05	11.7	19.4	36	2.26	87.04	
8	2019.07.10	13.87	12.4	16.9	4.8	3.45	88.46	
8	2019.07.11	15.28	12.3	19.1	0	2.42	75.5	
8	2019.07.12	15.96	11.6	20.4	0.9	2.1	71.08	
8	2019.07.13	15.52	8.5	20.1	0.1	1.02	71.92	
8	2019.07.14	16.12	11.1	20.9	0	2.13	64.71	
8	2019.07.15	16.91	10.2	22.7	0	1.57	60.04	
8	2019.07.16	14.3	10.4	19.6	7.2	2.01	82.75	
8	2019.07.17	14.26	9.3	18.1	0.3	1.83	79.25	
8	2019.07.18	16.39	12.6	22.1	0	3.09	78.5	
8	2019.07.19	17.45	10.9	23.8	0	1.38	70.17	
8	2019.07.20	20.45	10.1	28.2	0	1.2	63.33	
8	2019.07.21	21.24	13.5	28.9	0.8	1.39	70	
8	2019.07.22	18.39	12.7	23.1	0	3.55	74.21	
8	2019.07.23	18.44	11.6	24.3	0	2.83	69.96	
8	2019.07.24	20.74	14	26.7	0	1.98	67.12	
8	2019.07.25	21.04	14.4	27.5	6.5	2.35	68.54	
8	2019.07.26	18.05	13.7	22.1	1.5	3.36	81.38	
8	2019.07.27	19.28	16.5	22.6	0	3.02	81.25	
8	2019.07.28	22.68	16.6	29.1	0	2.17	70.5	
8	2019.07.29	24.02	14.7	31.4	0	1.18	64.62	
8	2019.07.30	21.51	14.9	26.7	0	2.52	65.25	
8	2019.07.31	16.05	11	20.5	0	2.94	61.75	
8	2019.08.01	14.87	10.6	18.5	0.5	1.08	77.5	
8	2019.08.02	15.55	12.9	19.6	1.3	1.97	74.75	
8	2019.08.03	15.88	10.4	22	0.5	2.3	70.75	
8	2019.08.04	15.73	11.7	20.4	0	2.41	67.79	
8	2019.08.05	15.38	8.9	21.4	0	1.83	63.58	
8	2019.08.06	18.38	8.7	25.8	0.2	1.85	68.08	
8	2019.08.07	19.12	14.5	25.4	0	1.27	76.46	
8	2019.08.08	17.35	13.3	21.6	19.5	2.68	85.71	
8	2019.08.09	16.46	13.1	22.4	5.4	2.74	81	
8	2019.08.10	16.4	10.7	19.4	2	1.59	85.71	
8	2019.08.11	19.57	14	25.4	1.3	1.33	73.5	
8	2019.08.12	22.11	14.9	28.3	0	1.81	64.96	
8	2019.08.13	18.99	14.4	24.4	0.3	2.02	74.04	
8	2019.08.14	13.98	10.3	17.8	5.1	0.75	88.08	
8	2019.08.15	15.4	8.4	21.9	0.1	1.28	70.08	
8	2019.08.16	16.72	8.2	23.8	0	0.7	63.75	
8	2019.08.17	18.63	9.7	26	0	0.71	60.88	
8	2019.08.18	21.31	13.1	27.6	0	2.31	57.42	
8	2019.08.19	22.31	17.2	28.6	2.1	2.26	68.92	
8	2019.08.20	19.78	14.3	24.3	0	0.62	73.67	
8	2019.08.21	14.32	12.5	16.4	20.8	2.75	90.12	
8	2019.08.22	16.35	9.7	21.8	0.1	0.69	75.67	
8	2019.08.23	17.15	10.1	23.8	0	0.95	69.42	
8	2019.08.24	18.8	10.6	26.5	0	1.34	68.25	
8	2019.08.25	19.92	11.7	27.1	0	0.72	68.5	
8	2019.08.26	19.98	12.1	27.3	0	0.8	68.92	
8	2019.08.27	20.43	11.8	28.3	0	0.75	68.08	
8	2019.08.28	21.94	14	28	0	2.24	61.21	
8	2019.08.29	21.3	17	29.4	11.9	2.75	75.92	
8	2019.08.30	20.55	15.2	26.1	0.1	1.56	78.46	
8	2019.08.31	17.88	12.8	24.2	0	0.71	79.88	
8	2019.09.01	20.04	10.9	26.9	0	1.63	70	
8	2019.09.02	18.58	15.4	23.5	0.8	2.62	77.33	
8	2019.09.03	15.18	11.3	18.7	1.2	1.69	80.12	
8	2019.09.04	15.51	10.1	22.8	0.1	2.05	77.04	
8	2019.09.05	17.57	10	24	0	3	63.62	
8	2019.09.06	15.72	7.7	20.5	0.1	1.86	66.12	
8	2019.09.07	15.24	5.5	21.6	0	1.77	67	
8	2019.09.08	18.65	12.7	24.3	0.1	2.72	69.29	
8	2019.09.09	19.61	10.1	27.7	0.1	2.8	58.96	
8	2019.09.10	17.1	11.4	20.7	0	4.48	58.33	
8	2019.09.11	15.51	10.3	22.2	0	2.58	68.42	
8	2019.09.12	15.99	9.9	23.8	0	2.45	69.88	
8	2019.09.13	15.2	11.1	20.5	0.8	4.2	78.38	
8	2019.09.14	12.5	7.8	18.1	0	3.95	71	
8	2019.09.15	14	8.5	18.7	0	6.4	62.58	
8	2019.09.16	13.23	9.7	17.2	0.2	6.03	63.92	
8	2019.09.17	8.97	6.3	13.6	14.4	3.71	84.88	
8	2019.09.18	8.45	5.1	12.6	3.1	3.95	82.21	
8	2019.09.19	8.72	6	12.2	2.9	3.02	80.71	
8	2019.09.20	7.35	4.2	12	0	2.85	72.29	
8	2019.09.21	11.6	6.6	15.5	0	3.89	82.71	
8	2019.09.22	11.72	6.9	17.3	0	2.75	82.54	
8	2019.09.23	6.2	-0.4	12.1	0	1.85	68.75	
8	2019.09.24	6.05	-2.3	13.7	0	0.99	66.08	
8	2019.09.25	7.7	3.2	13.6	0	1.77	64.08	
8	2019.09.26	10.18	3.3	18.4	0	0.92	72.79	
8	2019.09.27	11.15	3.2	18.7	0	1.56	76.62	
8	2019.09.28	11.33	9.6	15.1	11.4	2.65	94.58	
8	2019.09.29	12.22	9.6	14.8	1.7	3.78	92.08	
8	2019.09.30	13.48	11.8	15.2	8.4	5	93.21	
8	2019.10.01	11.37	8.2	13	2.8	5.4	79.54	
8	2019.10.02	11.65	7.9	14.3	10.2	3.29	94.42	
8	2019.10.03	8.65	4.9	13.2	1	1.8	84.46	
8	2019.10.04	7.81	4.7	10.7	0	2.9	83.08	
8	2019.10.05	4.76	3.5	5.3	0	1.27	95.86	
8	2019.10.08	6.23	5	7.7	1.1	4.79	78.67	
8	2019.10.09	10.56	7.3	14.8	0.2	3.97	85.21	
8	2019.10.10	9.62	8.6	11.2	13.1	3.7	92.25	
8	2019.10.11	10.51	8.2	12.5	0.1	5.51	81.71	
8	2019.10.12	12.68	11	15.3	3.9	5.28	83.62	
8	2019.10.13	11.95	9.7	13.8	0.1	1.13	93.83	
8	2019.10.14	14.93	8.2	21.3	0.1	3.89	81.29	
8	2019.10.15	12.28	3.9	16.9	0	2.09	84.21	
8	2019.10.16	16.01	11.9	20.6	0	4.17	71.5	
8	2019.10.17	13	11	16.2	0	4.88	74.83	
8	2019.10.18	12.91	9.3	17.6	0	1.81	76.79	
8	2019.10.19	12.14	8.1	17.9	0	1.61	85.62	
8	2019.10.20	13.3	7.2	19.3	0	1.35	81.75	
8	2019.10.21	13.08	8.8	20.7	0	0.44	86.17	
8	2019.10.22	13.51	9.2	20.7	0	1.51	87.88	
8	2019.10.23	9.32	3.5	14	0	1.17	84.12	
8	2019.10.24	8.32	1.7	13.1	0	1.51	92.92	
8	2019.10.25	10.71	9.5	12	0	3.15	95.08	
8	2019.10.26	12.01	9.1	15.3	0	4.26	85.83	
8	2019.10.27	10.72	7	16	0.7	5.04	80.75	
8	2019.10.28	6.33	3.7	7.9	0.4	4.59	86.08	
8	2019.10.29	3.28	1.3	6.7	0	2.9	82.46	
8	2019.10.30	0.78	-4.1	4.2	0	1.63	85.42	
8	2019.10.31	0.26	-5.1	3.2	0.9	3.86	92.04	
8	2019.11.01	3.62	1	6.3	0.3	3.86	88.21	
8	2019.11.02	3.89	0.8	6.6	0.4	4.89	76.42	
8	2019.11.03	9.26	6.7	11.2	0	4.22	83.67	
8	2019.11.04	12.22	11.1	13.9	4.6	3.4	91.08	
8	2019.11.05	10.1	8.8	11.1	0.1	4.7	86.21	
8	2019.11.06	7.55	6.1	8.8	0.4	3.9	89.83	
8	2019.11.07	6.23	3.6	9.4	0	1.82	90.33	
8	2019.11.08	5.79	0.9	8.7	0	2.47	90.79	
8	2019.11.09	8.63	7.7	9.6	0.8	2.52	94.04	
8	2019.11.10	7.29	5.3	9.2	3.1	1.65	91.62	
8	2019.11.11	5.08	2	7.8	1.9	1.54	90.42	
8	2019.11.12	6.25	3.2	8.4	0.3	4.41	88.04	
8	2019.11.13	10.67	7.9	12.2	0.8	4.6	85.25	
8	2019.11.14	8.62	5	12.1	0.3	3.49	86.83	
8	2019.11.15	6.58	5.8	7.6	0.1	2.77	90.67	
8	2019.11.16	7.37	6.1	8.7	0	4.01	92.88	
8	2019.11.17	7.34	4.4	9	0	2	95.04	
8	2019.11.18	8.45	6.9	9.8	0	3.74	84.04	
8	2019.11.19	7.38	6.2	10.2	0	3.23	87.12	
8	2019.11.20	5.33	3.8	6.1	0	3.99	94.96	
8	2019.11.21	3.25	0.6	5.2	0	5.6	82.08	
8	2019.11.22	-0.83	-2.6	0.2	0	5.38	65.5	
8	2019.11.23	-2.91	-4.3	-1.8	0	4.7	61.33	
8	2019.11.24	-1.7	-3.1	1.1	0	3.47	70.12	
8	2019.11.25	-2.12	-2.5	-1.6	0	3.26	86.42	
8	2019.11.26	-0.94	-1.5	-0.1	0	3.35	95.25	
8	2019.11.27	0.54	-0.3	1.3	0	3.72	96.88	
8	2019.11.28	3.06	1.3	5.5	0	4.15	96.04	
8	2019.11.29	5.35	2.9	7.4	2.5	4.63	89.92	
8	2019.11.30	0.71	-1.7	3.4	0.2	4.73	82.21	
8	2019.12.01	-0.42	-1.4	0.2	1.2	4.29	87.46	
8	2019.12.02	0.2	-0.6	1	0.9	4.35	89.83	
8	2019.12.03	-0.76	-3.8	2.6	0	3.2	88.58	
8	2019.12.04	2.19	-1.3	4.8	0.2	5.63	93.79	
8	2019.12.05	1.87	-1.1	4.3	0	4.84	83.08	
8	2019.12.06	0.52	-2.1	2.4	0	6.83	77.33	
8	2019.12.07	2.44	0.8	5.2	2.2	6.55	85.83	
8	2019.12.08	4.83	2.3	6.5	0.1	6	84.58	
8	2019.12.09	6.22	3.2	8.2	0	4.36	84.29	
8	2019.12.10	2.85	-1.1	4.2	0.2	3.79	89.33	
8	2019.12.11	-2.46	-5.6	0.3	0	2.17	88.46	
8	2019.12.12	0.49	-1.3	2	0	4.02	85.67	
8	2019.12.13	1.91	0.9	2.8	0.3	5.23	85.71	
8	2019.12.14	1.81	0.6	3	3.7	4.78	92.54	
8	2019.12.15	3.1	2.3	3.9	1.6	5	88.08	
8	2019.12.16	3.03	1.9	5	0	4.79	85.92	
8	2019.12.17	4.37	3.6	5.4	0	3.1	93.62	
8	2019.12.18	6.12	3.5	9.4	0	5.12	81.79	
8	2019.12.19	0.65	-1.4	2.6	0	2.73	93.54	
8	2019.12.20	2.95	-1.2	4.9	0	3.6	95.67	
8	2019.12.21	5.48	3.3	7.3	0	3.35	89.17	
8	2019.12.22	5.75	5.1	6.7	1.8	1.78	96.42	
8	2019.12.23	5.42	4.8	6.1	0.7	0.51	97.12	
8	2019.12.24	5.1	4.2	5.6	10.2	2.45	97	
8	2019.12.25	3.92	2.9	4.5	0.7	3.37	94	
8	2019.12.26	2.58	2.1	3.5	0.1	3.24	90.62	
8	2019.12.27	0.54	-0.3	1.7	0	4.2	87.29	
8	2019.12.28	-0.97	-1.8	0.3	0	5.18	74.62	
8	2019.12.29	-1.9	-3.4	-0.2	0	3.05	75.21	
8	2019.12.30	1.43	-0.2	3.4	0.1	6.68	64.5	
8	2019.12.31	3.58	1.8	5.2	0.6	6.48	77.54	
8	2020.01.01	1.82	-0.1	2.7	0.6	4.72	83.58	
8	2020.01.02	1.15	-1.2	3	0	3.74	80.12	
8	2020.01.03	0.24	-1.8	2.8	0	4.81	78.42	
8	2020.01.04	2.35	0.7	3.9	2.6	4.95	88.38	
8	2020.01.05	-0.63	-3.5	1.2	0.2	3.56	81.25	
8	2020.01.06	-0.45	-2.4	0.5	1.4	4.07	92.88	
8	2020.01.07	0.45	0	0.8	0	3.32	95.5	
8	2020.01.08	1.3	-0.6	3.3	2.9	5.1	90.83	
8	2020.01.09	3.72	2.3	4.9	0.4	3.02	94.46	
8	2020.01.10	6.08	4.7	7.6	11.1	3.73	97.25	
8	2020.01.11	3.42	1.5	7.1	1.1	4.29	88.38	
8	2020.01.12	2.71	1.6	3.4	0.5	6.85	82	
8	2020.01.13	3.08	0.9	5	2.3	3.91	94.62	
8	2020.01.14	2.95	1.5	3.8	0.2	3.93	90	
8	2020.01.15	4.6	2	7	0	6.17	72.67	
8	2020.01.16	4.63	0.5	7.9	0	3.92	74.46	
8	2020.01.17	-0.6	-1.6	0.8	0	2.94	95.67	
8	2020.01.18	1.18	-1	2.2	0	3.87	91.42	
8	2020.01.19	2.42	1.1	3.3	0	2.01	91.12	
8	2020.01.20	2.08	0.5	3.2	0	4.32	81.75	
8	2020.01.21	2.98	1.3	4.1	0	5.5	92.21	
8	2020.01.22	3.54	1.5	5	1.5	6.28	78.08	
8	2020.01.23	1.62	-0.2	4	0	5.04	75.08	
8	2020.01.24	2.1	0.6	2.9	0.2	5.75	94.71	
8	2020.01.25	3.48	2.5	6.1	0.8	4.21	89.79	
8	2020.01.26	1.9	-0.1	2.9	0.2	3.93	91.38	
8	2020.01.27	-0.55	-0.9	-0.2	0	1.98	93.58	
8	2020.01.28	1.72	-0.3	3.7	1.3	3.42	93.54	
8	2020.01.29	1.97	0.2	3.7	3.1	3.15	87.92	
8	2020.01.30	2.13	0.9	3.6	0.7	3.9	89.67	
8	2020.01.31	2.82	2	4.1	3.8	2.79	94.5	
8	2020.02.01	6.35	3.5	8.7	2.9	4.06	96.21	
8	2020.02.02	5.05	2.8	7.9	3.9	6.12	82.42	
8	2020.02.03	2.31	0.7	4.3	0	4.1	79.54	
8	2020.02.04	-0.15	-2.1	1	1.3	1.55	87.96	
8	2020.02.05	-2.43	-5.6	0.3	0	3.42	73.79	
8	2020.02.06	0.82	-5	4.7	0.9	4.49	82.79	
8	2020.02.07	-2.81	-5.6	-0.1	0	2.67	69.62	
8	2020.02.08	-0.02	-2.3	3.4	0	2.74	74.29	
8	2020.02.09	1.12	-2.9	5.7	0	4.59	71.67	
8	2020.02.10	4.2	1.9	6.6	4.3	6.91	79.58	
8	2020.02.11	2.36	1.4	3.2	1	5.28	86	
8	2020.02.12	2.34	1.3	3.4	2.1	6.35	84.04	
8	2020.02.13	2.29	-0.3	4	0.3	5.04	82.33	
8	2020.02.14	-0.1	-3.6	3.4	0	1.07	85.21	
8	2020.02.15	-1.02	-5.9	3.5	0	3.28	86.92	
8	2020.02.16	4.5	0	8.3	0	7.18	71.38	
8	2020.02.17	8.3	5.8	11.2	0	5.75	62.29	
8	2020.02.18	3.87	1.8	6.5	3.2	4.48	84.08	
8	2020.02.19	3.5	1.4	6.4	0	4.88	79.54	
8	2020.02.20	2.82	0.3	5.6	0.1	3.16	84.17	
8	2020.02.21	1.3	0.1	2.6	0.4	4.15	87.71	
8	2020.02.22	3.09	-0.1	6.7	1.3	6.65	83.08	
8	2020.02.23	3.19	0.1	5.5	1.7	5.5	76.67	
8	2020.02.24	2.36	-1.5	6.7	0.6	4.17	75.79	
8	2020.02.25	1.8	-1.5	4.5	1.2	2.85	93.04	
8	2020.02.26	3.07	0.4	6.6	1.7	3.04	88.58	
8	2020.02.27	0.77	-0.8	2.4	0	4.13	79.21	
8	2020.02.28	0.52	-2.5	3.2	0	3.9	75.25	
8	2020.02.29	2.93	0.5	6.1	0.1	4.51	75.04	
8	2020.03.01	5.82	3.5	9.1	0.3	5.01	75.33	
8	2020.03.02	5.38	1.9	10.2	4.8	3.32	84.08	
8	2020.03.03	6.92	4.4	10	0.4	3.05	82.29	
8	2020.03.04	5.8	3.4	8.3	1.4	2.82	85.5	
8	2020.03.05	3.65	-0.4	7.8	0	1.67	77.46	
8	2020.03.06	3.24	-2.9	7.1	0.6	2.67	74.88	
8	2020.03.07	4.94	3.2	6.8	0.7	2.67	91.25	
8	2020.03.08	4.94	3.8	5.9	0.5	1.71	92.96	
8	2020.03.09	4.38	0.5	7	0	2.04	85.08	
8	2020.03.10	3.96	0	7.8	0	3.38	86.79	
8	2020.03.11	6.24	3.6	9.6	3	6.6	74.96	
8	2020.03.12	4.72	0.2	9.8	8.8	6.5	78.67	
8	2020.03.13	4.78	2.8	8.3	0	6.22	64.21	
8	2020.03.14	-0.73	-4.3	3.7	1.4	6.24	68.88	
8	2020.03.15	-0.36	-6.2	4.8	0	3.93	55.25	
8	2020.03.16	4.09	-0.6	8.6	0.3	5.35	47.04	
8	2020.03.17	5.17	1.4	9.1	0	2.85	79.12	
8	2020.03.18	8.48	1.7	14	0	4.18	73.29	
8	2020.03.19	5.92	-0.1	8.8	1.6	3.22	75.5	
8	2020.03.20	3.19	-1.9	8.5	0	2.48	77.08	
8	2020.03.21	0.89	-2.8	3.3	0	4.3	58.88	
8	2020.03.22	-1.36	-5.5	2.3	0	4.79	43.5	
8	2020.03.23	-1.98	-6.7	3.2	0	1.66	49.08	
8	2020.03.24	-0.87	-8.5	6.4	0	0.58	49.92	
8	2020.03.25	1.4	-5.9	9.2	0	0.83	48.67	
8	2020.03.26	3.22	-5.9	11.7	0	1.1	43.88	
8	2020.03.27	5.6	-3.8	14.3	0	1.41	40.88	
8	2020.03.28	7.85	-2.5	17.1	0	0.65	43.08	
8	2020.03.29	2.97	-2	6.7	0.9	4.47	65.29	
8	2020.03.30	-0.9	-6.1	3.2	0	2.81	51.83	
8	2020.03.31	-0.21	-5.1	5.5	0	1.87	64	
8	2020.04.01	1.77	-2.3	4	0	6.62	65.21	
8	2020.04.02	5.17	2.5	7.1	0.1	6.04	62.79	
8	2020.04.03	4.56	0.4	8.8	0.2	6.53	60.92	
8	2020.04.04	3.21	-1.5	8.7	0.1	3.91	62.83	
8	2020.04.05	4.62	-3.2	12.3	0	1.84	58.62	
8	2020.04.06	8.45	-2.1	16.4	0	2.2	41	
8	2020.04.07	11.41	2.2	20.1	0	3.95	40.21	
8	2020.04.08	8.64	2.8	15.3	0	1.73	57.08	
8	2020.04.09	8.82	2.7	16.9	0	4.45	59.04	
8	2020.04.10	5.93	0.5	10.8	0	3.49	47.21	
8	2020.04.11	4.42	-0.9	10.4	0	2.44	52.42	
8	2020.04.12	8.62	-1.6	15.5	0	4.19	39.5	
8	2020.04.13	6.06	-1.1	13.2	0.9	4.86	60.46	
8	2020.04.14	1.99	-2.5	6.5	0.2	5.05	67.33	
8	2020.04.15	3.83	-1	6.5	1.4	5.47	81.83	
8	2020.04.16	6.7	0.8	11.5	0.4	6.25	67.79	
8	2020.04.17	5.3	-0.1	10.2	0	5.38	56.38	
8	2020.04.18	4.36	-0.9	9	0	3.84	58.17	
8	2020.04.19	3.6	-1.4	8.2	0	3.03	58.38	
8	2020.04.20	4.65	-3.5	9.6	0	1.58	55.71	
8	2020.04.21	7.65	-0.3	14.3	0	2.06	55	
8	2020.04.22	10.2	2.9	16.2	0	2.44	52.08	
8	2020.04.23	10.32	2.8	17.2	0	3.18	51.5	
8	2020.04.24	11.27	3.1	18.4	0.2	2.36	55.46	
8	2020.04.25	7.8	3.9	11.2	0	3.49	55.38	
8	2020.04.26	7.3	1.5	12.4	0	3.23	54.58	
8	2020.04.27	10.48	3.3	15.6	0	2.08	47.79	
8	2020.04.28	13.9	6.5	21.3	0	4.32	42.96	
8	2020.04.29	6.81	4.7	10.2	1.1	2.4	68.46	
8	2020.04.30	9.35	2.7	15.3	0	2.07	50.42	
8	2020.05.01	11.05	3.4	17.8	0	3.42	60.54	
8	2020.05.02	12	9.3	16.5	2.5	1.4	75.12	
8	2020.05.03	11.42	7.7	15.6	0	1.81	69.08	
8	2020.05.04	10.25	4.2	17.1	0	0.83	65.42	
8	2020.05.05	10.97	1.9	16.8	0.1	1.8	62.04	
8	2020.05.06	9.64	6.6	15.4	8.2	4.76	74.83	
8	2020.05.07	9.12	4.4	13.3	0	4.48	54.79	
8	2020.05.08	10.16	2.2	16.8	0	1.55	56.75	
8	2020.05.09	11.5	2.6	18	0	2.11	62.83	
8	2020.05.10	12.85	1.6	20.3	0	0.95	54.46	
8	2020.05.11	12.08	0.9	20.4	19	4.42	76.38	
8	2020.05.12	3.28	-0.3	8.1	13.8	3.25	77	
8	2020.05.13	5.17	0.3	10.3	1.7	3.73	75.92	
8	2020.05.14	5.65	-1.6	12.1	0	1.63	64.04	
8	2020.05.15	8.56	0.1	14.3	0	2.72	56	
8	2020.05.16	9.45	6.6	12.7	0.2	4.71	64.21	
8	2020.05.17	9.59	6.3	12.4	4.6	5.66	67.33	
8	2020.05.18	9.67	5.2	14.4	7.7	4.08	65.88	
8	2020.05.19	9.4	6.3	13.7	8.8	2.31	88	
8	2020.05.20	8.89	4.2	13.2	0	3.66	62.88	
8	2020.05.21	8.48	2.7	12.8	0	4.34	57.08	
8	2020.05.22	9.51	4.8	13.9	0	3.28	62.12	
8	2020.05.23	11.79	1.5	18.5	0	0.95	56	
8	2020.05.24	10.38	8	13.3	8.1	0.64	81.42	
8	2020.05.25	12	8	17.3	0	0.76	72.38	
8	2020.05.26	12.95	6.7	17.7	0.9	1.69	72.96	
8	2020.05.27	15.1	9.7	19.5	0	3.23	59.5	
8	2020.05.28	14.33	9.3	19.3	0	3.01	63.67	
8	2020.05.29	11.59	5.9	16.8	0.4	3.75	64.54	
8	2020.05.30	12.76	9	18.4	7.6	4.82	64.88	
8	2020.05.31	16.23	11.1	20.3	0	5.92	47.71	
8	2020.06.01	12.6	7.6	17	0	4.59	48.96	
8	2020.06.02	12.92	5.7	18.2	0	4.35	54.17	
8	2020.06.03	11.9	9.7	15.8	4.1	2.79	77.17	
8	2020.06.04	12.24	6.7	17.2	0.3	1	73.04	
8	2020.06.05	15.6	4.7	21.9	9.3	3.5	71.04	
8	2020.06.06	17.65	14.3	21.8	0	4.29	65.58	
8	2020.06.07	20.35	15	26.1	5.3	3.02	70.58	
8	2020.06.08	20.49	13.2	27.5	4.4	2.42	78.5	
8	2020.06.09	15.65	12.2	19.2	0	2.39	91.75	
8	2020.06.10	20.61	16.2	25.1	7.4	2.64	79.54	
8	2020.06.11	22.55	17.5	28.9	16.4	1.86	77.5	
8	2020.06.12	21.97	17.5	26.2	0	2.52	76.12	
8	2020.06.13	17.92	13.4	19	0	4.23	80.08	
8	2020.06.14	13.76	12.2	15.6	0	3.58	77.17	
8	2020.06.15	15.98	12.2	20.7	0	0.77	77	
8	2020.06.16	18.7	10	24.6	0	0.75	64.83	
8	2020.06.17	21.76	14.8	27.1	0.6	2.08	74.04	
8	2020.06.18	23.61	18.1	27.7	0.5	2.14	64.12	
8	2020.06.19	21.04	17.1	27.4	5.5	1.3	77.12	
8	2020.06.20	20.96	16.8	27.8	13.2	1.65	79.17	
8	2020.06.21	21.45	16.8	26	0.1	3.2	79.92	
8	2020.06.22	20.68	17.8	24.6	0	2.3	81.58	
8	2020.06.23	18.42	16.3	20.8	0	2.66	90.79	
8	2020.06.24	21.3	14.9	26.9	0	2.57	65.92	
8	2020.06.25	22.23	13.7	28.6	0	0.82	60.62	
8	2020.06.26	23.2	13.8	29.2	0	1.72	57.29	
8	2020.06.27	20.79	16	27.9	27.9	2.08	73.04	
8	2020.06.28	21.45	17.9	25.5	0.5	1.51	77.17	
8	2020.06.29	20.71	15.9	26.1	102.8	1.56	83.67	
8	2020.06.30	17.75	13.7	21.6	2.6	4.1	72.5	
8	2020.07.01	19.44	15.6	23.2	0.8	4.16	66.75	
8	2020.07.02	19.9	15.8	24.9	0.7	2.98	77.62	
8	2020.07.03	18.27	13.6	24.1	0.1	1.2	75.92	
8	2020.07.04	19.16	12.9	24.4	0	2.52	66.62	
8	2020.07.05	20.85	16.9	24.4	0.5	3.53	68.92	
8	2020.07.06	19.28	14.6	24	3.3	1.91	80.46	
8	2020.07.07	14.49	9.8	18.3	0	2.7	75.08	
8	2020.07.08	13.62	8.8	17.3	0.1	3.45	75.38	
8	2020.07.09	15.67	9.8	19.3	0.1	3.23	67.17	
8	2020.07.10	18.64	13.6	24	4	3.86	80.25	
8	2020.07.11	16.11	11.4	19	0	2.7	72.25	
8	2020.07.12	13.89	8.7	19.1	0	2.55	72.42	
8	2020.07.13	14.64	8	19.2	0	2.37	70.71	
8	2020.07.14	15.69	10.4	19.8	0	0.89	71.67	
8	2020.07.15	17.6	8.1	23.8	0	0.74	66.54	
8	2020.07.16	19.07	10.1	25.6	0	1.43	64.33	
8	2020.07.17	19.66	12.9	25.4	0	2.2	62.42	
8	2020.07.18	20.2	10.7	26.8	0	1.54	57.79	
8	2020.07.19	21.78	11.6	28.3	0	0.7	56.5	
8	2020.07.20	21.78	15.7	28.8	0.3	1.6	59.12	
8	2020.07.21	17.05	10.3	20.1	0.1	3.29	67.21	
8	2020.07.22	14.35	8.9	19.1	1	4.25	68.79	
8	2020.07.23	13.52	8.6	19	0	2.78	71.04	
8	2020.07.24	16.63	7.2	21.3	0	2.65	58.67	
8	2020.07.25	18.95	11.8	24.3	0	2.05	60.54	
8	2020.07.26	19.51	9.5	26.5	0	0.72	61.42	
8	2020.07.27	20.84	11.8	27.6	0	1.75	67.88	
8	2020.07.28	21.92	14.2	27.7	1	2.32	67.33	
8	2020.07.29	18.62	10.7	23.4	0	2.19	68.58	
8	2020.07.30	15.96	10.1	20.9	0.3	3.32	66.62	
8	2020.07.31	15.09	13.2	16.9	0.9	3.61	83.42	
8	2020.08.01	16.33	12.5	21.5	0.8	2	83.58	
8	2020.08.02	17.52	8.5	24.2	0.1	0.52	69.71	
8	2020.08.03	20.88	11.3	27.8	0	1.8	55.75	
8	2020.08.04	18.88	16.2	22.2	20.8	1.54	77.21	
8	2020.08.05	17.95	12.5	23.1	0	2.22	68	
8	2020.08.06	18.19	9.4	25.2	0	1.13	60.67	
8	2020.08.07	21.84	11.4	28.4	0	1.3	60.38	
8	2020.08.08	22.96	14.9	29.4	0	0.35	63.92	
8	2020.08.09	22.77	15.9	28.6	0	1.29	63.5	
8	2020.08.10	22.25	14.6	28.5	0	1.06	64.88	
8	2020.08.11	18.29	13.1	23.1	0	2.83	58.71	
8	2020.08.12	15.75	8.4	21	0	1.57	61.92	
8	2020.08.13	15.6	6.4	22.6	0	0.77	63.29	
8	2020.08.14	18.82	10.4	25.9	0	0.84	59.21	
8	2020.08.15	20.38	12.9	27.6	0	1.25	58.79	
8	2020.08.16	21.47	11.9	29.5	0	1.05	57.08	
8	2020.08.17	22.27	11.9	29.4	0	0.99	54.17	
8	2020.08.18	19.98	15.2	25	0	1.85	58.42	
8	2020.08.19	19.6	15.9	24.2	18.7	1.65	82.83	
8	2020.08.20	19.45	14.7	24.2	0	0.78	81.92	
8	2020.08.21	21.23	15.9	26.7	0	0.76	71.33	
8	2020.08.22	21.95	17.4	27.6	18	2.52	74.75	
8	2020.08.23	19.92	14.9	24.6	0.3	2.2	84.29	
8	2020.08.24	18.44	12.7	24.3	0	1.58	72.38	
8	2020.08.25	15.7	11.1	20.5	1.2	2.22	83.04	
8	2020.08.26	14.35	9.8	17	10.8	2.15	90.79	
8	2020.08.27	15.94	13.8	19.8	4.4	1.8	91.88	
8	2020.08.28	14.7	11.2	18.8	0	1.16	76.12	
8	2020.08.29	14.98	11.3	17.9	2.8	2.29	91.71	
8	2020.08.30	14.95	12.1	16.5	23.2	1.35	96.38	
8	2020.08.31	13.82	10	14.8	2.1	1.71	96.67	
8	2020.09.01	13.29	9.2	15.8	0	2.64	88.21	
8	2020.09.02	15.76	13.4	19.3	0.2	2.67	89.17	
8	2020.09.03	16.25	12.3	20.4	0	4	73	
8	2020.09.04	16.7	13.4	20.7	0	3.3	79.29	
8	2020.09.05	17.31	13.4	21.8	5.4	3.02	84.42	
8	2020.09.06	15.37	10.7	19.6	16.2	1.57	80.58	
8	2020.09.07	11.99	9.1	17	1	2.02	85.33	
8	2020.09.08	13.51	8.9	16.5	0.6	4.9	80.33	
8	2020.09.09	16.84	12.6	20.6	0.1	4.06	74.75	
8	2020.09.10	14.18	7.3	18	1.8	3.85	73.96	
8	2020.09.11	12	6.4	17	0	1.85	76.83	
8	2020.09.12	15.4	9.8	20.1	0	2.98	69.83	
8	2020.09.13	14.85	10.6	19.8	0	2.61	77.04	
8	2020.09.14	14.36	11.4	17.3	0	2.46	87.58	
8	2020.09.15	17.45	10.7	25.6	0	1.31	80.92	
8	2020.09.16	19.05	11.8	26	0	2.47	77.71	
8	2020.09.17	12.31	9.8	16.3	4.1	5.45	75.21	
8	2020.09.18	NaN			0	NaN	NaN	
8	2020.09.19	NaN			0	NaN	NaN	
8	2020.09.20	12.17	6	19.3	0	0.34	78.46	
8	2020.09.21	13	7	21	0	1.48	77.54	
8	2020.09.22	14.38	6.3	23	0	1.62	77.46	
8	2020.09.23	16.99	9.6	24.5	0	1.91	70.71	
8	2020.09.24	17.27	9.3	24	0	2.08	71.21	
8	2020.09.25	18.53	12.5	23.5	0	2.74	70.92	
8	2020.09.26	20.26	15.9	25.6	0	4.73	61.17	
8	2020.09.27	17.45	11.1	22.5	0.1	5.01	65.29	
8	2020.09.28	11.19	5.1	16.8	0	2.21	75.79	
8	2020.09.29	11.75	5.4	17.3	0	1.79	77.29	
8	2020.09.30	12.75	8.6	16.4	0	2.83	82.96	
8	2020.10.01	13.73	9.8	18.2	0	2.92	72.29	
8	2020.10.02	13.03	10.4	15.2	0	3.64	79.71	
8	2020.10.03	14.66	13.2	16.2	2	4.48	86	
8	2020.10.04	17.89	12.8	21.8	0.4	4.52	73.46	
8	2020.10.05	14.45	7.1	18.4	4.1	3.05	91.75	
8	2020.10.06	13.87	11.1	17.2	0	4.25	77	
8	2020.10.07	13.19	8.1	18.9	0	1.45	84.04	
8	2020.10.08	10.58	7.3	14.2	0	1.55	90.5	
8	2020.10.09	10.79	7.7	14.6	1.9	2.94	91.5	
8	2020.10.10	12.75	9.5	15.4	0.2	2.28	90.46	
8	2020.10.11	11	8.5	13.1	2.5	1.5	94.88	
8	2020.10.12	7.92	3.1	11.2	8.6	1.66	88.08	
8	2020.10.13	7.21	6	7.9	5.2	4.72	95.21	
8	2020.10.14	8.26	1.6	11.6	21.9	2.65	97.17	
8	2020.10.15	6.22	1.2	9.6	0.4	0.4	94.46	
8	2020.10.16	6.38	5	7.6	0.6	2.79	86.83	
8	2020.10.17	5.47	4.4	7.3	0	1.6	85.62	
8	2020.10.18	4.96	2.9	7.8	1.5	4.15	88.29	
8	2020.10.19	4.53	2.3	9.1	6.2	4.45	86.38	
8	2020.10.20	6.17	3	9.2	0	3.06	88.29	
8	2020.10.21	8.18	6.5	9.4	5.2	3.82	91.96	
8	2020.10.22	11.8	8.4	16.7	0	5.03	82.92	
8	2020.10.23	11	7.6	15.1	0	3.09	89.42	
8	2020.10.24	10.26	8.3	13.3	5.4	2.1	91.54	
8	2020.10.25	10.41	7.9	13.6	0	2.88	90.79	
8	2020.10.26	10.89	9.3	12.3	0	3.8	92.21	
8	2020.10.27	12.36	11.5	13.1	1.1	3.46	88.46	
8	2020.10.28	10.57	8.5	12.3	0.4	2.45	92.25	
8	2020.10.29	9.67	7.6	11.3	0.5	2.44	94	
8	2020.10.30	7.88	6.6	9.9	2.2	3.07	91.29	
8	2020.10.31	8.1	7	10.5	0.7	0.94	91.08	
8	2020.11.01	8.49	6.4	10.4	0	1.06	87.33	
8	2020.11.02	7.02	4.6	8.9	1	3.38	91.96	
8	2020.11.03	9.41	2.3	12.6	1.9	1.6	96.21	
8	2020.11.04	5.37	1.9	8.7	3.8	1.75	97.17	
8	2020.11.05	6	2.9	8.1	0.3	5.38	90.5	
8	2020.11.06	9.41	7.1	12	1.1	3.42	93.17	
8	2020.11.07	8.78	7.3	9.7	0	3.91	94.58	
8	2020.11.08	7.34	6.7	8.6	0	2.28	87	
8	2020.11.09	4.95	-0.6	9.2	0	0.41	80.5	
8	2020.11.10	2.45	-1.8	9.5	0	0.16	85.83	
8	2020.11.11	1.76	-2.3	4.4	0	0.71	89.33	
8	2020.11.12	3.75	3.1	4.3	0	2.59	90	
8	2020.11.13	3.74	3.3	4.1	3.9	2.3	94.5	
8	2020.11.14	5.72	4.1	6.7	0.1	0.93	96.12	
8	2020.11.15	6.24	5.5	6.8	1.2	2.6	96.92	
8	2020.11.16	5.34	4.7	6.6	0.8	4.25	97.21	
8	2020.11.17	7.4	6	8.1	1	3.46	95.88	
8	2020.11.18	8.82	7.7	9.8	2.7	5.04	94	
8	2020.11.19	8.32	6.8	9.8	1	6.28	83.71	
8	2020.11.20	2.72	0.3	6.1	2.2	4.35	83.12	
8	2020.11.21	0.16	-1.6	2.5	0.2	4.28	90.96	
8	2020.11.22	3.44	0.4	5.7	1.6	6.99	91.46	
8	2020.11.23	5.06	4.1	5.7	1	6.13	85.46	
8	2020.11.24	4.93	3.1	6.7	0.1	5.27	87.62	
8	2020.11.25	4.87	0.5	6.5	0.1	4.25	94.75	
8	2020.11.26	-0.25	-1.1	1.4	0	3.99	95.92	
8	2020.11.27	3.57	0.7	5.6	3.7	4.32	91.75	
8	2020.11.28	0.36	-0.6	1.1	1.8	3.03	91.88	
8	2020.11.29	0.22	-0.7	1.3	0.1	3.09	91.42	
8	2020.11.30	-0.06	-0.6	0.8	2.1	3.39	91.79	
8	2020.12.01	-1.02	-5.2	1.4	0.2	3	85.79	
8	2020.12.02	-4.54	-7	-2.2	0	1.5	91	
8	2020.12.03	-0.75	-2.1	0.1	0	4.47	84.92	
8	2020.12.04	2.05	0	5	0	5.68	84.62	
8	2020.12.05	5.09	3.8	6.4	0	6.22	87.04	
8	2020.12.06	1.67	-0.2	3.5	0	5.76	82.33	
8	2020.12.07	-1.6	-4.1	0.6	0	5.82	53.12	
8	2020.12.08	-4.65	-5.9	-2.7	0	4.92	74.96	
8	2020.12.09	-4.57	-6.1	-3.3	0	3.91	76.5	
8	2020.12.10	-3.12	-3.7	-2.5	3.6	3.79	83.86	
8	2020.12.11	0.03	-2.7	2.1	0.5	2.91	96.21	
8	2020.12.12	-1.55	-3.9	0.8	0.1	4.01	91.46	
8	2020.12.13	-2.14	-3.8	-1.2	0.3	1.97	89.96	
8	2020.12.14	-0.89	-1.6	-0.1	0	2.04	95.62	
8	2020.12.15	-0.9	-2	-0.4	0	3.2	93.79	
8	2020.12.16	1.48	-0.4	3	0	3.63	97.21	
8	2020.12.17	3.35	2.7	4.3	0	2.27	89.5	
8	2020.12.18	3.19	2	4.5	2.5	3.69	97.5	
8	2020.12.19	3.02	1.9	4.5	0	3.95	93.92	
8	2020.12.20	1.18	0.1	2	0	3.93	95.46	
8	2020.12.21	0.59	-0.5	1.4	0	4.65	91.35	
8	2020.12.22	1.15	0.4	2	4.5	4.39	94.62	
8	2020.12.23	3.92	1.3	5.3	0.6	2.95	88.21	
8	2020.12.24	3.53	1.1	6.8	7.3	3.14	91.96	
8	2020.12.25	0.54	-0.9	2.5	0.2	4.09	91.5	
8	2020.12.26	0.29	-0.3	1.1	1	3.39	91.33	
8	2020.12.27	-1.13	-2	0.1	0	5.41	81.21	
8	2020.12.28	1.69	-1.2	4.5	0.9	5.91	87.46	
8	2020.12.29	3.95	3.1	5.8	6.4	5.86	91.08	
8	2020.12.30	2.88	1.5	4.3	2.3	2.36	91	
8	2020.12.31	0.78	-1.2	3	0.1	1.9	97.96	
8	2021.01.01	-1.57	-3	-0.9	0	2.02	99.04	0.72
8	2021.01.02	-0.65	-1.4	0.1	0.1	2.48	97.04	0.6912
8	2021.01.03	0.34	-0.1	0.7	0	2.72	99	0.5112
8	2021.01.04	-0.38	-0.8	0.2	0.5	2.72	100	0.6624
8	2021.01.05	1.13	0.2	1.8	3	3.6	97.67	0.342
8	2021.01.06	-0.2	-0.5	0.2	5.5	2.55	96.92	1.0116
8	2021.01.07	0.32	0.1	0.6	0.4	2.14	98.83	0.9612
8	2021.01.08	-0.28	-1.4	0.5	1.4	1.67	91.92	1.8108
8	2021.01.09	-2.91	-3.9	-1.6	1.7	1.78	93.62	1.3176
8	2021.01.10	-3.65	-4	-3.3	0	1.74	89.38	0.7956
8	2021.01.11	-0.83	-3.2	-0.2	0	4.88	88.54	1.3824
8	2021.01.12	-1.71	-2.9	-0.9	1.4	5.18	82.96	2.8512
8	2021.01.13	-1.24	-2.6	-0.3	4.6	1.7	95.25	1.2276
8	2021.01.14	-6.27	-11.2	-2.2	0.1	3.41	87.25	1.5624
8	2021.01.15	-11.46	-15.7	-7.2	0.2	2.76	83.38	3.5172
8	2021.01.16	-14.81	-20.6	-11	1.9	2.05	85.08	1.7424
8	2021.01.17	-21.66	-24.6	-17.7	0	1.3	81.67	2.4732
8	2021.01.18	-16.87	-25.3	-13.4	0	1.76	81.5	2.16
8	2021.01.19	-12.32	-13.7	-9.6	0	2.93	80.12	4.338
8	2021.01.20	-6.69	-11.4	-0.1	1.8	3.86	88.46	2.1744
8	2021.01.21	2.08	1.2	3.1	0	5.69	86.71	3.33
8	2021.01.22	1.83	0.6	4.5	0	3.48	87.62	3.6396
8	2021.01.23	2.14	-1.3	5	0	2.7	94.04	1.7892
8	2021.01.24	1.84	0.8	4.4	4.4	2.69	94.08	0.7092
8	2021.01.25	0.38	-0.1	1	9	3.08	93.29	1.296
8	2021.01.26	-0.18	-0.5	0.2	9.5	6.41	94.12	1.908
8	2021.01.27	-0.02	-0.8	0.8	4.2	4.51	89.04	2.61
8	2021.01.28	-1.61	-2.9	-0.1	1	2.17	83.33	3.4812
8	2021.01.29	-4.12	-5.7	-3.1	0.4	2.52	88.62	2.4696
8	2021.01.30	-3.77	-5.7	-1.5	0	2.65	87.38	3.5496
8	2021.01.31	-3.32	-5	-1.7	0	5.22	84.25	2.7504
8	2021.02.01	-6.06	-9.2	-2.7	0	2.78	83.58	6.2568
8	2021.02.02	-4.55	-8.9	-0.4	0	3.93	88.42	3.0852
8	2021.02.03	-0.95	-2.7	0.6	0.3	1.89	88.75	3.0492
8	2021.02.04	-4.87	-6.4	-2.9	2.8	4.25	81.96	3.5604
8	2021.02.05	-8.14	-13.9	-3.9	0.2	2.1	81.96	5.7384
8	2021.02.06	-14.79	-22.1	-9.9	0	1.55	85.5	7.8336
8	2021.02.07	-16.5	-22.5	-13.5	0	1.35	84.83	3.0852
8	2021.02.08	-12.59	-18.1	-9	3.3	4.55	76.75	4.05
8	2021.02.09	-9.42	-10.8	-8.5	1.8	2.94	84.42	3.8052
8	2021.02.10	-12.46	-19.1	-9.1	0.4	1.29	86.96	3.4848
8	2021.02.11	-12.86	-15.1	-11.4	0	3.26	82.25	5.4324
8	2021.02.12	-14.01	-17	-10.8	0	3.51	83.21	7.3512
8	2021.02.13	-5.24	-13.6	-1.3	0	3.83	84.04	3.2904
8	2021.02.14	-1.68	-5.7	0.4	0.6	4.81	82.42	4.4388
8	2021.02.15	-9.19	-17.2	-3.5	0	1.35	79.38	7.4592
8	2021.02.16	-6.88	-17.8	-1.9	0	2.26	77.88	5.2272
8	2021.02.17	-7.82	-13.4	-2.2	0	1.15	75.38	10.1268
8	2021.02.18	-13.12	-18.4	-9.1	0	1.66	78.96	11.916
8	2021.02.19	-9.61	-16.4	-5.3	0	3.11	69.71	8.7624
8	2021.02.20	-0.25	-4.8	2.5	0.4	2.89	93.25	3.87
8	2021.02.21	1.62	0	4.8	0	3.23	88.17	8.5968
8	2021.02.22	2.05	-1.5	8.4	0	1.82	85	10.0584
8	2021.02.23	0.61	-4.8	4.9	0	1.94	91.33	6.1884
8	2021.02.24	5.71	3.3	8.7	0	2.76	83.33	7.83
8	2021.02.25	6.66	3.3	11.9	0	3.35	85.62	9.126
8	2021.02.26	5.45	3.5	8.3	0	4.58	81.96	9.7992
8	2021.02.27	3.91	0.3	7.4	0	4.93	76.25	10.1664
8	2021.02.28	2.42	-0.2	5.5	0	3.44	86.79	4.3488
8	2021.03.01	1.88	-1	4.4	0	3.39	93.96	4.7664
8	2021.03.02	2.85	0.8	5.9	0	3.68	85.33	4.8456
8	2021.03.03	0.11	-2.9	4.7	0	2.77	89.75	7.0776
8	2021.03.04	-0.02	-4	1.9	0.2	2.76	93	2.2032
8	2021.03.05	-2.26	-6.1	1.4	0.4	2	72.08	11.592
8	2021.03.06	-1.15	-6.6	2.3	0	3.82	69.12	12.3696
8	2021.03.07	-0.25	-3.5	2.2	2.6	5.36	84.33	3.7728
8	2021.03.08	-2.95	-4.3	-2	0.1	3.52	68	9.936
8	2021.03.09	-4.5	-9.4	-0.5	0	1.26	68.21	15.1452
8	2021.03.10	-4.06	-10.2	1.9	0	1.86	64	14.8248
8	2021.03.11	-1.91	-6.2	0.9	0.1	4.96	67.17	10.062
8	2021.03.12	2.86	-0.2	6.7	2.9	4.8	86.38	6.3864
8	2021.03.13	2.78	1.1	4.4	1.2	4.3	88.17	4.9716
8	2021.03.14	4.15	0.8	7.2	2.4	5.88	82.17	8.4348
8	2021.03.15	2.89	0.3	7	0.9	2.99	86	8.856
8	2021.03.16	2.9	-1.1	7.9	0	1.52	84.33	8.5032
8	2021.03.17	1.39	-1.6	4.3	0	3.15	81.96	4.6944
8	2021.03.18	-0.9	-2.4	1.2	1.6	2.07	85.25	6.372
8	2021.03.19	-2.6	-5.9	-0.1	0.2	2.64	83.42	4.5144
8	2021.03.20	-2.45	-6.6	0.9	0	3.56	59.62	16.5096
8	2021.03.21	-0.74	-2.9	1.2	1	5.07	85.08	4.6332
8	2021.03.22	1.21	-2	4.4	0.2	3.92	66.92	12.258
8	2021.03.23	2.28	-2.9	6.4	0	2.12	74.67	11.9844
8	2021.03.24	2.36	-3.4	8.5	0	1.58	80.75	14.7024
8	2021.03.25	5.74	2.7	9	0	2.65	71.62	6.6096
8	2021.03.26	7.02	1.5	13.1	0	2.63	68.5	14.0688
8	2021.03.27	8.34	1.8	14.2	1.9	3.75	61	14.9184
8	2021.03.28	4.09	-0.2	9.2	0.4	2.65	86.33	9.4176
8	2021.03.29	5.05	-1	8.1	1	3.52	88.58	6.3324
8	2021.03.30	9.91	7.8	12	0.1	3.7	93.79	4.734
8	2021.03.31	10.78	3.4	18.5	0	3.45	72.42	13.2408
8	2021.04.01	5.44	1	16.1	1.2	3.29	78.42	11.448
8	2021.04.02	3.21	-1.2	8	0	2.42	77.21	13.8276
8	2021.04.03	3.45	1.2	6.4	0	3	77.5	11.736
8	2021.04.04	3.67	-0.9	7.7	0	3.14	62.79	15.5988
8	2021.04.05	3.88	-1.1	8.8	3.7	6.04	71.96	9.936
8	2021.04.06	1.79	-1	5.4	0	4.75	73.96	11.2392
8	2021.04.07	1.72	-2.6	6	0	3.81	73	16.2072
8	2021.04.08	3.3	0.4	8.5	0.3	4.47	67.79	14.8248
8	2021.04.09	4.72	-0.9	8.6	0.1	5.23	61.5	12.3228
8	2021.04.10	7.26	2.4	13.5	0	3.36	61.33	13.2696
8	2021.04.11	12.7	3.9	19.8	0	3.3	49.04	17.946
8	2021.04.12	11.74	4.5	15.9	0	3.74	46.33	9.0072
8	2021.04.13	3.4	1.3	5.1	2.6	3.95	87.67	3.9924
8	2021.04.14	3.37	2.1	4.1	6.4	4.18	90.83	3.5856
8	2021.04.15	4.92	3.4	7.8	6.2	4.18	87.67	4.5756
8	2021.04.16	7.34	5	11.4	4.5	3.64	82.79	6.264
8	2021.04.17	9.52	5.2	15.2	4.7	2.04	87.75	13.878
8	2021.04.18	11.19	2.9	18.3	0	2.07	68.21	20.6856
8	2021.04.19	10.75	2	18.3	0	1.5	59.04	21.9312
8	2021.04.20	9.88	2.7	16.2	0	1.57	61.5	13.7484
8	2021.04.21	10.85	3.8	16.4	0	2.28	54.67	18.8172
8	2021.04.22	6	2.6	10.5	2	4.6	69.62	16.9236
8	2021.04.23	3.01	0.5	6.7	4.1	4.47	78.58	14.9436
8	2021.04.24	3.2	-1.1	8.1	0	4.2	64.25	19.512
8	2021.04.25	2.46	-1.3	5.9	0	3.75	66.75	15.3972
8	2021.04.26	1.1	-2.4	6	2	3.13	82.62	10.8144
8	2021.04.27	3.15	-1.6	5.9	0.1	2.98	82.42	6.6672
8	2021.04.28	6.05	3	10.1	0	1.43	68	12.492
8	2021.04.29	10.57	2.1	16	0.4	2.87	56.92	19.2708
8	2021.04.30	10.82	6.3	15.3	0.1	4.2	73.04	17.9964
8	2021.05.01	8.52	3.8	12.2	0	2.36	58.25	19.6668
8	2021.05.02	7.6	5.5	10.6	21.5	4.72	70.67	3.6684
8	2021.05.03	3.25	0.8	6.6	13.3	6.69	77.46	7.1676
8	2021.05.04	7.8	0.7	11.7	0.9	3.62	69.58	13.9932
8	2021.05.05	10.53	7	15	1.5	4.58	77.21	15.0876
8	2021.05.06	7.81	4.1	11.5	0.1	5.51	62.67	14.1192
8	2021.05.07	4.99	1.3	8.1	3.2	2	80.25	9.4104
8	2021.05.08	5.96	2.4	10.4	0	2.82	70.79	20.3868
8	2021.05.09	9.71	0.3	14.7	0	3.04	57.25	23.6628
8	2021.05.10	17.07	9.5	22.9	0	4.33	43.29	27.504
8	2021.05.11	18.93	12.8	24.3	0	4.41	37	28.0836
8	2021.05.12	18.15	11	24.4	0	3.35	39.58	26.2476
8	2021.05.13	11.42	5.4	15.5	0	2.25	73.75	14.3496
8	2021.05.14	13.58	8.8	19.2	0.6	1.81	80.17	18.7596
8	2021.05.15	14.45	8.1	19.5	0	2	72.75	24.4584
8	2021.05.16	14.52	8.1	20.4	6.8	2.33	77.96	16.1892
8	2021.05.17	14.9	10.4	19.6	4.9	1.79	76.75	21.816
8	2021.05.18	13.53	9.2	18.1	0	2.8	76.5	15.066
8	2021.05.19	12.95	8.5	17	0	3.2	70.38	19.5444
8	2021.05.20	12.3	5.4	17.9	0	3.97	66.54	28.2312
8	2021.05.21	11.67	4.5	16.4	1.1	3.5	65.33	20.142
8	2021.05.22	13.05	10	17.9	10.9	2.95	75.12	14.0148
8	2021.05.23	11.18	8	15.2	6.8	3.53	85.38	14.364
8	2021.05.24	13.19	5.3	18.6	0	2.28	63.83	27.3888
8	2021.05.25	13.6	11.3	14.9	2.3	2.99	79.92	6.0552
8	2021.05.26	11.88	8.6	16	6.6	3.9	74.46	17.4672
8	2021.05.27	12.64	7.3	17.2	1.6	2.54	74.71	18.4572
8	2021.05.28	12.1	5.7	16.8	1.4	1.63	77.83	17.0532
8	2021.05.29	10.78	7.9	14.1	2.8	2.53	86.71	15.7392
8	2021.05.30	12.19	7.2	16.5	0	3.42	64.21	27.4608
8	2021.05.31	12.7	4.2	17.9	0	1.77	57.96	25.8156
8	2021.06.01	14.16	8.8	18.7	0	1.55	61.04	18.1548
8	2021.06.02	15.97	7.7	21.1	0	2.35	50.92	29.8656
8	2021.06.03	17.06	9	23.6	0	1.54	56.62	27.3996
8	2021.06.04	17.05	9.7	22.9	0	1.44	62.96	22.4136
8	2021.06.05	17.92	9.5	23.9	0.8	1.87	62.71	27.6804
8	2021.06.06	18.37	10.2	23.7	0	2.46	59.04	30.1464
8	2021.06.07	19.17	12.4	24.8	0	1.92	62.67	25.4844
8	2021.06.08	18.75	12.6	24.6	0	2.42	63.04	28.5552
8	2021.06.09	18.3	12	24	0	2.77	66.75	25.1028
8	2021.06.10	18.62	14.1	22.9	5.2	2.24	69.75	22.05
8	2021.06.11	16.84	12.2	22.9	1.2	1.58	79	13.9284
8	2021.06.12	16.59	10.8	23.6	5	2.51	79.21	20.7432
8	2021.06.13	14.68	9.9	19.5	7.1	3.41	71.62	14.922
8	2021.06.14	14.72	8.1	20.7	0	2.13	61.29	32.1192
8	2021.06.15	17.12	9.2	23.8	0.6	2.48	70.04	18.9828
8	2021.06.16	15.8	8.5	21.9	0	1.45	68.67	31.5504
8	2021.06.17	19.37	8.2	26.9	0	1.47	58.96	31.2624
8	2021.06.18	22.21	11.1	28.6	0	1.81	56.58	30.7944
8	2021.06.19	24.34	14.1	30.5	0	1.86	53.5	30.5208
8	2021.06.20	25.69	16.3	31.4	0	1.96	56.46	28.314
8	2021.06.21	26.29	19.8	32.5	0	2.48	51.04	29.7144
8	2021.06.22	26.23	20.1	31.6	0	2.25	57.62	27.9324
8	2021.06.23	23.44	18.5	30.3	15.2	1.88	75.83	23.3676
8	2021.06.24	21.32	17.9	26.4	9.2	1.45	84.71	20.0016
8	2021.06.25	21.29	17.7	27.1	6.7	2.02	82.71	19.1484
8	2021.06.26	19.44	16.9	22.5	0.2	2.63	75.42	15.2892
8	2021.06.27	19.09	15.8	24.2	0	2.18	74.92	24.4836
8	2021.06.28	19.09	14.2	25	2.9	2.2	78.21	25.938
8	2021.06.29	20.55	12.5	26.2	0	1.4	71.5	27.6156
8	2021.06.30	22.5	13.5	28.9	0	1.18	63.54	28.7424
8	2021.07.01	21.6	18	27.9	6.5	1.79	78.54	23.4432
8	2021.07.02	19.87	17.7	23.4	0.1	1.8	88.21	9.414
8	2021.07.03	21.15	15.8	26.2	0	2.23	70.33	26.2332
8	2021.07.04	18.29	15.2	24	29.8	1.69	90.54	10.3104
8	2021.07.05	20.94	17.7	26.1	0.1	1.99	84.67	18.1908
8	2021.07.06	21.56	16.7	26.4	0	1.62	80.46	21.5568
8	2021.07.07	24.18	15.9	29.3	0	1.95	69.58	28.512
8	2021.07.08	25.41	20.7	30.2	0	2.51	69.58	27.9036
8	2021.07.09	25.83	20	31	0	3.08	59.46	28.0836
8	2021.07.10	23.68	17.1	28.9	0	2.9	66	24.8688
8	2021.07.11	20.86	14.2	26.5	0	1.85	77.71	18.6948
8	2021.07.12	25.31	18.3	31.6	0	1.6	65.42	26.046
8	2021.07.13	23.8	18.7	31.6	2.7	1.67	74.12	22.2768
8	2021.07.14	24.27	17.6	30.1	0	1.35	75.25	24.6636
8	2021.07.15	25.23	19.6	31.3	0	1.36	68.67	21.8088
8	2021.07.16	25.7	18	32.7	0	1.3	69.71	24.3324
8	2021.07.17	23.12	19.5	27.7	1.1	2.15	81.71	14.8536
8	2021.07.18	22.56	15.8	28.6	0	2.5	74.38	23.5008
8	2021.07.19	19.68	14.2	24.6	0	2.6	67.33	25.5852
8	2021.07.20	18.96	12.9	24.1	0	1.91	65.17	21.6072
8	2021.07.21	18.76	13.6	23.5	0	2.44	65.12	19.5876
8	2021.07.22	18.23	12	23.8	0	2.42	61.79	25.2756
8	2021.07.23	19.42	12.2	25.7	0	2.16	66.21	24.0768
8	2021.07.24	19.19	14.1	25.6	0	1.12	75.58	17.9676
8	2021.07.25	21.83	12.3	28.7	0	1.45	60.79	25.5348
8	2021.07.26	24.07	16.5	30.1	0	2.85	53.83	24.7896
8	2021.07.27	22.17	18.6	28.3	3.7	2.55	79.04	18.5436
8	2021.07.28	23.5	17.2	30	9.8	2.01	69.08	23.7168
8	2021.07.29	21.26	17.1	27.1	3.1	2.4	76.29	17.7876
8	2021.07.30	19.62	13.3	24.2	0	3.43	60.62	23.4684
8	2021.07.31	19.78	12.3	26.9	1.3	2.56	66.62	23.2668
8	2021.08.01	19.58	15.2	24.7	0.5	2.63	68.71	18.9828
8	2021.08.02	16.24	13.9	19.3	14.7	2.63	89.92	8.8668
8	2021.08.03	16.27	12.9	21.6	2	3.07	81.33	18.5328
8	2021.08.04	15.57	12.5	21.2	3.3	1.06	89.25	9.3636
8	2021.08.05	16.77	11.2	21.5	0	2.45	76.79	21.4452
8	2021.08.06	14.13	12.4	15.9	12.2	3.91	94.75	3.0636
8	2021.08.07	16.03	11.8	21.6	2.8	2.48	90.79	7.4484
8	2021.08.08	17.52	11.1	22.1	0.1	2.68	85	10.2096
8	2021.08.09	17.95	13	24.1	1.3	1.61	82.58	16.488
8	2021.08.10	18.63	11.3	24.7	0	1.68	71.42	22.8996
8	2021.08.11	15.91	12.8	20.1	11.8	1.56	88.54	11.0196
8	2021.08.12	16.88	12.2	22.7	1.1	2.43	79.71	18.396
8	2021.08.13	18.35	10.9	25	0	1.62	75.5	22.6512
8	2021.08.14	19.41	13.4	26.4	0	2.62	74.42	17.6112
8	2021.08.15	18.54	11.8	24.8	0	2.94	72.92	20.628
8	2021.08.16	20.84	11.5	27.4	0.5	2.67	71.25	21.0024
8	2021.08.17	16.8	13	18.6	8.3	3.63	83.62	7.4664
8	2021.08.18	15.25	12	18.6	0	5.35	71.33	15.7896
8	2021.08.19	16.02	13.8	19.5	1.7	4.29	78.62	10.188
8	2021.08.20	16.53	12.4	20	12.2	2.78	85.67	11.5164
8	2021.08.21	14.58	9.5	19.3	6.7	2.08	84.21	16.272
8	2021.08.22	13.95	8.1	19.9	0	1.21	77.33	16.8912
8	2021.08.23	15.22	7	21.7	0	1.52	72.17	17.6544
8	2021.08.24	12.19	7.9	16.1	0	2.76	74.17	15.6564
8	2021.08.25	12.32	4.2	16.4	0.1	2.47	75	19.116
8	2021.08.26	12.32	11	13.4	6.3	3.1	92.04	3.6036
8	2021.08.27	14.32	12.4	18.1	2	1.3	89.25	8.2188
8	2021.08.28	14.82	12.9	18.3	7.4	2.13	92.67	5.5044
8	2021.08.29	15.19	14.1	17.5	10.1	2.08	93.67	4.5684
8	2021.08.30	15.42	14.2	17.2	4.5	3.08	92	4.9248
8	2021.08.31	14.95	13.5	16.5	12.2	2.5	97.29	3.2112
8	2021.09.01	13.85	10.1	17.3	1.1	3.76	82.29	8.838
8	2021.09.02	11.93	8.1	16.1	0.1	3.25	72.83	17.442
8	2021.09.03	13.25	7.8	19.1	1.1	3.86	79.08	13.3488
8	2021.09.04	9.8	5.1	15	0	1.97	74.38	17.6076
8	2021.09.05	9.1	4.5	14.8	0.2	1.81	75.88	18.0108
8	2021.09.06	10.11	2.6	16.9	0.1	1.1	75.42	16.2576
8	2021.09.07	12.01	5.8	18.8	0.1	1.57	72.88	18.5256
8	2021.09.08	13.91	6.3	21.5	0.1	2.27	73.79	18.6156
8	2021.09.09	16.55	9.9	24.5	0	2.27	75.54	17.5824
8	2021.09.10	16.68	9.8	24.6	0	1.84	74.5	18.2556
8	2021.09.11	17.72	11.2	25.4	0	2.3	69.5	16.8552
8	2021.09.12	16.99	10.5	23.1	1.9	1.41	84.25	13.8708
8	2021.09.13	16.55	13.5	20.8	0	2.8	81.29	12.4992
8	2021.09.14	12.14	5.6	17.4	0	1.47	74.62	15.6132
8	2021.09.15	12.31	5.4	17.4	0	1.66	80.12	9.2448
8	2021.09.16	13.43	11.5	16.5	7.3	2.3	83.54	5.0508
8	2021.09.17	11.57	8.5	13.3	1.4	2.32	96.62	2.5416
8	2021.09.18	6.87	6	7.8	19.8	4.15	94.12	1.2888
8	2021.09.19	6.7	5.5	7.6	2.1	4.8	88.08	2.4444
8	2021.09.20	5.05	3.1	6.2	2.3	3.13	92.12	2.3508
8	2021.09.21	6.52	5.1	8.1	0.2	2.17	90.46	2.448
8	2021.09.22	7.39	5.3	8.7	0	2.42	87.38	2.2464
8	2021.09.23	9.35	1.9	13.2	6.6	3.81	92.17	6.1164
8	2021.09.24	10.15	7.8	12	10.5	4.85	85.42	6.1128
8	2021.09.25	12.6	8	17.3	0.2	4.01	86.08	7.3512
8	2021.09.26	10.42	4.2	16.7	0	1.44	85.33	13.8996
8	2021.09.27	7.9	2.7	14.5	0	1.7	82.29	14.3856
8	2021.09.28	9.6	3.8	13.9	0	1.82	79.88	7.3296
8	2021.09.29	9.73	5.9	13.4	0	3.12	77.5	10.3248
8	2021.09.30	9.45	6.7	12.8	6.6	2.87	85.17	8.2836
8	2021.10.01	9.48	8.1	10.8	1.5	1.54	96.12	2.772
8	2021.10.02	9.4	6.7	11.6	2.8	2.94	86.17	6.2964
8	2021.10.03	12.28	8.7	16.5	0	3.39	69.12	11.1132
8	2021.10.04	11.91	8.2	16	0	3.17	68.83	9.7596
8	2021.10.05	13.11	9.7	17.1	0	4.91	55.08	11.7432
8	2021.10.06	12.47	9.8	16.5	0	5.47	51.62	12.078
8	2021.10.07	8.61	3.5	13.1	0	2.8	56.29	11.1024
8	2021.10.08	4.93	-1.9	13.5	0	1.13	71.04	12.1356
8	2021.10.09	4.58	-2.4	13.4	0	0.73	76.33	12.3156
8	2021.10.10	4.86	-2	12.8	0	1.28	75.25	11.5992
8	2021.10.11	4.84	-2	12.2	0	2.03	71.12	9.522
8	2021.10.12	4.99	1.1	9.3	0	2.49	87.33	5.2992
8	2021.10.13	4.29	0.9	9.4	0	2.17	93.83	5.0508
8	2021.10.14	5.98	0.6	10.3	0.3	3.08	82.08	9.4464
8	2021.10.15	9.92	7.4	11.9	3.5	5.31	87.33	2.916
8	2021.10.16	7.48	5.2	10.4	0	3.78	87.79	6.1056
8	2021.10.17	7.89	5.5	10	0	4.61	78.17	3.8268
8	2021.10.18	6.13	2.1	10	0	2.41	77.5	6.4836
8	2021.10.19	5.01	-0.8	8.9	0	2.5	77.17	8.0964
8	2021.10.20	11.48	8	14.6	2.8	5.36	90.12	1.0872
8	2021.10.21	12.56	8.2	14	1.6	6.35	76.04	2.3364
8	2021.10.22	7.34	4.8	8.6	0.8	8.05	73.33	3.618
8	2021.10.23	5.61	3.7	8.6	0	5.21	82.12	6.5772
8	2021.10.24	4.21	0.8	8	0	2.22	81.21	6.606
8	2021.10.25	4.42	-0.5	10	0	3.28	77.29	8.9892
8	2021.10.26	5.39	1.1	8.8	2	3.45	81.83	5.3856
8	2021.10.27	9.47	7	11.4	0	4.85	90.5	2.502
8	2021.10.28	11.74	10.9	13.1	0	3.56	88.83	1.9512
8	2021.10.29	11.21	7.7	15.6	0	3.69	74.5	7.668
8	2021.10.30	9.88	6.8	13.6	0	3.11	75.83	7.3584
8	2021.10.31	9.64	6.5	14.4	0	3.52	73.88	7.1928
8	2021.11.01	6.99	3.7	10.6	0	3.54	79.54	6.1668
8	2021.11.02	5.8	3.9	7.1	0	3.47	88.96	1.2492
8	2021.11.03	6.63	3.8	7.7	5.1	2.7	95.67	1.0512
8	2021.11.04	7.42	3	11.2	0	3.39	87.75	2.4696
8	2021.11.05	8.13	6.1	9.5	3.8	6.58	79.04	1.674
8	2021.11.06	7.77	5.9	8.8	0.6	6.55	88.08	1.6272
8	2021.11.07	6.76	6	7.9	0.3	5.88	84.83	1.2996
8	2021.11.08	4.64	-0.5	6.8	2.1	3.9	86.25	3.312
8	2021.11.09	0.42	-1.8	3.8	0	2.15	86.29	5.5944
8	2021.11.10	3.06	0	7.6	0	4.1	88.04	3.1932
8	2021.11.11	3.35	2.1	5.7	0	3.36	96.88	2.0808
8	2021.11.12	5.34	-0.8	9.6	0	2.52	88.67	3.906
8	2021.11.13	2.44	-1.6	4.5	0	2.18	93.12	2.8944
8	2021.11.14	3.46	2.7	3.9	0	2.47	94.08	0.6336
8	2021.11.15	2.68	2.3	3	0	2.55	82.83	1.4328
8	2021.11.16	2.99	1.7	3.8	0	2.48	90.58	0.8928
8	2021.11.17	3.28	2.1	4.1	0	3.26	92.71	0.9612
8	2021.11.18	5.23	2.5	6.8	3.4	4.7	90.71	1.98
8	2021.11.19	9.31	6.1	11.1	4.6	5.45	89.42	1.4184
8	2021.11.20	8.37	6.3	10.2	1.5	6.39	75.54	3.6144
8	2021.11.21	6.17	1.6	8.5	1.7	4.87	87.75	1.2816
8	2021.11.22	-0.74	-5.6	1.8	0	1.55	84.17	3.438
8	2021.11.23	0.83	-3.3	3.7	1.6	3.12	91.38	2.3652
8	2021.11.24	3.93	0.9	5.9	0.1	4.25	92.75	1.566
8	2021.11.25	3.9	2.1	5.3	0.1	4.02	86.75	0.7128
8	2021.11.26	1.9	0.5	3.1	0.7	3.55	84.75	2.0124
8	2021.11.27	0.45	0.2	0.8	7.3	2.7	96.12	1.2708
8	2021.11.28	0.69	0.3	1.1	0.2	2.53	91.71	1.5552
8	2021.11.29	-0.02	-1.1	1.1	6.9	3.77	95.17	0.7884
8	2021.11.30	-0.99	-2	0.1	0.6	4.05	86.12	2.8368
8	2021.12.01	-2.79	-6	-0.4	1.7	3.22	87.54	3.6684
8	2021.12.02	2.58	0	4	2.7	7.32	77.58	0.7236
8	2021.12.03	-0.02	-0.9	1.7	0.4	5.44	83.29	2.412
8	2021.12.04	-0.8	-1.8	0.6	0.4	3.72	86.25	1.3356
8	2021.12.05	-0.53	-1.4	0	0.2	1.59	91.75	0.9252
8	2021.12.06	-6.32	-9.8	-2	0.5	3.05	90.33	1.0332
8	2021.12.07	-11.05	-12.1	-10	0	2.02	89.29	1.2204
8	2021.12.08	-11.9	-13	-9.3	0	2.04	87.5	4.5036
8	2021.12.09	-6.99	-13	-3.2	0	3.03	87.25	1.1844
8	2021.12.10	-0.23	-3	1.2	5.2	3.13	95.54	0.45
8	2021.12.11	0.33	-0.5	1.1	0.4	0.93	97.04	1.1808
8	2021.12.12	-1.86	-2.9	-0.7	0	1.84	95.75	0.6156
8	2021.12.13	-2.67	-4.2	-1.9	0	1.41	96.71	0.774
8	2021.12.14	-2.83	-4.8	-0.2	0.1	3.72	96.29	1.5768
8	2021.12.15	1.6	0.1	3.1	0	3.3	98.08	1.0044
8	2021.12.16	4.89	3	6.5	0	5.1	88.71	0.7056
8	2021.12.17	2.59	1.4	3.2	0.4	4.87	86.38	1.0872
8	2021.12.18	3.02	1.1	4.9	3.9	3.85	93.25	0.6048
8	2021.12.19	2.72	0.5	4.5	0.4	5.99	85.38	1.8828
8	2021.12.20	-3.1	-7.9	0.5	0	5.48	69.83	1.4472
8	2021.12.21	-8.25	-12.3	-5.1	1.6	2.91	82.42	1.0908
8	2021.12.22	-12.05	-15.9	-7.7	0	1.9	84.88	4.8132
8	2021.12.23	-5.68	-9.9	-3.6	0	4.5	85.12	0.5724
8	2021.12.24	-3.7	-6.2	-1	1	4.36	88.96	0.6588
8	2021.12.25	-6.3	-10	-4.2	0	4.96	85.08	4.6872
8	2021.12.26	-3.98	-5.5	-2.1	0.7	4.7	87.79	2.5092
8	2021.12.27	-6.82	-8.2	-4.4	0	3.29	92.33	1.4472
8	2021.12.28	-8.93	-11.2	-7.4	0	3.99	87.88	2.6676
8	2021.12.29	-7.4	-9.4	-5.7	0	4.02	79.54	3.168
8	2021.12.30	-2.73	-6.1	1.4	0	3.32	93.46	1.1484
8	2021.12.31	3.95	1.5	6.1	8.6	3.6	97.96	0.7776
8	2022.01.01	3.08	-1.7	5.7	0.5	3.94	91.71	0.702
8	2022.01.02	0.88	-2.2	6.8	13.9	3.69	95.29	0.3276
8	2022.01.03	5.81	4.2	8.1	4.6	4.66	93.12	0.9108
8	2022.01.04	4.12	2.1	4.9	6.1	3.68	91.71	1.1232
8	2022.01.05	1.6	0.6	3.4	0.2	3.82	90.79	1.9548
8	2022.01.06	-0.08	-3.8	1.5	0.2	4.6	80.04	1.3392
8	2022.01.07	-2.61	-4.8	-1.2	0.2	5.25	83.71	2.8872
8	2022.01.08	-2.3	-3.6	-1.7	0	4.23	69.17	2.8404
8	2022.01.09	-2.51	-6.5	-0.9	0	1.87	81.5	1.3536
8	2022.01.10	-3.75	-8.1	0	0	1.93	89.33	2.9088
8	2022.01.11	-5.24	-12.3	-2.1	0	2.32	79.83	2.6568
8	2022.01.12	-7.43	-12.8	-2.1	0	2.61	88.67	2.0052
8	2022.01.13	2.19	-1.9	5.2	0.1	6.03	93.62	1.0476
8	2022.01.14	4.27	2	7.5	1.3	8.88	70.17	2.2896
8	2022.01.15	1.25	-1.5	2.5	0	6.02	71.75	2.2824
8	2022.01.16	-1.28	-2.2	0.1	1	5.49	88.62	1.1088
8	2022.01.17	0.48	-1.5	2.1	4.1	8.45	75.33	2.7072
8	2022.01.18	-0.65	-1.9	0.5	0	4.44	76.67	4.3776
8	2022.01.19	-0.07	-2	1.3	0.1	5.23	92.21	1.2384
8	2022.01.20	-0.87	-3.2	0.6	3	7.45	84.25	2.4336
8	2022.01.21	-0.46	-1.9	0.3	0.6	8.16	77.46	2.2536
8	2022.01.22	-2.5	-3.1	-1.7	0	4.94	77.42	2.2356
8	2022.01.23	-4.87	-9.2	-2.2	0	1.95	83.21	4.8384
8	2022.01.24	-2.82	-5.5	-0.8	0.2	4.33	82.79	2.2896
8	2022.01.25	1.14	-0.4	2.4	0.5	3.5	95.08	1.71
8	2022.01.26	-0.01	-1	1.5	0.7	2.9	93.08	2.5416
8	2022.01.27	1.68	1.1	2.3	0.5	5.69	92.58	0.8568
8	2022.01.28	1.37	0	2.3	2.4	6.74	83.58	1.3104
8	2022.01.29	-0.01	-3.2	2.3	2.4	5.74	78.5	5.0256
8	2022.01.30	0.99	-0.5	3.5	7.1	8.5	88.12	2.0412
8	2022.01.31	-1.07	-2.1	0	0.5	6.11	76.88	5.0724
8	2022.02.01	-2.02	-2.9	-0.8	0.8	4.15	80.92	3.7044
8	2022.02.02	-1.55	-3.8	-0.2	0.5	3.38	89.79	1.3968
8	2022.02.03	-4.37	-8.2	-0.3	0	2.02	85.67	3.4956
8	2022.02.04	-1.15	-7.7	1.1	0.6	3.56	92.83	2.4588
8	2022.02.05	1.82	1.2	3.1	1.9	5.46	88.67	2.5452
8	2022.02.06	1.55	0.8	2.6	0.8	5.95	89.17	1.5156
8	2022.02.07	1.62	1.1	2.7	2.1	4.26	84.04	3.4632
8	2022.02.08	1.68	0.7	3.6	0.7	5.14	83.5	3.2292
8	2022.02.09	4.2	2.5	6.5	0.8	5.11	83.75	4.8312
8	2022.02.10	3.4	1.1	5.9	1.6	3.83	81.75	6.4188
8	2022.02.11	1.43	0.2	3.8	1.4	3.31	89.21	4.2372
8	2022.02.12	-0.68	-4	2.2	1	4.45	77.12	8.928
8	2022.02.13	-0.06	-3	3.9	0	5.3	68	8.0568
8	2022.02.14	1.77	-1.7	6.5	0	4.7	64.04	8.694
8	2022.02.15	2.55	-0.9	6.6	0.3	4.04	77	7.3188
8	2022.02.16	4.48	0.7	7.4	1.5	5.62	80.5	4.7232
8	2022.02.17	4.97	1.6	8.1	11.3	7.25	84.75	3.7872
8	2022.02.18	2.83	1.7	4.4	1.2	5.77	82.54	4.2552
8	2022.02.19	3.53	0.8	6.4	7.1	8.7	80	2.6964
8	2022.02.20	1.9	0.5	4.4	0.1	5.12	84.04	4.9968
8	2022.02.21	4.47	1.3	7.6	4	6.32	83.33	2.88
8	2022.02.22	0.91	-0.2	2.7	1.1	6.15	79.08	3.2976
8	2022.02.23	0.22	-2.4	2.7	0.7	3.49	89.17	2.6568
8	2022.02.24	2.13	-0.7	6.2	0	4.5	80.79	9.2952
8	2022.02.25	3.72	1.5	5.9	0	5.14	68.08	6.75
8	2022.02.26	2.2	-1.3	6.3	0	2.4	81.38	4.8708
8	2022.02.27	-1.7	-5	1.4	0	2.57	79.79	7.8948
8	2022.02.28	-2.8	-7.4	3	0	1.09	72.67	12.3588
8	2022.03.01	-1.99	-7.3	4	0	1.63	73.75	13.0068
8	2022.03.02	-2.02	-6.2	3.3	0	1.37	81.54	7.65
8	2022.03.03	-0.31	-3.5	1.6	0	2.08	80.83	3.24
8	2022.03.04	0.69	-0.3	1.7	0	3.42	73.25	2.9772
8	2022.03.05	-2.13	-6.6	0.4	0	2.32	69.5	8.7264
8	2022.03.06	-2.1	-7.9	2	0	2.36	71.83	10.7784
8	2022.03.07	0.88	-2	3.5	0	3.24	75.12	
8	2022.03.08	-0.4	-3	1.4	1.2	2.3	80.71	4.6152
8	2022.03.09	-1.45	-5.3	0.4	3.3	2.44	78.71	7.3188
8	2022.03.10	-4.97	-9.2	0.1	0	1.82	52.5	14.6016
8	2022.03.11	-3.67	-10.9	2.9	0	1.23	54.25	15.3468
8	2022.03.12	0.52	-4.4	5.3	0	2.63	49.75	9.7272
8	2022.03.13	0.91	-4.4	6.6	0	1.7	67.88	15.0156
8	2022.03.14	1	-6	7.9	0	1.15	66.21	15.7932
8	2022.03.15	2.73	-5.5	10.9	0	1.44	62.5	15.4836
8	2022.03.16	4.9	0.6	10.8	0	2.33	52.5	14.0508
8	2022.03.17	1.9	-3.8	7.5	0	2.29	43.62	16.0308
8	2022.03.18	1.37	-4.7	8	0	1.46	47.38	15.8112
8	2022.03.19	1.78	-5.3	9.1	0	1.23	56.29	15.8328
8	2022.03.20	2.7	-5.3	10.5	0	0.9	61.17	16.2684
8	2022.03.21	4.14	-4	13.1	0	1.43	64.54	17.0532
8	2022.03.22	6.01	-3.4	15.2	0	1.1	61.92	17.1468
8	2022.03.23	6.93	0.2	16.5	0	3.3	57.17	15.8616
8	2022.03.24	4.16	-2.3	10.9	0	2.2	70.92	15.1704
8	2022.03.25	7.12	-1.9	15.9	0	2.65	57.88	16.4196
8	2022.03.26	6.47	-0.5	10.7	0	6.84	52.04	14.9652
8	2022.03.27	2.19	-2.2	5.4	0	4.39	47.08	16.6068
8	2022.03.28	8.59	3.2	15.6	0	6.35	54.75	17.7804
8	2022.03.29	4.76	0.1	7.3	0	3.87	56.5	15.0804
8	2022.03.30	-1.03	-4.5	1.9	0	2.25	71.58	8.1936
8	2022.03.31	-0.14	-5.3	4.3	0	3.41	46.83	17.892
8	2022.04.01	1.48	-2	4.7	0	5.48	36.88	9.054
8	2022.04.02	1.71	-2.6	5	0	5.49	41.92	11.2212
8	2022.04.03	-0.55	-5.3	4.5	0	3.24	53.79	20.0952
8	2022.04.04	1.84	-4	6.3	0	6.28	65.29	9.8676
8	2022.04.05	2.06	-1.9	5.9	1.3	5.88	73.96	10.5048
8	2022.04.06	3.82	-2	7.8	1.1	4.3	79.67	11.3364
8	2022.04.07	11.45	7.5	15	0	5.09	66.29	12.6252
8	2022.04.08	5.77	1.6	9.8	2.8	5.14	75.04	11.718
8	2022.04.09	4.45	0.3	9.2	0	4.01	65.46	14.6808
8	2022.04.10	2.73	-0.9	7.1	0.7	4.18	73.75	8.9856
8	2022.04.11	3.08	-2.2	9	0	2.2	68.33	14.6808
8	2022.04.12	3.62	-4.2	10.4	0	1.62	63.71	22.734
8	2022.04.13	5.82	-3.2	12.8	0	0.95	58.46	17.8308
8	2022.04.14	9.82	0	17	0	2.65	50.17	17.8704
8	2022.04.15	7.3	3.3	10.3	3.8	3.25	87.08	3.6792
8	2022.04.16	3.92	-0.1	7.1	0	3.96	63.42	11.7792
8	2022.04.17	4.98	-0.7	9.9	0	2.87	50.17	21.6036
8	2022.04.18	6.05	-2.3	11.4	0	3.59	44.83	22.6512
8	2022.04.19	5.62	3.5	7.2	8.6	2.59	82.29	5.1264
8	2022.04.20	7.77	6.4	9	6.2	3.15	80.54	3.0492
8	2022.04.21	10.12	7.3	13.4	0	3.78	65.21	11.5848
8	2022.04.22	8.69	4	12.4	0.4	3.73	68.75	15.1056
8	2022.04.23	6.72	4	10.1	3.2	1.97	85.5	10.44
8	2022.04.24	7.17	5.6	9.4	2.3	2.5	86.92	6.4008
8	2022.04.25	7.8	5.5	10.1	0	1.5	81.33	7.5096
8	2022.04.26	9.85	6	14.2	0	2.51	65.96	18.2808
8	2022.04.27	7.72	3.9	12.1	0	2.8	51.33	24.6816
8	2022.04.28	6.45	1.8	11.3	0	1.51	47.83	23.1048
8	2022.04.29	7.85	1	12.4	0	1.82	58.04	22.7088
8	2022.04.30	8.19	1.3	13.6	0	1.97	54	25.8552
8	2022.05.01	9.47	2.1	15.8	0	1.77	56.54	16.0812
8	2022.05.02	8.45	1.4	15	0	1.72	66.25	21.8232
8	2022.05.03	8.89	1.1	13.6	0	3.47	60.62	17.1
8	2022.05.04	6.26	-0.8	11.7	0	1.99	45.12	26.7984
8	2022.05.05	11.62	2.9	17.6	0	2.76	39.71	25.6284
8	2022.05.06	10.44	7.9	12.3	6.6	1.88	79.83	6.3396
8	2022.05.07	12.72	4.7	18	0.3	2.15	72.46	19.3536
8	2022.05.08	11.41	5.9	14.9	0	2.61	69.96	19.4328
8	2022.05.09	7.97	2.3	13.4	0	2.28	52.04	27.8532
8	2022.05.10	10.45	-0.6	18.2	0	1.28	52.08	27.4536
8	2022.05.11	14.64	7	20.8	0	2.73	57.58	11.7468
8	2022.05.12	13.2	7.3	16.4	7.6	4.23	76.58	12.1392
8	2022.05.13	11.17	4.5	16.6	0	3.52	68.75	18.7992
8	2022.05.14	10.68	5	14.1	1.8	3.87	76.33	14.1588
8	2022.05.15	11.56	6.3	16.3	0	3.5	63.17	24.5232
8	2022.05.16	11.1	3	17.6	0	3.3	56.67	21.4056
8	2022.05.17	7.64	3	12.2	0	4.08	54.42	25.9488
8	2022.05.18	9.03	2.3	16.1	0	2.75	60.96	29.2104
8	2022.05.19	14.33	2.3	22.6	0	2.69	52.08	24.5664
8	2022.05.20	16.1	9.8	25	0	3.16	61.83	18.3528
8	2022.05.21	10.6	7.9	13.6	25.5	2.99	92.96	5.5944
8	2022.05.22	10.04	8	12.5	2.1	2.62	90.12	6.7392
8	2022.05.23	12.22	5.8	18.8	0	1.3	69.38	25.4196
8	2022.05.24	14.94	4.5	21	0	2.34	53.83	29.6676
8	2022.05.25	14.83	9.5	22.7	16.8	2.78	72.04	17.3736
8	2022.05.26	12.29	7.2	18.3	0.5	3.96	76.71	20.628
8	2022.05.27	10.63	6.2	13.7	3.3	4.27	71.62	17.2692
8	2022.05.28	9.23	5.7	13.1	1.4	4.24	75.54	21.7944
8	2022.05.29	10.57	6.4	15.4	4.2	2.58	88.58	15.8796
8	2022.05.30	9.78	8	11.2	21.7	3.04	94.12	3.3552
8	2022.05.31	12.78	8.1	17.9	0	3.22	72.67	25.8372
8	2022.06.01	12.17	6.7	17.1	14.5	2.38	86.17	8.3304
8	2022.06.02	11.68	7.8	16.6	2.9	2.27	83.62	15.6348
8	2022.06.03	13.49	6.8	19.1	0	1.92	74.88	21.6324
8	2022.06.04	16.05	8.1	23	0	2.1	67.58	25.0344
8	2022.06.05	15.38	8.6	21.5	0	1.93	69.79	29.8116
8	2022.06.06	17.83	7.7	24.1	0	1.24	63.83	25.5492
8	2022.06.07	19.07	13.1	24.3	0	1.56	71.04	14.1516
8	2022.06.08	17.88	12.8	23.3	3.5	1.31	86.88	14.3064
8	2022.06.09	20.14	15.1	26.6	0	2.11	79	
8	2022.06.10	20.1	14.6	27	0.2	2.68	79.04	24.732
8	2022.06.11	16.3	11.5	22.1	0	2.19	76.25	18.99
8	2022.06.12	17.42	8.9	24	0	2.12	69.12	26.9352
8	2022.06.13	15.01	11.3	20.6	11.5	2.1	81.42	14.5188
8	2022.06.14	13.62	10.7	16.8	1.9	3.99	77.25	22.0356
8	2022.06.15	14.87	9.5	20.1	0.1	2.59	76.21	22.5324
8	2022.06.16	14.15	8.5	19.7	4.4	1.83	83.38	16.7904
8	2022.06.17	16.06	10.1	21.6	0	1.98	73.92	27.5184
8	2022.06.18	16.86	9.7	20	0.1	2.86	76.12	12.4344
8	2022.06.19	20.44	14.2	27.9	0	2.57	69.38	26.9064
8	2022.06.20	14.15	12	16.4	3.2	2.01	89.92	7.6572
8	2022.06.21	11.61	9.5	13.4	40.8	3.97	93.5	3.3192
8	2022.06.22	16.69	11.4	21.7	0	2.78	70.71	30.5748
8	2022.06.23	17.56	9.5	23.8	0	1.2	72.83	30.042
8	2022.06.24	20.2	10.1	26.4	0	1.44	64.62	30.0996
8	2022.06.25	22.1	12.3	28.3	0	1.6	66.17	27.9612
8	2022.06.26	23.41	14.7	29.7	0	1.54	65.17	28.674
8	2022.06.27	23.98	15.4	30.3	0	1.58	64.42	28.926
8	2022.06.28	24.84	16.2	30.7	0.1	1.79	64.75	26.208
8	2022.06.29	22.94	18.1	29	0	1.91	81.04	23.7168
8	2022.06.30	24.67	19.1	29.8	0	1.71	75.04	24.0516
8	2022.07.01	25.11	18.1	30.5	0	2.32	62.25	26.4708
8	2022.07.02	20.8	15.5	28.1	1.4	2.61	77.67	16.902
8	2022.07.03	18.62	14.8	22.2	0.6	1.6	80.21	18.2628
8	2022.07.04	20.89	13.6	26.8	0	1.4	73.29	25.884
8	2022.07.05	19.35	15	23.6	0	1.65	69.96	25.5024
8	2022.07.06	15.04	11.6	18.2	21	1.48	89.42	8.1612
8	2022.07.07	16.2	11.1	19.8	0	2.35	71.12	19.4472
8	2022.07.08	17.08	14.4	21.2	16.1	2.78	78.29	15.7752
8	2022.07.09	16	11.1	19.5	0.2	2.04	77.88	21.5316
8	2022.07.10	15.1	10	19.9	0	2.07	74.42	20.4156
8	2022.07.11	15.69	11.5	20.1	0.1	2.28	75.42	20.3436
8	2022.07.12	15.62	13.6	17.2	34.8	6.03	92.25	3.8088
8	2022.07.13	17.59	13.3	21.4	3.2	3.17	83.29	21.5352
8	2022.07.14	16.91	10.9	21.2	0	3.33	70.17	27.2772
8	2022.07.15	14.6	10.4	19.1	1.2	3.4	77.71	21.9888
8	2022.07.16	14.44	10.6	20.4	2.8	3.05	77.71	20.8044
8	2022.07.17	14.52	10.2	19.2	6.2	2.53	80	21.0168
8	2022.07.18	14.68	9.5	18.5	3	2.54	88.92	11.9556
8	2022.07.19	19.29	14	24.6	0	2.22	77.5	24.2496
8	2022.07.20	18.98	13.4	23.6	0	2.67	71.21	25.5096
8	2022.07.21	21.25	11.6	28.1	0	1.4	70.96	27.1008
8	2022.07.22	23.61	14.8	31.2	0	1.5	68.54	26.6184
8	2022.07.23	21.17	16.2	26.6	0	1.5	81.25	20.0016
8	2022.07.24	17.55	14.3	20.7	1.2	2.96	82	16.3548
8	2022.07.25	18.85	13.4	24.4	0	1.58	74.21	24.6744
8	2022.07.26	20.05	15.2	25.9	14.4	2.45	73.25	20.2608
8	2022.07.27	16.72	11.3	20.8	4.8	1.75	76	19.9548
8	2022.07.28	15.96	10.6	21.6	0	2.38	79.21	19.0008
8	2022.07.29	16.01	10.9	21.2	0	1.62	70.67	26.46
8	2022.07.30	17.6	9.8	23.2	0	2.2	65.08	23.3928
8	2022.07.31	16.39	14.3	18.7	19.1	3	85.92	3.0528
8	2022.08.01	16.8	13.1	20.9	1.1	2.44	87.42	9.5364
8	2022.08.02	17.91	11	23.5	0	1.42	76.12	23.7888
8	2022.08.03	18.72	9.7	26.4	0	0.8	73	23.1336
8	2022.08.04	20.61	12.4	27.9	0	1.14	66.08	26.2476
8	2022.08.05	22.39	12	29.3	0	1.49	70.42	25.65
8	2022.08.06	16.65	10.3	23.6	12.1	2.07	88.54	7.866
8	2022.08.07	15.87	8.7	21.4	0	1.61	72.67	20.9088
8	2022.08.08	16.05	8.8	22.1	0	1.29	72.12	22.9284
8	2022.08.09	16.68	12	20.5	0.1	1.43	80.79	15.4368
8	2022.08.10	17.22	10.1	23.5	0	1.83	72.75	23.7888
8	2022.08.11	18.4	9.9	25	0	1.5	67.92	24.9048
8	2022.08.12	20.18	11.6	27.1	0	1.74	69.33	23.9868
8	2022.08.13	21.26	13.8	27.3	0	2.3	66.83	24.3504
8	2022.08.14	22.01	16.7	28.6	1	1.93	74.54	15.3216
8	2022.08.15	23.68	18.4	29.4	0	2.4	68.88	20.8548
8	2022.08.16	23.97	21.5	27.4	0.1	2.02	71	12.1428
8	2022.08.17	23.19	17.4	28.5	0	1.71	69.04	22.4964
8	2022.08.18	23.35	15.5	30.4	0	1.22	71.67	21.8916
8	2022.08.19	24.52	19.4	29.9	0	2.25	58.21	21.384
8	2022.08.20	21.73	17.7	25.9	0	2.46	70.71	16.542
8	2022.08.21	20.01	16.3	24	0	1.64	79.71	13.554
8	2022.08.22	20.88	15.1	26.4	0	1.2	79.75	15.4872
8	2022.08.23	23.26	16.9	29.9	0	1.54	66.71	21.258
8	2022.08.24	23.22	15.7	30.7	0	1.22	68.71	19.2996
8	2022.08.25	23.95	16.3	31.5	0	1.25	65.88	17.4204
8	2022.08.26	21.43	15.7	27.3	6.4	1.88	75.5	19.3428
8	2022.08.27	21.82	13.6	29.9	0	1.18	69.88	19.8432
8	2022.08.28	21.36	13.2	29.5	0	1	62.62	20.988
8	2022.08.29	17.98	12.6	22.7	0.6	1.92	89.67	7.7112
8	2022.08.30	17.65	13.3	21.9	0.1	3.43	81.5	13.3704
8	2022.08.31	14.02	9	19.1	0	1.87	72.17	17.7372
8	2022.09.01	12.03	7.4	16.8	0	2.42	67.88	18.144
8	2022.09.02	10.95	2.3	17.6	0	1.19	72.38	19.944
8	2022.09.03	11.75	6.6	18	0	1.43	73.58	15.2676
8	2022.09.04	10.83	3.9	17.5	0	1.73	67.5	19.4112
8	2022.09.05	9.84	4.2	15.1	0.3	1.76	74.71	15.1524
8	2022.09.06	9.01	1.3	16.3	0	1.19	73.67	16.9776
8	2022.09.07	10.08	0.3	18.4	0	1.2	72.29	20.0196
8	2022.09.08	11.77	4.3	18.2	0	2.41	68.71	17.6364
8	2022.09.09	11.26	7.4	14.3	0	3.02	61	6.8976
8	2022.09.10	10.98	9.3	12.5	0	2.36	71.58	4.4136
8	2022.09.11	8.8	7.6	10.6	13.6	3.55	94	2.088
8	2022.09.12	10.07	9.5	11.4	0.7	2.17	96.83	2.7648
8	2022.09.13	11.97	9.5	15.6	0.6	1.93	83.58	9.882
8	2022.09.14	13.43	10.1	17.5	0	3.07	83.21	11.016
8	2022.09.15	13.33	8.8	18.5	0.4	3	80.54	10.17
8	2022.09.16	11.35	8	14.6	0	4.74	70.92	12.2472
8	2022.09.17	11.28	8.1	16.2	0.2	3.94	77.79	9.2844
8	2022.09.18	9.75	6.7	14.4	0	1.54	90.96	10.0368
8	2022.09.19	11.32	9.1	15.4	1.4	2.72	85.04	9.7596
8	2022.09.20	11.09	9.3	14.7	1.5	1.77	89.21	7.632
8	2022.09.21	10.11	8	14	0.8	2.34	90	8.0532
8	2022.09.22	8.89	4.9	12.9	0.8	2.1	91.46	5.9328
8	2022.09.23	8.38	3.3	12.9	1.2	1.52	86.58	8.172
8	2022.09.24	8.95	2.8	14.9	0	1.07	82.96	12.564
8	2022.09.25	8.93	1.3	15.3	0	0.96	82.83	10.602
8	2022.09.26	10.76	4.9	17	0	1.22	80.21	11.9772
8	2022.09.27	10.28	4.8	13.4	0	1.93	87.96	5.238
8	2022.09.28	9.76	5.7	11.4	4.8	2.35	91.96	3.5136
8	2022.09.29	8.5	5.1	11.8	0.1	2.48	90.17	6.8544
8	2022.09.30	7.47	2.6	13.5	0	1.52	89.58	10.9512
8	2022.10.01	9.33	5.9	14.7	3.1	1.3	86.71	10.1664
8	2022.10.02	8.82	5.4	11.7	4.1	1.21	95.79	3.3372
8	2022.10.03	9.03	7.5	10.5	1.5	5.03	83.12	4.1148
8	2022.10.04	10.72	7.5	14.8	0	5.38	76.21	11.574
8	2022.10.05	10.98	7.5	14.9	0	3.54	86.29	7.4196
8	2022.10.06	11.38	7.3	16.8	0	3.35	82.33	6.822
8	2022.10.07	10.48	5.5	16.1	0	3.33	76.92	12.3948
8	2022.10.08	12.94	9	17.1	1.6	3.1	81.79	7.3368
8	2022.10.09	9.57	3.7	14.7	1.2	2.42	81.96	10.2528
8	2022.10.10	7.86	1.7	14.3	0	2.38	80.58	11.3652
8	2022.10.11	8.23	5	14.3	0.4	2.94	81.54	7.3476
8	2022.10.12	7.32	2.8	13.4	0.4	1.98	89.46	6.5772
8	2022.10.13	7.82	2.8	12.6	0	1.72	89.29	5.0652
8	2022.10.14	8.7	4.2	14.1	0	2.25	82.17	8.9784
8	2022.10.15	10.11	6	13.8	0	2.8	88.29	5.4576
8	2022.10.16	13.87	11.8	16.2	0.2	3.75	84.67	5.0436
8	2022.10.17	13.77	10.9	17	0	2.87	87.75	9.504
8	2022.10.18	13.31	8.1	17.4	0	2.88	84.75	3.9816
8	2022.10.19	7.23	1.8	10.3	0.6	3.65	76.25	7.8192
8	2022.10.20	5.46	-0.3	8.9	0	1.7	82.38	4.2156
8	2022.10.21	7.28	5.6	9.2	0	2.64	74.71	6.318
8	2022.10.22	7.12	5.3	9.3	0.9	1.97	86.88	3.906
8	2022.10.23	10.75	7.7	12.4	3.1	1.71	95.29	1.692
8	2022.10.24	10.83	9.9	11.7	0.7	2	96.33	1.8504
8	2022.10.25	11.58	8.6	13.2	1.1	2.18	96.12	1.9116
8	2022.10.26	10.99	9.8	12.8	2.9	2.92	93.21	3.7296
8	2022.10.27	10.65	9.9	12.6	0	2.98	92.88	4.896
8	2022.10.28	11.53	9.6	13.1	0.1	3.43	96.25	2.2356
8	2022.10.29	12.84	11.5	15.2	0	3.49	87	2.322
8	2022.10.30	10.93	6.9	13.4	0	3.08	82.96	4.5144
8	2022.10.31	5.11	1.1	10.8	0	0.96	87.92	6.6168
8	2022.11.01	6.47	3.9	8	0	1.37	95.33	1.9008
8	2022.11.02	9.37	8.1	11.3	2.2	1.63	96.54	0.882
8	2022.11.03	7.71	1.5	11.3	0.2	1.84	92.5	3.7692
8	2022.11.04	4.98	0.7	10.2	0	2.05	87.75	4.9896
8	2022.11.05	6.32	4.5	7.5	8.3	3.57	90.25	1.3464
8	2022.11.06	6.05	3.5	8.1	1	2.25	95.92	2.2752
8	2022.11.07	6.2	2.9	8.1	0	3.45	94.92	1.3788
8	2022.11.08	8.56	7	12.1	0	3.87	91.12	3.9924
8	2022.11.09	8.01	6.4	9.6	0	4.1	90.88	2.5704
8	2022.11.10	8.71	7.6	9.9	6.1	3.38	94.17	1.332
8	2022.11.11	8.5	6.7	9.7	0.5	4.36	95.46	1.4112
8	2022.11.12	10.86	9.8	11.5	0.6	3.11	93.21	0.8856
8	2022.11.13	9.38	6.1	11.2	0	1.47	94.79	1.6776
8	2022.11.14	4.89	3.4	6.6	0	2.02	99	1.98
8	2022.11.15	5.24	4.3	5.8	0.5	2.27	95.67	0.8208
8	2022.11.16	1.4	0.2	4.3	0	4.34	83.33	1.1052
8	2022.11.17	-1.99	-3.1	0.1	0.5	2.9	82.29	2.2212
8	2022.11.18	-3.15	-5.9	-1.9	1	3.52	82.08	2.7828
8	2022.11.19	-7.07	-12.2	-4.1	0.4	1.11	87.46	3.0096
8	2022.11.20	-5.25	-11.3	-2.7	0	3.17	85.46	3.7512
8	2022.11.21	-2.12	-4.9	-0.7	0	2.1	90.21	1.2888
8	2022.11.22	-2.36	-3.8	-1.7	0	1.29	89.58	0.9036
8	2022.11.23	-3.51	-4.7	-2.5	0	1.81	96.04	0.8352
8	2022.11.24	-3.01	-4.7	-2.1	2.3	1.83	96.54	0.7704
8	2022.11.25	-1.56	-2.4	-0.7	0	0.84	94.42	2.16
8	2022.11.26	-1.3	-1.9	-0.9	1.6	1.33	95.67	0.7272
8	2022.11.27	-0.47	-1.5	0.1	0.7	1.43	97.54	0.504
8	2022.11.28	-0.25	-0.6	0.2	1.6	1.49	96.46	1.3212
8	2022.11.29	-0.17	-0.8	0.4	0.6	2.35	94.29	0.6624
8	2022.11.30	-0.02	-0.7	0.3	0	1.8	93.67	0.8892
8	2022.12.01	-2.19	-4.4	-0.8	0	1.83	90.75	1.1016
8	2022.12.02	-5.36	-6.4	-4.3	0	2.02	88.67	0.9144
8	2022.12.03	-4.12	-8.4	-1.5	0	2.22	88.58	1.0368
8	2022.12.04	-1.12	-2.2	-0.5	0	3.9	92	0.45
8	2022.12.05	-3.03	-3.7	-2.6	0	3.83	92.21	0.4248
8	2022.12.06	-1.8	-2.7	-1.2	1	3.58	96.67	0.486
8	2022.12.07	-0.39	-1.3	0.5	4	3.9	95.12	0.7128
8	2022.12.08	-0.49	-1.8	0.3	0.7	5.36	87.54	1.2996
8	2022.12.09	-0.15	-0.6	0.9	2.9	2	96.08	1.1412
8	2022.12.10	-2.15	-4.6	-0.5	0	2.45	95.29	0.6084
8	2022.12.11	-4.65	-5.1	-3.8	8.3	4.25	94.71	0.5076
8	2022.12.12	-4.48	-5.3	-3.3	3.7	3.17	91.08	1.1628
8	2022.12.13	-2.58	-5.4	-1.1	0.3	6.08	87.54	1.6956
8	2022.12.14	-7.11	-9.6	-4.7	0	3.59	86	4.662
8	2022.12.15	-8.11	-11.6	-6	0.2	2.05	89.46	1.3212
8	2022.12.16	-5.88	-7.1	-4.8	0	2.87	90.38	1.3032
8	2022.12.17	-8.51	-10.1	-6.4	0	3.35	92.21	1.1916
8	2022.12.18	-9.3	-11.7	-6.6	0	2.83	90.71	2.0268
8	2022.12.19	-8.1	-9.6	-5.7	0	5.01	86.54	3.9924
8	2022.12.20	-0.37	-5.5	1.2	4.6	4.42	94.42	0.7632
8	2022.12.21	1.25	0.9	1.6	0.6	4.29	94.67	1.2096
8	2022.12.22	1.73	0.9	2.5	2.4	3.4	99	0.9144
8	2022.12.23	2.64	2.2	3.2	3.5	3.05	99	1.1844
8	2022.12.24	-0.16	-1.8	2.5	0	1.69	92.92	0.9144
8	2022.12.25	-1.49	-2.9	-0.4	0.1	1.59	92.46	1.0008
8	2022.12.26	0.24	-1	3.4	6.7	3.53	96.33	0.5256
8	2022.12.27	2.55	1.7	4	0.3	4.34	87.79	1.5336
8	2022.12.28	1.28	0.4	2.1	0.6	4.55	90.17	1.206
8	2022.12.29	3.65	2.2	4.9	2.2	4.63	93.33	0.8676
8	2022.12.30	4.02	0.9	6.3	0.5	4	91.08	1.5912
8	2022.12.31	5.6	1.1	10.4	1.3	5	93.17	0.6444
8	2023.01.01	11.29	8.2	13.2	0.1	4.93	78.96	2.1852
8	2023.01.02	7.77	6.3	9.2	1.9	3.3	89.04	0.5724
8	2023.01.03	5.4	1.3	9.5	0.5	5.44	82.21	2.2212
8	2023.01.04	1.24	-1.9	3.6	3.2	3.43	89.42	1.5156
8	2023.01.05	3.35	-5	7.6	5.4	4.55	95.17	1.1484
8	2023.01.06	-8.9	-9.8	-6.1	0	3.04	84.5	1.692
8	2023.01.07	-6.45	-9.2	-4	2	3.34	90.25	1.0584
8	2023.01.08	-2.12	-4	-1.2	0	4.48	92.42	2.0772
8	2023.01.09	-0.42	-1.6	1.4	2.6	3.9	94.79	0.702
8	2023.01.10	1.67	0.3	2.6	1.5	1.85	99	0.4788
8	2023.01.11	0.38	0	1.3	0	3.73	98.54	0.7596
8	2023.01.12	3.73	1.3	5.4	0	4.91	94.96	1.0476
8	2023.01.13	4.7	3.4	5.7	3.5	4.77	94.54	0.6408
8	2023.01.14	5.01	3.7	5.9	0	4.16	90.46	1.6452
8	2023.01.15	3.84	3.2	4.5	6.5	5.8	89.04	0.738
8	2023.01.16	2.86	1.8	3.9	0	4.13	89.08	3.114
8	2023.01.17	2.14	0.3	3.6	2	3.54	94.42	0.5652
8	2023.01.18	1.72	0.5	3.3	7.8	2.89	98.29	0.5004
8	2023.01.19	1.2	0.1	1.9	1.7	2.65	94.12	1.2888
8	2023.01.20	-0.07	-0.5	0.3	4.5	2.72	98.42	2.2032
8	2023.01.21	0.19	0	0.5	4.3	5.18	97.29	0.648
8	2023.01.22	-0.2	-1	0.5	0	2.88	91.58	1.818
8	2023.01.23	-0.88	-1.5	-0.2	0	1.57	88.92	1.5948
8	2023.01.24	-2.11	-3.2	-0.5	0.1	1.35	89.96	1.6236
8	2023.01.25	-2	-2.7	-1.2	0	3.17	90.71	1.9728
8	2023.01.26	-1.15	-1.9	-0.3	3.9	1.88	94.12	1.3104
8	2023.01.27	-0.85	-1.7	0	1.3	1.91	97.29	1.6344
8	2023.01.28	-1.87	-3.1	-1.1	0	1.82	90.33	1.4724
8	2023.01.29	-0.98	-2.9	0.5	0.1	5.85	90.29	2.2896
8	2023.01.30	0.49	0	1.5	1.5	6.51	92.17	1.9116
8	2023.01.31	1.28	-0.5	3.1	0.2	4.21	83.5	4.32
8	2023.02.01	1.01	-0.1	1.6	2.9	5.29	94.67	2.5704
8	2023.02.02	0.68	-1.4	1.9	0.4	3.73	90.46	1.962
8	2023.02.03	-1.1	-2.1	0.3	0	2.35	81.83	2.6892
8	2023.02.04	-2.98	-4.2	-1.9	0	3.91	80.58	3.0024
8	2023.02.05	-5.35	-9.1	-3.1	0	2.28	82.88	3.9528
8	2023.02.06	-2.25	-7.6	0.2	0.1	2.57	86.62	2.6532
8	2023.02.07	-0.85	-2.8	0	0	2.22	82.71	3.0924
8	2023.02.08	-0.66	-2.1	0.7	0	3.08	77.08	4.2408
8	2023.02.09	-1.12	-2	0.8	0	4.63	71.5	5.2812
8	2023.02.10	0.06	-2.2	2.7	0.3	5.45	80.29	3.8736
8	2023.02.11	1.48	-0.5	3.8	0.2	5.94	89.58	1.4724
8	2023.02.12	-0.55	-3.3	1.8	0	2.66	82.04	8.7588
8	2023.02.13	3.08	0.9	4.3	0.1	3.7	92.33	1.8864
8	2023.02.14	3.12	0.6	6.7	0	2.75	82.83	8.55
8	2023.02.15	0.24	-0.6	0.8	0	1.98	99	1.6308
8	2023.02.16	0.5	-0.4	1.2	0.1	1.45	95.58	1.278
8	2023.02.17	3.1	1.2	6.3	5.2	3.06	98.83	1.0152
8	2023.02.18	3.75	2	5.5	3.4	6.74	80.67	3.258
8	2023.02.19	1.71	-0.2	4.3	0	5.49	69.21	7.6248
8	2023.02.20	0.77	-2.2	4.7	6.4	5.31	89.62	1.422
8	2023.02.21	2.32	-1.3	4.8	3.2	4.59	82	4.104
8	2023.02.22	-2.56	-7	-1.5	0	1.97	77.33	2.0016
8	2023.02.23	-2.33	-7.3	0.3	0	3.42	74.88	5.8716
8	2023.02.24	1.6	0	3.7	4	2.73	96.21	1.728
8	2023.02.25	0.31	-1.3	1.6	2.5	1.83	96.92	2.448
8	2023.02.26	-2.28	-2.7	-1.8	0	3.03	76.33	2.736
8	2023.02.27	-2.85	-7	0.3	0	1.71	76.21	7.0956
8	2023.02.28	-1.16	-7.6	3.8	0	2.83	79.79	12.5712
8	2023.03.01	1.6	0.7	2.7	0.2	2.55	91.88	2.8296
8	2023.03.02	1.29	-1.6	5.5	0	2.51	88.33	4.6944
8	2023.03.03	2.17	-1.5	5.4	0	4.07	76.92	5.4864
8	2023.03.04	0.07	-1.9	2.2	0	6.76	71.17	7.6716
8	2023.03.05	-1.76	-3.4	1.1	0	3.85	76.21	8.9316
8	2023.03.06	-2.17	-4.9	1.6	0.3	3.35	78.67	9.5688
8	2023.03.07	-1.76	-8.3	1.7	2.1	3.88	82.75	9.1152
8	2023.03.08	-0.72	-4.6	1	0.1	6.15	69.33	9.0648
8	2023.03.09	-2.17	-6.7	1.1	0	1.9	67.96	11.9664
8	2023.03.10	-2.51	-3.7	-0.3	7.8	3.29	86.04	3.3732
8	2023.03.11	0.22	-2.4	3.8	3.1	3.91	91	2.9448
8	2023.03.12	-2.24	-5.8	0.8	0.9	4.9	71.25	10.3572
8	2023.03.13	0.32	-8.2	6.9	3.1	3.86	86.33	6.624
8	2023.03.14	7.93	6.4	12.1	4.3	4.11	83.46	4.4532
8	2023.03.15	2.9	-2.4	6.7	0.3	3.16	77	6.4008
8	2023.03.16	0.42	-3.5	5.9	0	1.3	76.17	10.332
8	2023.03.17	2.15	-4.9	7.8	0	2.55	66.25	12.8412
8	2023.03.18	5.57	0.1	9.3	0	4.47	57.42	13.8564
8	2023.03.19	7.64	2.7	14	0	2.31	67.75	13.464
8	2023.03.20	8.25	3	15	2.7	2.37	73.42	10.206
8	2023.03.21	5.88	4.1	7.2	0.1	2.49	83.71	4.8168
8	2023.03.22	6.75	0.3	10.6	0	3.51	77.96	9.3744
8	2023.03.23	10.67	7.8	16	2	4.53	78.08	10.5732
8	2023.03.24	9.82	4.8	14.3	3.1	4.14	87.83	9.1188
8	2023.03.25	8.95	4.4	13.8	2.8	3.18	83.62	13.4424
8	2023.03.26	6.15	2.7	9.4	2.7	2.91	91.33	7.1496
8	2023.03.27	1.99	-2	5	0	3.62	74.12	9.1116
8	2023.03.28	-1.15	-4.2	2.2	0.2	4.03	71.33	10.332
8	2023.03.29	0.08	-2.7	4.8	0	3.99	59.58	19.2888
8	2023.03.30	5.71	-1.3	10.7	0.8	3.19	61.79	11.9016
8	2023.03.31	7.85	4.7	11.7	10.4	2.12	93.38	6.1128
8	2023.04.01	4.93	2.8	7.5	3.5	2.9	98.5	2.5884
8	2023.04.02	2.5	-0.8	5.1	0.5	5.1	78.46	4.3488
8	2023.04.03	0.34	-2.9	3.8	0	4.51	59.67	17.2692
8	2023.04.04	-0.9	-2.4	1.7	1.7	2.5	87.54	8.136
8	2023.04.05	0.55	-2	3.6	0	1.45	70.96	10.0944
8	2023.04.06	2.53	-0.4	5.7	0.3	3.62	93.25	4.0572
8	2023.04.07	9.66	3.9	15.2	0	2.52	77.17	10.6884
8	2023.04.08	9.6	3.3	14.1	1.1	1.49	74.12	13.3344
8	2023.04.09	9.95	4.5	15.4	0	1.28	83.46	13.1472
8	2023.04.10	10.14	4.4	16.9	6.7	1.45	82	18.9792
8	2023.04.11	10.5	2.9	16.4	0	2.58	69.92	19.2132
8	2023.04.12	11.6	6.4	16.7	0.8	2.47	57.75	12.0312
8	2023.04.13	9.54	7.9	11.4	2.2	2.61	87.71	4.2732
8	2023.04.14	10.08	8.2	12.2	1	3.71	78.17	5.7852
8	2023.04.15	8.07	3.9	10.6	1.2	4.27	77	4.2696
8	2023.04.16	5.21	2.2	7.5	2.4	1.85	91.62	5.8104
8	2023.04.17	8.75	3.2	13.5	0	1.26	85.21	6.7608
8	2023.04.18	8.48	1.6	14.8	0.8	2.79	77.62	16.6176
8	2023.04.19	11.1	5.6	16.8	11.3	4.15	69.08	17.4672
8	2023.04.20	12.43	6.7	18.5	0	3.27	51.96	22.1652
8	2023.04.21	10.68	4.3	17.1	0	1.93	56.29	22.4208
8	2023.04.22	11.61	4.7	17.9	0	1.47	65.21	20.4696
8	2023.04.23	14.03	4.8	20.7	0	2.8	53.12	23.778
8	2023.04.24	15.75	9.1	21.7	0	3.27	44.25	20.8152
8	2023.04.25	11.7	6.4	18.4	2.1	3.37	69.08	16.1532
8	2023.04.26	4.64	1.8	7.8	9.8	3.14	82.46	6.5808
8	2023.04.27	5.05	0.6	11.1	0.6	2.9	73.79	17.172
8	2023.04.28	5.29	-0.8	11.3	0	2.45	68.88	18.9036
8	2023.04.29	9.3	-1.3	15.4	0	2.8	55.12	24.0336
8	2023.04.30	8.76	3	12.3	1.5	3.57	57.75	20.2284
8	2023.05.01	8.22	-0.4	14	0	2.2	59.12	25.7904
8	2023.05.02	10.07	4.4	17.3	1	3.55	65.88	13.0608
8	2023.05.03	7.18	0.3	13.1	0	1.59	62.08	25.4556
8	2023.05.04	8.25	-0.9	14.3	1.1	1.58	60.21	23.1264
8	2023.05.05	6.59	1.7	10.7	2.9	2.86	54.79	26.7624
8	2023.05.06	7.43	-0.7	12.7	0	2.6	45.29	24.8796
8	2023.05.07	8.11	0.8	13.6	0	2.46	46.5	27.3528
8	2023.05.08	8.47	-0.9	15.3	0	1.15	52.04	27.4968
8	2023.05.09	10.04	0.6	17.2	0	1.59	52.38	27.3744
8	2023.05.10	11.68	0.9	18.3	0	1.83	46.42	27.6876
8	2023.05.11	11.99	2.4	18.3	0	1.71	45.71	27.4932
8	2023.05.12	13.55	2.1	21.6	0	1.49	50.42	25.4124
8	2023.05.13	14.34	5.1	21.7	0	1.12	64	14.2848
8	2023.05.14	16.8	8.5	23.2	0	1.48	56.67	18.4968
8	2023.05.15	16.35	11.3	22.9	5.3	3.4	59.75	14.3748
8	2023.05.16	13.67	12	15.8	0	3.72	82.25	11.0664
8	2023.05.17	9.53	6.2	12.2	18.3	2.29	94	4.7844
8	2023.05.18	10.38	5.4	14.4	0	2.58	71.71	18.9216
8	2023.05.19	12.82	9.6	15.6	0	2.22	56.88	11.484
8	2023.05.20	15.6	8.7	22.2	0	1.99	57.58	26.4744
8	2023.05.21	15.45	5.5	22.2	0	1.51	57.08	28.7604
8	2023.05.22	15.36	6.9	22	0	1.23	62.58	26.3664
8	2023.05.23	16.65	6.1	23.6	0	1.36	61.75	28.9692
8	2023.05.24	18.15	9.4	25.1	0	1.26	57.5	27.612
8	2023.05.25	18.2	10.5	25.7	0.5	1.51	64.04	23.0796
8	2023.05.26	14.25	8.8	21.1	0	2.98	66.08	24.6492
8	2023.05.27	10.78	4.2	16	0	3.21	57.92	28.7892
8	2023.05.28	12.76	2.3	20	0	0.98	56.79	29.1852
8	2023.05.29	14.89	6.1	21.2	0	1.78	60.79	23.9472
8	2023.05.30	14.54	7.8	20.7	0	2.77	56.67	26.676
8	2023.05.31	14.58	6.4	21.8	0	1.99	56.21	29.5848
8	2023.06.01	16.07	7.7	22.5	0	1.88	62.67	26.7732
8	2023.06.02	9.16	4.7	14.7	0	3.55	67.58	18.144
8	2023.06.03	9.39	3.9	15.9	0	2.5	63.38	24.264
8	2023.06.04	12.54	2.2	19.9	0	1.86	58.08	24.822
8	2023.06.05	13.32	2.6	19.8	0	1.78	62.62	27.7524
8	2023.06.06	16.14	4.1	24.1	0	1.18	56.54	28.6704
8	2023.06.07	18.59	6.9	26.2	0	1.29	52.08	28.5228
8	2023.06.08	19.44	9	27.4	0	1.23	53.42	28.53
8	2023.06.09	19.71	9.4	26.3	0	2.79	52.04	28.6272
8	2023.06.10	16.62	11.6	22	0	4.3	43.5	28.8288
8	2023.06.11	15.43	7.2	21.2	0	3.24	45.29	29.4696
8	2023.06.12	14.14	5	20.1	0.9	2.79	55.33	22.9896
8	2023.06.13	16.85	9.9	23.4	0.8	2.5	56.83	24.3036
8	2023.06.14	16.45	9.7	21.1	0.6	1.93	62.12	13.3236
8	2023.06.15	16.75	12.5	21.3	7.3	1.37	84.38	13.5252
8	2023.06.16	18.49	10.7	25.7	20.2	1.26	79.08	21.4812
8	2023.06.17	18.02	15.4	22.1	9.8	1.59	94.54	9.702
8	2023.06.18	18.19	16.6	20.2	3.7	1.13	89.75	10.5408
8	2023.06.19	19.24	14.4	24.3	0.1	1.73	80.46	21.9456
8	2023.06.20	20.59	13.9	26.3	0	1.15	72.88	26.514
8	2023.06.21	22.15	13.7	28.2	0	1.86	69.92	26.7408
8	2023.06.22	20.47	12.3	24.9	0.1	2.24	78.33	18.2232
8	2023.06.23	18.1	10.2	23.6	0	1.35	76.88	18.2736
8	2023.06.24	19.62	14.6	23.7	0	2.15	67.5	25.2792
8	2023.06.25	19.15	12.7	24.9	0	2.21	63.29	28.4364
8	2023.06.26	17.42	10.8	23.5	1.4	1.73	75.88	23.7924
8	2023.06.27	15.23	10.5	21.4	6.7	1.43	88.67	11.5488
8	2023.06.28	15.96	12.8	20.7	20.4	2.16	88.29	13.8528
8	2023.06.29	19.02	13.5	24.6	0	2.78	78.08	23.4612
8	2023.06.30	20.31	16	25.8	0	2.02	75.04	23.9616
8	2023.07.01	18.03	12.2	21.9	1.1	1.85	75.75	21.7224
8	2023.07.02	16.49	12.5	21.6	5.8	3.18	82.21	14.1192
8	2023.07.03	17.27	11.7	21.4	0.1	3.96	64	23.5008
8	2023.07.04	18.54	13	24.9	0	3.59	65.21	28.1232
8	2023.07.05	19.3	10.1	25.8	0	1.8	63.71	27.7668
8	2023.07.06	18.48	11.4	22.4	0	1.88	70.25	14.1984
8	2023.07.07	16.45	8.3	22.6	0	1.86	66.17	28.2204
8	2023.07.08	17.6	7.6	23.8	0	2.2	62.75	27.1044
8	2023.07.09	17.2	11.1	23.3	1	2.11	74.46	26.3088
8	2023.07.10	17.25	11.3	22.4	0	2.33	73.04	25.7904
8	2023.07.11	16.82	10.3	22.2	0	1.84	63.42	25.7004
8	2023.07.12	20.68	11.4	26.8	0	1.74	58.25	26.676
8	2023.07.13	20.8	15.8	27	0	2.04	64.21	24.0984
8	2023.07.14	18.06	11.2	24.6	0	1.95	67.83	23.796
8	2023.07.15	19.87	10	27.2	0	1.31	61.17	27.5724
8	2023.07.16	23.6	15.3	32.4	5.3	2.34	63.46	25.5348
8	2023.07.17	23.1	16.4	29.2	0	2.29	63.5	25.0164
8	2023.07.18	17.93	11.9	22.3	0.7	2.98	64.54	21.834
8	2023.07.19	16	10.4	20.2	0.6	2.61	74.25	14.9544
8	2023.07.20	16.38	10.8	20.8	0	1.67	71.25	20.2932
8	2023.07.21	15.46	9.2	21.9	0.5	2.41	77.04	21.6792
8	2023.07.22	14.81	9	20.6	0.4	1.64	86.67	12.0132
8	2023.07.23	16.27	10.3	20.3	0.5	2.29	77.88	14.094
8	2023.07.24	20.09	14.6	25.3	0.8	2.27	71.04	19.1232
8	2023.07.25	21.24	15.9	25.9	0	3.21	65.17	22.6692
8	2023.07.26	17.77	14.3	21.9	0	3.15	65.71	18.8964
8	2023.07.27	15.88	11.6	21.6	1.3	1.88	76.08	15.498
8	2023.07.28	16.18	8	23.1	1.3	2.23	80.58	16.3836
8	2023.07.29	19.04	14.5	25	0	1.99	65.92	24.1056
8	2023.07.30	18.49	14.3	24.7	2.1	2.18	79.04	14.8212
8	2023.07.31	19	13.1	24	3.8	2.38	72.33	19.0224
8	2023.08.01	19.77	14.5	24.6	0.6	3.62	70.38	12.402
8	2023.08.02	20.18	16.9	24.8	0.3	3.53	68.42	20.5668
8	2023.08.03	19.67	16.8	23.3	0	4.58	70.79	8.748
8	2023.08.04	20.36	14.9	25.4	0	3.34	66.67	20.97
8	2023.08.05	19.24	13.8	26.1	21.6	1.96	84.58	11.5668
8	2023.08.06	25.53	18.6	32	8.6	4.08	71.5	22.0248
8	2023.08.07	16.76	14.3	19.6	7	3.2	89.83	3.726
8	2023.08.08	14.9	10.9	18.7	1	4.54	70.83	13.7376
8	2023.08.09	15.01	9.6	20.2	1.1	2.38	74.08	16.1784
8	2023.08.10	16.27	10.8	22	0	1.71	72.67	21.618
8	2023.08.11	17.97	11.7	23.9	0	1.12	65.38	22.4388
8	2023.08.12	17.02	9.1	24.1	0	1.13	68.79	22.1184
8	2023.08.13	20	11.3	27.8	0	1.98	71.38	18.0108
8	2023.08.14	20.05	13.3	26.8	0	1.18	69.88	24.012
8	2023.08.15	25.46	18.1	33.1	0	2.46	59.21	20.5848
8	2023.08.16	26.12	18.5	33.3	0	2.23	56.29	22.4316
8	2023.08.17	24.84	18.3	32.4	0	1.23	70.46	18.5508
8	2023.08.18	24.88	18.4	30.7	0	2.03	62.46	23.1372
8	2023.08.19	22.82	15.8	28.3	3.7	1.4	73.96	13.8204
8	2023.08.20	23.96	17.9	29.6	0.3	1.11	74.42	20.2896
8	2023.08.21	19.74	14.1	25.3	0	2.13	79.33	12.258
8	2023.08.22	17.53	12	22.5	0	2.16	75.54	15.588
8	2023.08.23	17.48	11.2	23.7	0	2.22	72.58	17.514
8	2023.08.24	16.88	12.1	23.2	0.9	1.52	79.54	14.7888
8	2023.08.25	19.93	11.9	25.5	0	2.08	68.83	14.5764
8	2023.08.26	22.1	17.1	29.7	0	1.97	73.54	16.5852
8	2023.08.27	20.97	16.4	26.2	0.4	1.68	85.79	12.2724
8	2023.08.28	20.03	15.5	23.1	0	2.7	78.04	14.0904
8	2023.08.29	19.75	15.8	27	2.8	3.11	79.12	13.9716
8	2023.08.30	20.14	17.7	25.6	6.4	2.47	88.67	10.4472
8	2023.08.31	17.14	13.1	19.4	0.1	3.02	88.67	7.2648
8	2023.09.01	15.22	10.8	18.8	0	3.52	73.92	16.6392
8	2023.09.02	15.95	11	21.9	0	3.22	74	17.4888
8	2023.09.03	16.01	8.6	22.4	0	1.56	74.83	18.4716
8	2023.09.04	15.06	9.3	21.6	0	1.11	77.33	16.4196
8	2023.09.05	18.18	11.4	23.6	0	3.38	74	13.338
8	2023.09.06	19.03	13.3	24.8	0	2.28	75.62	18.27
8	2023.09.07	16.36	8.9	23.7	0	1.18	71.46	18.5364
8	2023.09.08	17.3	8.8	25.2	0	1.66	73.29	17.8236
8	2023.09.09	17.77	10.1	25.2	0	0.87	69	16.8588
8	2023.09.10	19.32	13.5	26.3	0	2.42	63.5	16.5924
8	2023.09.11	19.6	13.2	27.4	0	1.53	69.79	15.768
8	2023.09.12	19.94	12.8	28	0	1.34	73.71	16.1352
8	2023.09.13	20.96	13.3	28.5	0.1	1.64	70.92	14.7204
8	2023.09.14	15.72	9	19	4.6	2.33	88.46	5.832
8	2023.09.15	12.29	5.9	19.2	0	1.7	74.62	17.3124
8	2023.09.16	13.81	5.2	20.4	0	2.17	69.54	17.4564
8	2023.09.17	16.57	10.3	24.5	0	2.02	74.21	17.028
8	2023.09.18	18.85	10	26.1	0	1.59	75.54	12.4668
8	2023.09.19	18.13	13.9	23.2	1.7	2.82	87.04	7.6644
8	2023.09.20	16.03	10.9	22.1	0	2.53	76.92	15.0228
8	2023.09.21	17.96	8.8	24.5	0	2.48	69.38	15.9264
8	2023.09.22	21.12	14.9	26.8	0	4.03	62.79	15.0948
8	2023.09.23	18.23	12.8	23.8	3.5	2.58	84.33	7.1172
8	2023.09.24	14.73	9.9	19.5	0.1	1.64	83.58	11.754
8	2023.09.25	12.28	5	19.6	0	0.94	78.38	15.0696
8	2023.09.26	15.6	6.7	22.6	0	1.6	81.25	13.2732
8	2023.09.27	19.38	13.3	26.8	0	2.31	74.25	13.3704
8	2023.09.28	19.16	13.1	25.9	0	2.04	70.75	13.6224
8	2023.09.29	18.01	11.2	25.8	0	2.39	64.75	13.5504
8	2023.09.30	14.72	10.4	17.9	0.1	2.9	77.08	3.5172
8	2023.10.01	12.9	8.8	16.2	0.1	3.21	82.46	7.4916
8	2023.10.02	13.09	6.9	17.4	0	2.37	82.58	8.0316
8	2023.10.03	19.4	14.7	23.6	0	4.93	67.71	10.8216
8	2023.10.04	12.44	10.3	16	16.5	5	85.88	6.5772
8	2023.10.05	10.73	8.9	13.3	1.4	5.38	87.33	4.1328
8	2023.10.06	10.82	5.1	13.7	0	3.78	81.62	8.1648
8	2023.10.07	11.42	6.6	15.6	1.6	6.39	75.04	7.0056
8	2023.10.08	5.57	3.7	9.4	2.5	5.31	75.08	9.3636
8	2023.10.09	4.8	1.4	10.3	0	2.53	83.33	6.3072
8	2023.10.10	6.78	0.6	13.1	0	1.99	79.71	9.5904
8	2023.10.11	11.81	5	16.4	0	4.72	80.67	4.5396
8	2023.10.12	12.27	8.3	16.8	4.8	4.31	83.33	4.3056
8	2023.10.13	11.05	6.8	16.2	0	4.27	80.83	9.9684
8	2023.10.14	14.88	9.1	20.3	0.7	4.37	78.33	5.6052
8	2023.10.15	7.77	6	10.6	0	4.92	75.33	7.2684
8	2023.10.16	5.4	1.5	10.1	0	3.06	84.88	6.6636
8	2023.10.17	6.15	0.9	11.2	0	3.99	78.88	8.6364
8	2023.10.18	6.35	3.3	10	2.6	3.9	86.83	4.7412
8	2023.10.19	3.3	1.5	5.6	0.3	2.51	84.54	5.2812
8	2023.10.20	2.06	0.4	3.3	3.7	4.38	95.12	1.0224
8	2023.10.21	5.27	3.2	7.2	7.7	4.16	96.29	0.6264
8	2023.10.22	8.12	7.2	8.9	27	2.29	99	1.0836
8	2023.10.23	9.63	5.5	13.4	6.9	2.77	93.71	3.1464
8	2023.10.24	6.44	2.1	11.7	0	1.81	96.25	6.912
8	2023.10.25	6.9	5.6	8.2	19.5	4.14	94.33	0.6984
8	2023.10.26	3.84	3	5.8	2	2.97	98.75	1.3392
8	2023.10.27	4	3.2	5.3	0.3	1.95	98.71	1.6632
8	2023.10.28	1.74	1	3	0.6	2.15	95.21	1.3716
8	2023.10.29	3.26	-1.7	9.4	1.8	2.56	93.71	4.4568
8	2023.10.30	10.53	5.3	14.9	1.7	3.2	89.21	6.2712
8	2023.10.31	11.5	4.4	15.1	0.1	3.88	85.67	2.1348
8	2023.11.01	7.55	2.2	10.9	0	3.59	79.46	3.1968
8	2023.11.02	6.41	0	12	0	2.41	83.29	6.8508
8	2023.11.03	9.29	6.6	12.2	4	5.25	81.12	4.3236
8	2023.11.04	8.54	5	10.8	0	4.62	81.67	2.2176
8	2023.11.05	6.5	1.6	8.7	2	2.08	93.92	1.5588
8	2023.11.06	8.75	7.2	10.4	3.5	4.5	95.04	1.5084
8	2023.11.07	7.65	4.9	9.6	0	4.3	87.67	4.482
8	2023.11.08	6.7	4.9	9.3	1.2	3.28	91.08	3.636
8	2023.11.09	7.16	6.5	8.5	0	4.11	86.25	3.3588
8	2023.11.10	6.58	4.4	8.6	0	3.41	80.29	2.8368
8	2023.11.11	5.34	4.8	6.6	3.1	1.63	94.58	1.2852
8	2023.11.12	5.3	4.7	6.1	0	2.82	96.62	0.6912
8	2023.11.13	4.6	1.1	6.7	0.2	3.75	88.92	2.6604
8	2023.11.14	3.05	1.4	4.2	2	2.05	95.75	1.4184
8	2023.11.15	2.65	0.5	4	3.9	3.28	96.46	0.5904
8	2023.11.16	1.08	0.2	2	0	1.63	86.62	1.0584
8	2023.11.17	0.67	-0.4	1.8	0	2.22	82.54	1.5156
8	2023.11.18	-1.6	-4.5	-0.5	0	1.29	84.33	1.0512
8	2023.11.19	-0.94	-3.8	0.6	0	2.14	89.88	0.792
8	2023.11.20	-1.11	-2.6	0.3	0	3.49	66.67	2.1744
8	2023.11.21	-3.1	-6.8	-1	0	3.1	63.96	3.4632
8	2023.11.22	-4.4	-7	-2.8	0.1	1.86	88.92	1.368
8	2023.11.23	1.43	-2.6	6.1	8.1	7.84	88.12	0.8496
8	2023.11.24	1.04	-0.4	2.9	4.4	4.72	91.88	2.4516
8	2023.11.25	-0.9	-2.2	-0.2	0	2.86	92.21	1.3068
8	2023.11.26	-5.15	-8	-2.7	0	2.36	84.79	4.4928
8	2023.11.27	-5.73	-6.4	-5.3	0	3.33	87.08	0.7524
8	2023.11.28	-7.17	-8.5	-4.4	0	2.35	90.12	5.364
8	2023.11.29	-6.27	-8	-4.7	0	1.73	91.21	2.2968
8	2023.11.30	-4.74	-7.5	-2.5	0	3.26	92	1.8
8	2023.12.01	-3.7	-5.3	-2	0	4.25	91.54	2.4408
8	2023.12.02	-2.36	-3.4	-1.5	0	1.2	92.12	0.8244
8	2023.12.03	-3.02	-5.5	-2.1	1.9	2.33	92.79	1.2744
8	2023.12.04	-2.2	-3.1	-0.6	0.3	5.07	88.58	2.1636
8	2023.12.05	-3.67	-7.9	-0.8	0	1.62	90.96	4.1184
8	2023.12.06	-5.07	-8.2	-3	0	2.45	92.58	0.9972
8	2023.12.07	-3.73	-6	-2.6	0.2	3.01	86.42	1.3392
8	2023.12.08	-5.25	-6.4	-4.4	0	2.23	84.79	0.9108
8	2023.12.09	-4.7	-5.6	-3.8	1.7	2.95	90.17	0.6768
8	2023.12.10	-2.68	-3.7	-1.8	0.1	3.8	90.38	1.422
8	2023.12.11	-0.63	-3.5	2.2	2.9	3.75	95.67	0.8316
8	2023.12.12	1.13	0.4	2.2	0.5	2.38	98.46	0.828
8	2023.12.13	0.52	0.2	0.8	0	1.51	99	0.8928
8	2023.12.14	-0.22	-3.7	0.6	0.5	2.52	99	0.5472
8	2023.12.15	-1.21	-5	0.4	2.6	2.14	94.96	
8	2023.12.16	3.21	0.9	4.7	0.5	4.22	98.62	
8	2023.12.17	6.4	4.9	7.1	1.9	4.62	98.75	
8	2023.12.18	6.44	6.1	6.9	2.4	3.67	97.88	0.5724
8	2023.12.19	6.04	5.2	7.1	1.1	5.88	97.67	0.6732
8	2023.12.20	3.45	2	5.1	3.2	3.74	96.46	1.4112
8	2023.12.21	2.35	1	3.7	5.1	5.33	93.96	0.8064
8	2023.12.22	1.95	0.4	4.2	0.9	5.77	87.96	1.1484
8	2023.12.23	0.09	-0.3	0.6	0.1	6.12	89.21	0.6408
8	2023.12.24	-0.27	-1.5	0.1	0.3	4.36	88.12	1.1844
8	2023.12.25	4.37	0.4	6.3	6.2	6.8	87.79	1.4256
8	2023.12.26	3.32	1	6	2.1	4.98	88.88	0.5724
8	2023.12.27	1.4	-0.8	3.2	4.8	4	90.29	2.5056
8	2023.12.28	1.2	-1.2	4.2	0.1	3.81	93.92	0.828
8	2023.12.29	4.8	3.3	6.4	0.6	5.29	90.67	0.7668
8	2023.12.30	4.16	2.3	5.9	5.9	4.3	92.29	0.9576
8	2023.12.31	1.81	0.6	3	0.8	2.56	94.79	1.1952
8	2024.01.01	-0.4	-2.4	0.5	0.2	3.26	90.12	0.774
8	2024.01.02	-4.58	-6.6	-2.6	4.8	2.67	90.58	1.2348
8	2024.01.03	-6.85	-8.1	-6.1	2.6	3.7	87.33	1.3752
8	2024.01.04	-7.87	-8.6	-7.1	2.7	2.56	88.21	1.4652
8	2024.01.05	-6.03	-10.6	-2.8	0	3.6	84.04	1.998
8	2024.01.06	-7.49	-14.5	-3.4	0	1.99	86.08	1.7172
8	2024.01.07	-16.88	-18.5	-14.8	0	2.65	83.83	4.5144
8	2024.01.08	-19.56	-21.8	-15.8	0	1.82	79.58	6.7464
8	2024.01.09	-6.97	-18.2	-1.2	0	3.33	88.54	1.656
8	2024.01.10	0.45	-0.7	0.9	0.2	3.93	95.79	1.1664
8	2024.01.11	-0.21	-6.3	2.6	0	4.77	79.38	2.6748
8	2024.01.12	-4.64	-9	1.2	3.5	4.18	84.5	1.7388
8	2024.01.13	-6.88	-8.6	0	0.8	3.91	86.5	1.9044
8	2024.01.14	-0.25	-5.3	0.8	3.3	4.45	96.42	1.5192
8	2024.01.15	-0.18	-1.5	0.4	1.8	5.75	89.5	1.5228
8	2024.01.16	-5.62	-12.8	-1.4	1.7	4.63	82.17	3.726
8	2024.01.17	-10.4	-17	-5.6	0	3.49	84.83	2.646
8	2024.01.18	-3.86	-5.4	-1.8	1.1	2.84	90.71	2.4408
8	2024.01.19	-4.27	-7.4	-2.8	0	4.83	89.62	2.4372
8	2024.01.20	-2.13	-3.9	0.5	4	4.89	92.83	1.206
8	2024.01.21	-3.43	-4.3	-2.7	0	3.73	84.71	2.6136
8	2024.01.22	-0.06	-2.5	2.4	0.2	6.47	78.04	1.7244
8	2024.01.23	2.39	1	3	1.2	4.64	94	1.62
8	2024.01.24	2.61	0.8	4.2	4.4	5.82	93.92	0.9504
8	2024.01.25	1.95	0.3	4	1.7	5.92	92.33	0.918
8	2024.01.26	-0.45	-1.1	0.1	0	3.44	86.54	1.3284
8	2024.01.27	-0.46	-1.6	0.5	2.3	1.75	96.04	1.656
8	2024.01.28	0.97	0	2.1	0.8	2	97.92	1.2708
8	2024.01.29	1.25	-0.6	3.3	0	3.7	90.08	4.2192
8	2024.01.30	1.23	-0.5	5	0	3.24	84.83	5.49
8	2024.01.31	1.76	0.1	3.5	0.1	3.81	90.54	1.6308
8	2024.02.01	1.9	1	3.3	3.8	5.61	84.96	1.9692
8	2024.02.02	1.69	-0.4	3.9	1.3	4.52	86.08	4.5144
8	2024.02.03	5.4	2.3	6.9	1.2	6.12	87.54	1.0116
8	2024.02.04	3.2	1.4	4.9	6.2	6.67	86.46	2.9772
8	2024.02.05	1.54	0.3	3.9	4.7	4.9	84.83	3.996
8	2024.02.06	0.65	0	3.8	7.3	2.22	96.54	1.9116
8	2024.02.07	1.47	-2.3	7	7.1	4.76	80.29	2.916
8	2024.02.08	-1.53	-3.4	0.4	0	2.66	80.21	3.3876
8	2024.02.09	-2.02	-5.6	0.4	0.2	2.24	82.83	4.9644
8	2024.02.10	-0.53	-1.1	0	0.3	3.31	94.04	1.2564
8	2024.02.11	0.99	0	2	2.1	2.59	98.75	1.224
8	2024.02.12	4.13	1.9	6.6	1.7	2.47	99	1.1448
8	2024.02.13	3.49	1.2	6.5	0.6	2.55	95.08	1.71
8	2024.02.14	2.09	0.2	4.4	0.1	1.34	94.92	4.0572
8	2024.02.15	3.83	1.1	6.3	0.1	3.29	81.96	4.2516
8	2024.02.16	5.9	2.4	9.9	0	4.57	76.71	7.3908
8	2024.02.17	3.84	0.7	7.1	3.6	4.54	89.33	1.746
8	2024.02.18	-0.1	-2.9	2.3	0	2.24	76.88	6.6888
8	2024.02.19	-0.37	-2	1.5	2.3	4.12	79.25	4.3632
8	2024.02.20	0.55	-0.6	1.4	2.7	2.17	97.71	1.9728
8	2024.02.21	3.22	0.4	5.5	5.2	3	97.83	2.4912
8	2024.02.22	5.33	3.2	6.8	4.4	2.84	94.58	3.0816
8	2024.02.23	6.94	5.8	8	4.2	3.15	93.42	1.6128
8	2024.02.24	7.15	0.6	10.7	0	3.88	88.04	3.726
8	2024.02.25	4.95	-1.1	11.1	0	1.77	92.62	8.0712
8	2024.02.26	8.61	5.7	11.8	1.4	2.17	91.71	5.4864
8	2024.02.27	8.04	7.1	9	4.1	1.9	98.12	1.9908
8	2024.02.28	7.57	4.2	10.2	7.6	1.95	99	1.854
8	2024.02.29	2.67	0.8	4.4	0	1.93	92.58	3.4776
8	2024.03.01	7.27	3.8	12.7	0	3.3	80.12	8.784
8	2024.03.02	5.69	3.6	8.6	0	3.05	74.62	6.2136
8	2024.03.03	4.1	1.5	7.9	0	3.2	68.21	11.9412
8	2024.03.04	2.89	1.5	5.1	0	3.53	79.62	5.3712
8	2024.03.05	3.77	1.5	6.9	1.1	3.57	80.88	2.79
8	2024.03.06	1.25	-2.2	5.7	0	2.7	68.71	12.348
8	2024.03.07	-0.39	-5.5	5.8	0	1.51	71.88	14.4252
8	2024.03.08	-0.82	-5.7	4.6	0	1.58	84	14.4144
8	2024.03.09	-3.04	-5.5	-0.4	0	1.22	97.08	3.6756
8	2024.03.10	0.05	-5.8	5.3	0	2.98	69.79	14.3208
8	2024.03.11	1.96	-2.1	6.3	0	4.32	48	12.3264
8	2024.03.12	1.63	0.8	2.6	0.1	3.22	78.04	2.4876
8	2024.03.13	2.33	1.3	3.6	0	2.23	90	3.114
8	2024.03.14	3.55	1.2	5.9	0	3.1	89.96	5.9796
8	2024.03.15	4.58	1.9	8.2	0	4.16	87.54	7.6608
8	2024.03.16	7.43	2.9	11.7	3	3.68	86.08	6.552
8	2024.03.17	2.6	-0.4	5.8	1.4	3.72	85.08	5.4324
8	2024.03.18	1.59	-0.8	4.6	0	1.86	85.08	7.2468
8	2024.03.19	0.79	-1.1	2	0.2	2.5	95.96	2.8476
8	2024.03.20	2.67	-1.7	8.1	0	1.02	89.83	8.8668
8	2024.03.21	4.77	-2.1	9.8	0.7	2.99	79.42	12.3552
8	2024.03.22	6.14	4.8	7.8	0.5	3.09	89.46	5.8968
8	2024.03.23	6.37	1.9	8.7	8.5	2.36	91.75	4.0536
8	2024.03.24	2.96	0	5.4	1.7	2.97	91.42	6.282
8	2024.03.25	2.93	-0.5	7.6	7.3	1.45	89.71	10.008
8	2024.03.26	4.96	-1.3	10.7	0	2.26	77.88	14.472
8	2024.03.27	9.29	3.3	14.8	0	4.35	56.29	15.3036
8	2024.03.28	11.08	7.1	15.7	2.9	4.1	66.71	14.1228
8	2024.03.29	10.01	6.3	14.2	0	3.63	70.33	14.2128
8	2024.03.30	14.32	9	21.1	0	2.7	60.62	16.1352
8	2024.03.31	17.86	11.1	24.2	0	3.17	52.96	13.7664
8	2024.04.01	16.18	11.4	21.5	0	2.65	55.92	13.1724
8	2024.04.02	10.79	8.1	14.9	1.6	3.35	80.96	3.6684
8	2024.04.03	3.59	1	6.3	0	6.25	77.58	8.0316
8	2024.04.04	4.63	-1	9.4	0	2.6	69.08	13.8888
8	2024.04.05	10.16	7	13.1	2.2	3.29	85.33	9.3816
8	2024.04.06	10.62	7.7	13.3	6	4.14	84.75	7.3764
8	2024.04.07	13.06	6.9	19.7	0	3.41	73.54	15.9228
8	2024.04.08	15.68	7.2	21.2	0	1.61	76	11.0196
8	2024.04.09	19.39	11.2	27	0	2.09	65.75	17.6436
8	2024.04.10	12.5	7.8	17.8	0	3.4	75.71	17.2188
8	2024.04.11	10.76	5.8	15.2	0	2.84	61.62	21.5496
8	2024.04.12	12.71	10.6	16.4	0.4	3.43	71.54	
8	2024.04.13	11.21	8.9	12.7	0.5	3.38	83.88	6.8472
8	2024.04.14	10.34	6.7	14.2	6.2	4.78	72.92	11.4516
8	2024.04.15	6.95	1	11.4	0	3.31	67.79	13.5504
8	2024.04.16	5.6	2.1	9.3	7.9	3.93	83.33	8.9136
8	2024.04.17	5.42	3.1	7.9	3.1	1.47	90.38	5.67
8	2024.04.18	5.21	3.7	8.6	5.5	2.62	91.08	9.6408
8	2024.04.19	5.02	2.9	9.1	0	3.22	80.88	13.3092
8	2024.04.20	3.44	1.8	6.5	10	2.26	96.29	5.1336
8	2024.04.21	3.84	1.8	7.2	1.7	4.24	86.67	7.506
8	2024.04.22	1.86	0.5	4.2	14.7	4.13	94.08	5.8104
8	2024.04.23	2.38	-0.7	5.3	0	3	75.71	7.0884
8	2024.04.24	4.44	-0.1	6.9	9.4	2.65	94.5	3.6648
8	2024.04.25	6.02	2.9	9.4	0.1	2.54	87.25	8.4276
8	2024.04.26	7.91	1.5	13.5	0	1.93	69.08	22.1616
8	2024.04.27	11.12	5.8	16.3	0	1.9	59.21	12.8664
8	2024.04.28	14.2	4	21	0	1.69	57.38	22.842
8	2024.04.29	17.65	11.5	23	0	3.61	46.75	20.4516
8	2024.04.30	17.78	12.5	23	0	3.28	42.42	23.8248
8	2024.05.01	16.5	6	25.5	0	1.55	52.08	26.1324
8	2024.05.02	18.06	6.2	25.8	0	1.95	48.62	25.902
8	2024.05.03	16.94	11.3	22.9	0	2.48	47.96	25.2648
8	2024.05.04	16.91	10	23.8	0	2.24	52.75	24.8904
8	2024.05.05	16.78	7.4	23.6	1.8	1.58	58.96	23.202
8	2024.05.06	14.2	10	20	0.9	2.25	79.75	15.9732
8	2024.05.07	8.11	1	12.3	1	3.58	65.88	23.2812
8	2024.05.08	6.92	-0.9	13	0	2.53	59.12	27.9504
8	2024.05.09	8.55	1.8	14.5	0.1	1.32	64.33	10.8612
8	2024.05.10	10.4	5.5	15.1	4.6	3.41	82.71	10.5912
8	2024.05.11	7.45	1.6	13.3	0	2.4	62.75	23.1012
8	2024.05.12	8.95	-0.5	15	0	1.97	57.92	28.476
8	2024.05.13	11.29	2.2	18.1	0	1.33	61.71	25.1604
8	2024.05.14	14.01	5.3	20	0	1.89	57.33	24.9192
8	2024.05.15	14.1	8.4	19.3	0	2.17	47.58	25.2792
8	2024.05.16	13.73	6.9	19.4	0	2.5	44.29	27.918
8	2024.05.17	14.81	3.2	22.8	0	1.78	51.12	28.332
8	2024.05.18	17.28	6.4	24.9	0	1.61	58.17	25.812
8	2024.05.19	18.07	10.4	25	0	1.72	55.46	22.6476
8	2024.05.20	16.84	9.2	23.4	0	1.8	68.33	20.1132
8	2024.05.21	17.84	10	23.7	0	1.94	68.54	22.8564
8	2024.05.22	19.29	10.6	25.1	0	3.34	62.12	24.84
8	2024.05.23	21.2	16.7	26.8	0.7	3.22	51.33	17.9928
8	2024.05.24	21.44	15.7	27.5	0	2.89	53.92	24.4548
8	2024.05.25	18.04	15.1	23.8	0.9	2.24	70.54	11.9736
8	2024.05.26	19.58	10.6	26.1	0	2.26	57.67	23.3136
8	2024.05.27	19.62	8.4	27.1	0	1.7	47.75	29.1312
8	2024.05.28	21.25	9.3	28.1	0	1.37	46.96	27.072
8	2024.05.29	20.82	15	28	0.7	2.4	56.54	23.0904
8	2024.05.30	20.18	12.3	27.4	0.2	1.79	61.5	20.5488
8	2024.05.31	18.65	12.6	25.3	0.5	1.51	70.04	22.338
8	2024.06.01	19.06	11.2	25.8	0	1.56	67.62	26.5356
8	2024.06.02	18.05	13	25.7	6.4	1.95	74.75	20.4084
8	2024.06.03	18.88	13.8	24.5	0	2.21	75.71	19.854
8	2024.06.04	17.45	10.9	22.9	0	1.65	69.67	26.5896
8	2024.06.05	18.28	12.2	24.2	0	1.68	65.75	21.3336
8	2024.06.06	15.41	8.1	19.8	0.2	2.42	69.25	17.3556
8	2024.06.07	14.41	7.6	21.7	4.2	2.01	70.75	18.5148
8	2024.06.08	15.14	6.8	20.5	0	1.89	60.62	24.8112
8	2024.06.09	15.07	8.8	20.3	8.6	2.99	72.08	17.6976
8	2024.06.10	13.65	7.3	17	2.9	1.27	85.88	9.7668
8	2024.06.11	16.03	10.3	23	2.4	2	68.75	25.2252
8	2024.06.12	14.69	8.6	20.3	0	2.28	64.46	27.2016
8	2024.06.13	14.4	6.8	20.2	4.3	1.72	68.17	19.3104
8	2024.06.14	14.3	10.3	18.9	0	1.74	73.33	20.6028
8	2024.06.15	16.8	8.4	22.6	0	1.78	62.29	25.4124
8	2024.06.16	19.2	12.3	24.8	0	1.72	56.92	26.5716
8	2024.06.17	18.89	10.5	24.7	0	1.83	68.67	26.0496
8	2024.06.18	21.18	15.4	27.1	0.2	2.06	63.38	25.632
8	2024.06.19	18.22	12.6	25.2	3.8	3.15	78	14.9364
8	2024.06.20	16.7	11	22.4	0	2.69	69.21	24.9228
8	2024.06.21	17.91	8.9	24.6	0	1.87	58.25	30.0132
8	2024.06.22	18.54	11	24.2	1.8	2.05	76.08	11.4696
8	2024.06.23	15.71	13.8	17.1	1.4	3.08	82.83	8.0712
8	2024.06.24	17.04	13.9	20.9	1.2	2.36	83.71	10.6344
8	2024.06.25	20.37	14.2	26.8	0	1.7	67.71	26.6724
8	2024.06.26	22.58	12.3	28.6	0	1.29	57.79	26.3124
8	2024.06.27	24.71	14.8	31.2	0	1.95	52.29	29.682
8	2024.06.28	25.71	17.4	32	2.5	2.49	54.33	26.6724
8	2024.06.29	20.59	12.4	24.6	0.8	2.18	69.21	25.0992
8	2024.06.30	23.97	11.4	30.7	0	2.95	56.96	28.7892
8	2024.07.01	20.24	13.4	24.5	1.6	2.83	75.42	11.6064
8	2024.07.02	15.77	10.9	20.8	0	1.83	78.29	12.618
8	2024.07.03	16.36	10.6	21.4	0	2.51	76.29	20.6892
8	2024.07.04	17.7	13.3	22.3	0.1	1.53	70.08	19.242
8	2024.07.05	17.48	13.2	22.3	0	2.49	55.62	23.7996
8	2024.07.06	21.35	12.9	26.9	0	3.62	48.42	29.7324
8	2024.07.07	20.67	16.1	28.5	1.5	2.73	71.21	16.5456
8	2024.07.08	19.95	12.8	25.6	0	1.84	55.67	28.044
8	2024.07.09	22.28	11.5	29	0	1.66	54.5	24.3
8	2024.07.10	24.93	17.2	30.5	0	2.89	44.42	29.2068
8	2024.07.11	23.51	19.5	32.7	13.2	2.78	68.92	20.1852
8	2024.07.12	23.15	18.2	27.7	0	1.62	72.33	26.2008
8	2024.07.13	23.49	19.1	29.9	13.7	3.48	73.12	19.8504
8	2024.07.14	19.3	13.7	23.4	0	1.29	70.17	17.9028
8	2024.07.15	20.71	12.3	26.9	0	1	70.21	22.8456
8	2024.07.16	24.74	15.8	31.3	5.5	2.4	62.33	26.6256
8	2024.07.17	23.76	18.8	28.8	0	2.23	68.92	24.57
8	2024.07.18	20.63	14.9	25	0	1.9	69.33	22.2696
8	2024.07.19	18.31	12.9	23.7	0	2.29	70.12	24.6636
8	2024.07.20	19	11.9	26.1	0	1.14	67.33	24.21
8	2024.07.21	20.84	12	27.4	0	1.38	60.71	26.892
8	2024.07.22	21.68	12.2	29	0	1.28	61.46	26.0568
8	2024.07.23	20.05	15.1	23.7	2.6	1.9	80.5	10.9908
8	2024.07.24	20.34	16.2	25.5	0	1.61	66.08	20.1924
8	2024.07.25	17.65	14.5	20.4	2.9	1.54	85.33	6.282
8	2024.07.26	18.3	14.1	22.3	4.8	1.55	85.58	11.2032
8	2024.07.27	20.69	12.4	25.6	0	1.32	71.38	16.9056
8	2024.07.28	17.79	12.8	21.5	7.1	3.25	84.58	4.7844
8	2024.07.29	16.65	13.3	18.7	16.2	6.88	77.29	7.4232
8	2024.07.30	17.75	13.4	22.3	0	4.09	67.92	17.8668
8	2024.07.31	17.87	11.9	23.4	0	1.89	70.29	21.8484
8	2024.08.01	18.21	11.8	24.6	0	2.27	66.33	22.8384
8	2024.08.02	17.48	12.6	22.7	0	1.62	70.75	20.6712
8	2024.08.03	18.07	11.5	23.9	0	1.66	67.17	22.5684
8	2024.08.04	18.65	10.7	24.7	0	1.39	70.17	20.6568
8	2024.08.05	18.73	14.1	22.3	0.3	1.4	78.79	13.86
8	2024.08.06	19.43	12.5	25.4	0	1.91	72.71	23.364
8	2024.08.07	18.92	13.4	25.2	0	1.58	74.29	21.7728
8	2024.08.08	19.67	10.9	25.3	0	1.25	69.83	18.4284
8	2024.08.09	20.35	15.4	25.7	0	1.5	72.17	17.6652
8	2024.08.10	19.05	14.2	23.7	0.4	3.04	69.21	18.2556
8	2024.08.11	16.46	13.3	21	4.3	3.69	74.88	16.7436
8	2024.08.12	16.7	12.3	21.7	0	3.23	69.04	19.1556
8	2024.08.13	17.25	9.4	22.7	0	2.35	69.71	19.0728
8	2024.08.14	17.99	8.9	25.4	0	1.03	63.92	23.58
8	2024.08.15	20.65	10	27.3	0	1.84	57.75	23.5944
8	2024.08.16	23.3	16.7	30.7	1	2.05	63	17.6652
8	2024.08.17	22.28	15.8	29.9	0.4	1.66	75	16.7616
8	2024.08.18	22.91	15.6	29.1	1.7	1.76	70.75	17.3268
8	2024.08.19	22.37	17.3	27.2	3.8	2.04	81.12	14.6448
8	2024.08.20	20.19	16.4	23.4	0	2.17	84.54	13.5144
8	2024.08.21	21.34	16.2	25.4	1.7	2.58	82.96	8.7732
8	2024.08.22	16.58	13.7	21.4	0.6	2.45	72.46	19.4076
8	2024.08.23	18.62	13.2	24	0.2	3.21	64.12	13.6296
8	2024.08.24	21.54	14.6	29.2	0	1.93	64.67	21.06
8	2024.08.25	23.4	17.6	32.4	0	3.23	62.08	20.5236
8	2024.08.26	19.27	14.7	24.5	0	2.48	64.46	18.4788
8	2024.08.27	18.42	10.5	24.2	0	2.61	59.46	20.6316
8	2024.08.28	18.44	8.4	26.2	0	2.13	65.58	21.564
8	2024.08.29	22.02	12.9	30.4	0	1.26	69	20.0952
8	2024.08.30	23.4	14.5	31	0	1.35	58.54	19.9404
8	2024.08.31	18.02	12.1	24.5	0.6	2.03	78.25	9.0432
8	2024.09.01	15.61	9.5	21.9	0	1.96	69.42	16.8228
8	2024.09.02	18.32	9.4	26.1	0	1.58	71.29	17.3196
8	2024.09.03	20.86	12.8	29.3	0	1.5	63.12	16.9524
8	2024.09.04	20.79	12.1	29	0	1.98	56.29	17.082
8	2024.09.05	21.22	13.2	28	0	2.61	55.08	19.1124
8	2024.09.06	20.81	14.3	27.2	0	2.33	58.5	17.9136
8	2024.09.07	20.42	14.1	27.8	0	2.19	48.29	18.0792
8	2024.09.08	19.82	13.1	26.3	0	2.6	41.54	18.8964
8	2024.09.09	20.05	12.3	25.6	0	3.64	37.25	17.8524
8	2024.09.10	17.05	14.7	20.6	11.8	2.3	62.33	6.6816
8	2024.09.11	15.46	11.8	19.9	0	1.84	86.88	9.594
8	2024.09.12	16	8.8	21.3	0	1.27	84.46	11.3148
8	2024.09.13	16.31	13.6	18.1	2.8	1.7	96.42	3.1608
8	2024.09.14	19.14	17	23.1	0	1.98	89	7.5636
8	2024.09.15	17.37	14.3	22.5	2.2	2.28	79.92	9.9324
8	2024.09.16	18.34	11.6	26.2	0	2.33	58.67	16.1928
8	2024.09.17	17.17	9.2	26	0	1.14	71	14.508
8	2024.09.18	16.84	9.3	26	0	1.23	72.25	15.1524
8	2024.09.19	15.72	7.9	24.5	0	1.23	69.79	16.0164
8	2024.09.20	15.34	7.1	24.1	0	1.27	69.54	15.7572
8	2024.09.21	14.28	6	22.7	0	1.1	73.38	15.7176
8	2024.09.22	13.99	6.5	21.9	0	1.12	77.58	14.6988
8	2024.09.23	16.32	7.3	22.8	0	1.63	68.75	12.8412
8	2024.09.24	18.75	12.5	24.9	0	3	53.25	15.0156
8	2024.09.25	16.94	13.4	21.1	1.9	3.46	67.25	10.35
8	2024.09.26	17.14	12.1	20.3	0	3.52	70.29	8.7084
8	2024.09.27	17.45	15.4	20.8	3.3	4.37	71.04	8.2296
8	2024.09.28	13.92	8.2	16.4	0	4.28	71.5	6.5232
8	2024.09.29	9.18	3.5	14.2	0	2.33	73.71	11.2176
8	2024.09.30	7.33	1.4	13.1	0	2.47	71.5	11.4948
8	2024.10.01	7.58	6.1	9.2	0.2	2.15	77.79	3.0096
8	2024.10.02	9.76	7	14.1	1	1.68	73	10.1484
8	2024.10.03	8.55	7.6	9.6	20.9	2.05	96.04	1.3392
8	2024.10.04	8.9	6.8	10.6	0	2.35	89.79	2.682
8	2024.10.05	9.69	7.3	12	0	2.78	75.12	7.8804
8	2024.10.06	9.02	8.1	10.7	0	2.63	83.04	3.5892
8	2024.10.07	9.08	5.9	13.9	0	1.07	84.04	7.812
8	2024.10.08	9.9	3.3	15.1	0	2.06	78.17	12.0924
8	2024.10.09	14.65	9.8	20.1	0.7	3.12	80.25	9.5616
8	2024.10.10	16.26	13.6	19.9	0	3.6	80.29	6.5196
8	2024.10.11	10.45	5.4	14.4	0.8	2.17	83.21	3.3768
8	2024.10.12	6.84	0.9	13.6	0	1.03	82.5	10.6884
8	2024.10.13	6.5	0.2	10.4	6.2	2.96	85.96	6.6096
8	2024.10.14	7.63	5	10.2	0.5	2.03	92	3.2436
8	2024.10.15	8.1	3.2	12.9	0.1	1.83	87.12	7.1748
8	2024.10.16	4.39	-1.2	10.7	0	1.4	81.79	10.9764
8	2024.10.17	5.96	0.1	11.5	0	2.38	75.33	10.6488
8	2024.10.18	7.59	3.2	13.2	0	2.6	63.75	10.4328
8	2024.10.19	6.07	2	10.8	0	2.63	70.42	10.1808
8	2024.10.20	6.82	1.6	12.9	0	2.81	68.92	9.6084
8	2024.10.21	9.21	3.6	13.4	0	3.85	66.62	7.9668
8	2024.10.22	12.56	10.2	15.9	0	2.95	74.29	4.158
8	2024.10.23	9.82	4.7	13.9	0	3.28	76.54	6.48
8	2024.10.24	9.03	4.9	11.6	0	2.87	83.71	3.2976
8	2024.10.25	6.97	2.7	9	0	1.82	86.33	2.8116
8	2024.10.26	5.82	2.3	7.8	0	2.15	96.29	2.412
8	2024.10.27	9.9	7.2	12.4	0	1.32	89.92	3.3264
8	2024.10.28	9.19	6.2	12	0	2.49	74.62	6.4404
8	2024.10.29	9.68	7	12.2	0	2.08	86.71	2.6172
8	2024.10.30	11.2	8.9	13.2	0.6	4.01	88.83	2.0124
8	2024.10.31	9.23	7.3	10.3	0	4.2	83.38	1.8648
8	2024.11.01	12.09	6.9	15.2	1	7.06	76.21	1.9116
8	2024.11.02	4.38	0.1	7.1	0.2	4.93	61.04	5.8932
8	2024.11.03	4.51	-0.1	9.5	0.4	5.67	77.54	2.43
8	2024.11.04	3.36	-1	9.2	0	2.76	76.33	5.6916
8	2024.11.05	4.79	0.1	9.3	0	2.6	81.33	4.6116
8	2024.11.06	5.62	0.6	9	0	1.76	85.88	1.512
8	2024.11.07	3.37	-1.9	5.2	0.6	2.34	95.17	1.0224
8	2024.11.08	5.42	4	6.7	0	1.4	93.46	1.4076
8	2024.11.09	3.56	3	4.1	0.1	1.65	91.62	1.5984
8	2024.11.10	2.34	1.8	2.9	0	1.95	86.12	1.2852
8	2024.11.11	1.55	1.1	1.9	0	1.97	85.96	1.0224
8	2024.11.12	0.59	-0.1	1.1	0.2	0.92	89.88	0.5328
8	2024.11.13	-0.2	-0.4	0.2	0	1.03	86.96	0.7524
8	2024.11.14	1.91	-0.5	5.2	1.9	3.56	91.96	1.314
8	2024.11.15	4.36	0.8	6.7	0	3.15	86.38	3.906
8	2024.11.16	6.58	4.9	8.8	0	4.77	86.79	1.116
8	2024.11.17	4.41	3.8	5	1.2	5.66	86.42	0.8676
8	2024.11.18	4.03	2.8	4.9	0.3	4.91	78	1.4256
8	2024.11.19	2.9	0.6	5.1	3.8	4.78	82.33	1.8612
8	2024.11.20	4.42	0.7	6.8	3.8	5.5	85.42	1.4292
8	2024.11.21	0.14	-1.4	0.8	0.4	5.12	80.12	1.8612
8	2024.11.22	-1.63	-5.1	0.1	0	3.09	84.46	1.746
8	2024.11.23	-0.6	-5.5	1.8	0	4.63	81.75	4.068
8	2024.11.24	0.96	-0.9	1.9	0	4.35	80.88	1.8684
8	2024.11.25	4.36	1.8	7.5	0	4.62	80.46	3.4272
8	2024.11.26	4.39	2.5	6.3	7.2	2.9	84.75	2.9124
8	2024.11.27	4.55	2.4	5.3	1.2	2.63	94.29	1.0152
8	2024.11.28	4.19	3.9	4.6	4.1	2.7	93.17	0.4572
8	2024.11.29	3.47	3	4.1	0.3	2.04	92.58	0.5436
8	2024.11.30	3.37	2.2	4.7	0	2.78	83.71	1.8216
8	2024.12.01	2.17	0.1	5.2	0	2.62	82.46	4.41
8	2024.12.02	2.85	1.5	3.9	0	4.92	87	0.8712
8	2024.12.03	3.22	2.9	3.7	4.1	3.54	91.71	1.0512
8	2024.12.04	2.61	1.6	3.1	1.3	2.02	93.25	0.7704
8	2024.12.05	0.28	-0.3	1.4	0.4	2.87	90.96	0.4752
8	2024.12.06	-1.3	-2.1	-0.1	0	3.67	88.71	0.4032
8	2024.12.07	-0.42	-1.3	0.4	0	2.75	86.92	0.954
8	2024.12.08	1.98	0.4	2.8	0	2.75	96.12	0.3744
8	2024.12.09	1.02	0.4	2	0	3.62	91.08	0.342
8	2024.12.10	-0.86	-2.3	1.6	0	3.14	90.83	0.9576
8	2024.12.11	-0.3	-1.8	1	0	2.39	92.92	0.5508
8	2024.12.12	0.06	-2.8	1.7	0	2.98	82.71	1.692
8	2024.12.13	-4	-7.5	-0.5	0	2.28	73.17	4.734
8	2024.12.14	-2.35	-3.7	-1.2	0	4.8	82.21	1.4292
8	2024.12.15	0.84	-1.2	2.7	1.2	5.33	84.33	1.1952
8	2024.12.16	5.77	0.8	8.6	4.4	7.21	79	0.99
8	2024.12.17	4.29	1.1	6.4	2.3	5.39	78.83	2.2608
8	2024.12.18	3.11	0.6	5.7	2.1	3.42	92.96	1.6416
8	2024.12.19	7.67	5.7	8.5	0.3	4.96	85.88	0.828
8	2024.12.20	4.62	1.2	8.2	1.4	4.82	80.75	1.5552
8	2024.12.21	1.33	0	2.5	0	5.32	86.71	1.224
8	2024.12.22	2.29	1.9	2.8	0.2	4.65	85.92	0.7776
8	2024.12.23	1.58	0.5	2.2	1.8	1.98	96.29	0.6336
8	2024.12.24	1.39	-0.4	3.1	0	0.74	91.71	1.1664
8	2024.12.25	0.02	-2.4	1.4	0	2.5	86.25	1.3572
8	2024.12.26	1.43	-0.1	3.8	0	3.42	95.08	0.9432
8	2024.12.27	3.46	3	4	0	1.92	94.92	0.9972
8	2024.12.28	2.48	1.8	3.1	0.3	2	95.67	0.7128
8	2024.12.29	1.5	0.6	3.2	0	3.71	94.58	0.774
8	2024.12.30	2.79	1.5	3.8	0.9	6.11	93.46	0.54
8	2024.12.31	4.08	2.3	5.5	1.4	6.53	92.83	0.7452
8	2025.01.01	3.11	1.7	4.9	0.5	7.62	83.75	0.5832
8	2025.01.02	2.3	-2.6	5.3	8	5.22	85.12	0.702
8	2025.01.03	-1.48	-3.3	-0.2	1.4	4.73	82.88	1.1376
8	2025.01.04	-3.1	-6.2	-0.9	1.3	5.34	78.5	3.1788
8	2025.01.05	-3.22	-6.5	-1.2	0	4.22	80.62	1.5588
8	2025.01.06	-1.79	-5.1	3.1	3.7	3.7	88.54	0.99
8	2025.01.07	3.19	2.5	3.8	3.8	3.61	92.79	0.7128
8	2025.01.08	1.52	0.6	3.2	0.9	4.05	85	0.9072
8	2025.01.09	1.01	-0.3	3.3	0.6	3.33	90.58	0.8136
8	2025.01.10	2.53	0.6	5.7	1.2	5.45	85.12	0.9792
8	2025.01.11	-0.02	-0.6	0.4	0	3.67	82.08	0.8676
8	2025.01.12	-0.84	-1.7	-0.3	0.7	2.35	90.04	1.0332
8	2025.01.13	-1.65	-3.9	0.3	0	3.01	83.21	3.0492
8	2025.01.14	-0.53	-1.4	0.5	1	5.17	83.75	0.558
8	2025.01.15	1.76	0.5	3	0.6	1.95	96.38	1.0008
8	2025.01.16	1.96	0.3	3.5	0	3.99	91.75	1.4112
8	2025.01.17	2.9	1.5	3.8	0	3.26	90.33	0.5256
8	2025.01.18	3.78	0.3	5.5	0	4.06	88.29	0.8388
8	2025.01.19	2.1	0.1	4	0	3.26	91.75	1.332
8	2025.01.20	-0.84	-1.3	-0.1	0	1.79	96	1.1052
8	2025.01.21	-0.07	-1	0.7	0	2.72	93.79	1.3284
8	2025.01.22	0.6	0.1	1.1	0	2.18	92.71	0.6516
8	2025.01.23	1.51	0	3.4	0	3.59	87.29	0.9432
8	2025.01.24	1.91	0.8	3.3	0.2	3.25	91.92	1.7928
8	2025.01.25	3.2	1	5.4	0.3	4.43	85.83	1.026
8	2025.01.26	5.31	3.6	6.3	0	3.23	79.12	1.998
8	2025.01.27	6.23	4.6	8.9	0	3.68	80.33	4.6548
8	2025.01.28	6.14	4.5	9.1	0	3.03	80.04	3.9348
8	2025.01.29	7.02	5.3	7.9	1.9	3.57	83.5	1.5192
8	2025.01.30	6.06	3.1	8.8	0	3.45	75.25	3.564
8	2025.01.31	3.58	0.4	7.2	5.1	2.87	87	4.3884
8	2025.02.01	1.32	0	3.3	4.3	3.91	86.58	3.8556
8	2025.02.02	0.25	-0.9	1.6	0.3	2.71	79.25	1.9008
8	2025.02.03	-0.03	-1	0.6	0.5	3.25	83.17	1.458
8	2025.02.04	-0.13	-0.6	0.3	0.3	1.55	87.88	1.5912
8	2025.02.05	0.08	-1	1.6	0	1.88	94.12	1.9296
8	2025.02.06	1.16	-0.7	4	0.7	1.8	95.12	1.4184
8	2025.02.07	-1.75	-3.9	0	0.1	2.69	75.96	2.2212
8	2025.02.08	-3.3	-5.4	-1.8	0	3.37	74.46	1.8756
8	2025.02.09	-5.75	-7.8	-2.4	0	2.43	82.83	5.976
8	2025.02.10	-6.71	-7.4	-6.1	0	2.34	86.79	2.1204
8	2025.02.11	-7.75	-9.8	-6.1	0	2.54	80.75	1.4436
8	2025.02.12	-6.64	-10.1	-1.9	0	2.32	77.79	6.8616
8	2025.02.13	-5.03	-11.9	1	0	1.28	70.17	9.5724
8	2025.02.14	-4.86	-6.4	-2.8	0.5	2.83	81.92	2.3688
8	2025.02.15	-6.4	-9.3	-2.7	0.9	1.7	80.71	5.472
8	2025.02.16	-7.74	-10.9	-3.8	0	1.93	79.33	7.6644
8	2025.02.17	-4.58	-9.3	-1.8	0	5.35	78.25	4.338
8	2025.02.18	-3.38	-5	-0.4	0.4	3.08	79.08	5.3388
8	2025.02.19	-4.07	-12.1	-0.3	0.1	1.94	76.62	8.2116
8	2025.02.20	-5.65	-12.7	1.1	0	1.02	76.96	6.0516
8	2025.02.21	-4.82	-10.9	-0.5	0	3.84	62.17	10.6776
8	2025.02.22	-2.69	-4.5	-0.8	0	3.67	55.96	3.6
8	2025.02.23	-1.72	-6	3.6	0	2.54	54.04	10.3716
8	2025.02.24	-0.93	-8.7	6.3	0	1.66	56.5	10.2924
8	2025.02.25	0.8	-4.1	5.8	0	2.72	70.12	9.774
8	2025.02.26	2.45	0.1	6.5	0.2	1.23	75.08	5.0364
8	2025.02.27	2.58	0.9	3.8	2.9	1.4	87.21	1.7928
8	2025.02.28	1.98	0.5	3.2	9.1	1.29	95.88	1.3284
8	2025.03.01	0.99	0.2	2	0.7	1.25	95.88	1.5444
8	2025.03.02	2.06	0.2	3.7	0	3.29	87	2.52
8	2025.03.03	4.33	2.9	5.5	0	4.34	76.75	2.6784
8	2025.03.04	5.94	4.9	7.6	0	4.97	71.29	3.3552
8	2025.03.05	8.9	5.8	11.8	0	6.38	51.33	9.1836
8	2025.03.06	10.33	4.7	16.6	0	5.38	34.54	13.0572
8	2025.03.07	6.14	-0.9	15.6	0	2	58.71	13.4136
8	2025.03.08	5.29	-2.1	15.9	0	1.34	65.33	12.8952
8	2025.03.09	6.92	-3.6	15.7	0	1.09	59.88	11.3004
8	2025.03.10	8.74	1.7	17.1	0	1.25	57.17	11.9592
8	2025.03.11	7.94	-0.1	16.5	0	2.15	66.08	11.97
8	2025.03.12	3.42	0.4	8.4	0	1.48	82.79	6.8112
8	2025.03.13	8.07	3.4	12.8	17.9	2.43	85.5	7.8084
8	2025.03.14	0.41	-1.7	2.3	4	3.26	82	4.7772
8	2025.03.15	-0.15	-3.9	5	0	1.65	70.92	17.3448
8	2025.03.16	1.18	-4.9	7.1	1.1	3.68	71.88	12.5892
8	2025.03.17	-1.62	-4	1.6	0	3.5	62.67	14.7132
8	2025.03.18	1.84	-3.8	6.1	0	4.08	71	6.6528
8	2025.03.19	2.92	-3	9.3	0	2.77	77.46	16.0632
8	2025.03.20	3.86	-4.3	12.6	0	2.33	58.25	17.712
8	2025.03.21	5.64	-0.3	12	0	2.49	56.04	16.5924
8	2025.03.22	6.72	-0.1	13.3	0	4.12	55.75	15.4692
8	2025.03.23	5.88	1	10.8	0	4.74	58.12	16.02
8	2025.03.24	4.07	2.4	5.4	2.1	2.01	82.21	4.0644
8	2025.03.25	6.44	3.4	11.6	0	1.53	62.54	13.176
8	2025.03.26	6.44	4.6	8	0.8	2.74	82.96	3.9168
8	2025.03.27	5.52	1.1	8.4	0.1	1.78	84.83	4.6116
8	2025.03.28	6.8	1.4	13.8	0	2.45	70.75	15.66
8	2025.03.29	9.77	2.7	16	0	2.4	56.25	18.756
8	2025.03.30	10.05	2.7	16.3	0	2.5	55.67	13.6548
8	2025.03.31	8.97	5.8	13.2	0	2.21	79.5	9.5508
8	2025.04.01	9.55	4.5	15.9	0	3.99	67.79	13.6188
8	2025.04.02	9.67	3.3	15.5	0	3.94	58.33	19.5984
8	2025.04.03	11.51	4.3	18.8	0	2.76	61.92	19.6488
8	2025.04.04	10.07	1.8	16.9	0	3.25	53	19.404
8	2025.04.05	0.62	-1.2	3.5	4.6	5.52	82.67	7.2792
8	2025.04.06	-0.87	-4	2.2	0	5.45	53.58	17.5824
8	2025.04.07	1.2	-4.9	6.6	0	3.5	53.17	20.3436
8	2025.04.08	0.94	-3.6	4.8	0	3.48	59.17	14.4648
8	2025.04.09	1.93	-5.3	9.3	3.6	3.43	63.71	9.2376
8	2025.04.10	0.86	-2.8	4.7	0	4.65	54.96	16.2108
8	2025.04.11	2.28	-1.3	8.2	2.1	3.6	82.17	6.0912
8	2025.04.12	6.96	-3.7	14.3	0	2.93	60.75	20.5668
8	2025.04.13	12.81	7.2	18.7	0	2.08	60.54	18.1044
8	2025.04.14	13.95	10.2	18	0	2.92	60	10.3356
8	2025.04.15	15.55	7	21.2	0	2.64	57.79	19.5408
8	2025.04.16	12.48	8.9	16.3	1	3.55	78.21	8.6976
8	2025.04.17	18.34	10.7	26.6	0	2.13	60.17	21.8016
8	2025.04.18	19.82	12	27.3	0.7	2.2	56.88	19.512
8	2025.04.19	15.98	10.4	21.9	1	2.15	78.83	13.7988
8	2025.04.20	15.5	5.8	22.7	0	2.11	63.67	18.1656
8	2025.04.21	17.3	8	24.5	0	2.05	57.92	20.8296
8	2025.04.22	15.75	8.4	25.3	1.2	2.26	70.58	18.216
8	2025.04.23	10.58	5.5	17.2	0	1.53	81.33	14.22
8	2025.04.24	12.62	5.1	18.3	0	1.95	73.38	16.5456
8	2025.04.25	8.3	3.2	12.8	0	3.93	59.42	23.3892
8	2025.04.26	4.74	-0.7	9	0	3	53.75	24.156
8	2025.04.27	4.71	-2.9	10.9	0	1.7	55.96	25.3944
8	2025.04.28	8.38	-2.5	16.4	0	2.32	49.79	24.3828
8	2025.04.29	11.78	6.3	17.2	0	3.91	55.75	16.3332
8	2025.04.30	11.66	3.6	18.4	0	3.39	62.62	17.5824
8	2025.05.01	8.1	2.5	13.7	0	2.6	61.33	24.318
8	2025.05.02	13.22	3	20.7	1.1	3.88	52.12	20.1024
8	2025.05.03	12.22	5.9	17.5	0	2.62	61.62	23.5332
8	2025.05.04	7.58	5	11	6.1	2.6	83.08	8.1828
8	2025.05.05	6.17	-0.7	9.8	0.1	3.22	60.88	21.9708
8	2025.05.06	7.03	-2.2	13.1	0	2.62	58.5	24.4728
8	2025.05.07	5.42	0.8	9	0	3	57.62	19.4364
8	2025.05.08	3.88	-1.9	7.4	0	1.99	59.92	12.4668
8	2025.05.09	5.11	-2.3	9.5	0.2	1.42	63.58	16.9596
8	2025.05.10	6.98	2.9	11.3	1.4	2.34	63.71	17.4456
8	2025.05.11	5.93	0.6	11.3	0	1.73	65.79	17.1468
8	2025.05.12	8.52	-1.9	15	0	2.48	58.79	22.734
8	2025.05.13	9.46	0.9	15.7	0	2.3	50.96	27.3636
8	2025.05.14	7.89	1.1	16.2	6.6	2.79	79.5	11.4516
8	2025.05.15	5.23	0.4	10.8	0.8	2.56	74.21	17.6256
8	2025.05.16	5.52	3.2	8.3	4.5	2.94	86.79	9.2268
8	2025.05.17	6.99	2.8	10.2	4.1	2.95	86.08	9.6804
8	2025.05.18	8.62	1	14.9	0	1.27	71.5	20.2068
8	2025.05.19	9.91	1.6	15.1	0	2.09	75.38	22.0608
8	2025.05.20	14.75	8.3	21.9	0	2.8	57.21	27.7056
8	2025.05.21	15.69	6.8	23.1	0.8	2.33	57.88	26.712
8	2025.05.22	14.9	10.4	20.1	7.1	2.73	70.54	17.2512
8	2025.05.23	12.05	9.6	15.2	4.7	1.72	70.96	15.5808
8	2025.05.24	10.57	6.1	14.5	0	1.84	74.25	13.9032
8	2025.05.25	12.25	2.8	18.8	0	1.24	61.54	25.1784
8	2025.05.26	14.25	5	20.3	0	1.53	62.75	21.9312
8	2025.05.27	14.86	8.5	20.7	0	2	61.25	28.6164
8	2025.05.28	15.05	5.9	20.4	0.2	1.6	66.62	19.1304
8	2025.05.29	15.28	11.4	21	0	2.93	70.75	15.4044
8	2025.05.30	15.84	8.5	21.1	0	2.8	58	29.6532
8	2025.05.31	16.33	8.1	21.1	0	3.23	68.88	20.5704
8	2025.06.01	14.58	7.1	20.7	0	1.49	66.25	26.352
8	2025.06.02	17.59	12	22.5	0.1	2.35	68	16.9488
8	2025.06.03	14.31	7.4	22	2.6	1.57	69.92	22.266
8	2025.06.04	17.14	6.5	23.4	0	2.58	63.38	24.0408
8	2025.06.05	17.74	14.9	21.4	30.3	1.72	89.21	8.4816
8	2025.06.06	20.03	15.8	23.9	1.8	3.61	67.67	21.0348
8	2025.06.07	18.2	12.4	23.9	2.8	3.03	72.75	19.9692
8	2025.06.08	17.6	12.8	20.5	1.8	3.45	72.38	17.496
8	2025.06.09	12.55	8	16.3	0.5	4.69	74.04	10.8396
8	2025.06.10	14.11	8	18.3	0.1	3.52	59.54	22.8384
8	2025.06.11	14.23	11.7	18.4	0.3	2.88	75.46	13.0572
8	2025.06.12	12.15	9.9	14.6	1.6	4.25	78.62	8.3232
8	2025.06.13	15.79	10.8	20.9	0	3.31	69.92	22.6332
8	2025.06.14	16.03	9.2	22.1	0	2.52	57.67	29.988
8	2025.06.15	16.99	7.1	23.7	0	1.6	59.75	30.1752
8	2025.06.16	19.42	9.7	28.8	0	2.48	63.75	28.1376
8	2025.06.17	17.06	12.7	22	0	3.39	67.96	27.3024
8	2025.06.18	16.38	11.7	22.6	0	3.65	70.21	16.9812
8	2025.06.19	14.14	10.1	18.7	1.3	4.15	70.54	17.5032
8	2025.06.20	15.14	10.9	18.5	0	5.19	61.38	18.27
8	2025.06.21	16.33	9.3	22.5	0	2.62	59.29	26.4204
8	2025.06.22	14.31	7.3	18.8	0	2.93	67.75	23.0004
8	2025.06.23	16.35	4.8	23.3	12.1	3.08	65.79	20.502
8	2025.06.24	14.59	12.5	16.9	1.2	4.45	73.62	15.3144
8	2025.06.25	14.77	12.6	18.1	6.3	4.31	83.46	11.232
8	2025.06.26	17.51	11.9	23	0	2.4	64.38	29.394
8	2025.06.27	16.32	12.4	20.1	4.8	2.78	79.5	8.9172
8	2025.06.28	17.13	13.1	20.9	0	4.1	69.17	25.3152
8	2025.06.29	18.68	13.3	22.5	0.2	4.38	63.42	23.7384
8	2025.06.30	15.97	12.4	19.9	0	5.02	62.75	22.608
8	2025.07.01	17.79	11.2	23	0	3.9	55.29	28.1808
8	2025.07.02	21.03	10.8	28.7	0	1.62	53.42	28.5804
8	2025.07.03	22.22	13.3	33.3	0.1	3.35	57.83	25.8516
8	2025.07.04	16.37	8.1	22.9	0	2.57	61.17	25.1748
8	2025.07.05	17.55	8.4	23.1	0	2.58	55	22.7448
8	2025.07.06	21.59	14.7	28	0	2.4	49.75	23.2164
8	2025.07.07	21.08	15.6	26.5	0.5	2.6	62	14.22
8	2025.07.08	20.38	15.4	25.6	1.5	2.13	66.79	20.9196
8	2025.07.09	16.03	15.3	16.8	13.4	3.64	91.83	3.7908
8	2025.07.10	14.36	13.6	15.3	19.6	3.15	95.96	4.7628
8	2025.07.11	15.7	14	18.4	2.7	1.95	92.08	9.1656
8	2025.07.12	17.74	12.1	23.9	0	2.72	70.21	23.058
8	2025.07.13	19.55	11.4	25.9	0.6	1.62	69.42	21.672
8	2025.07.14	18.17	15.3	22.7	11.2	1.56	83.96	11.3148
8	2025.07.15	19.23	14.2	24.9	4.7	1.27	78.29	21.9564
8	2025.07.16	17.55	13.5	21.5	0.2	1.99	84.79	13.1904
8	2025.07.17	16.73	12.8	21.3	0.2	1.66	81.88	12.96
8	2025.07.18	18.67	12.6	24.2	5.8	2.23	85.54	14.706
8	2025.07.19	20.95	18.1	25.5	1	2.03	80.79	15.444
8	2025.07.20	20.76	15.7	26.1	0.2	2.48	78	18.5616
8	2025.07.21	21.06	14.3	26.9	0	1.58	75.62	20.4768
8	2025.07.22	21.03	14	28.2	0	2.46	75.21	21.1428
8	2025.07.23	20.24	15.9	25.3	0	3.01	70.33	23.5008
8	2025.07.24	18.04	14.9	22.6	16.6	1.7	88.21	11.5452
8	2025.07.25	19.7	15.8	24.4	0	1.49	80.96	14.4648
8	2025.07.26	20.4	14.8	25.9	0.3	1.41	77.79	19.8828
8	2025.07.27	20.17	17	26.1	5.3	1.72	86.04	15.3756
8	2025.07.28	20.02	18.5	22.7	14.4	2.45	90.54	8.73
8	2025.07.29	17.79	15.3	19.3	2.8	3.19	88.88	7.0452
8	2025.07.30	16.02	12.4	19.8	17.4	2.67	87.92	7.8948
8	2025.07.31	16.72	9.8	21.9	0	1.42	74.25	20.8044
8	2025.08.01	17.25	13.7	21.4	0.8	1.5	78.21	15.534
8	2025.08.02	19.47	14.9	24.4	1.1	1.98	74.12	21.582
8	2025.08.03	22.01	13.1	28.8	0.4	2.05	65.54	24.5484
8	2025.08.04	18.22	13.2	22.3	0	2.03	78.83	15.0336
8	2025.08.05	17.68	12.7	22.9	3.7	3.32	77.29	15.2964
8	2025.08.06	15.88	11.1	20.5	0.2	3.08	75.08	20.4552
8	2025.08.07	16.32	10.5	21	0	2.78	70.79	20.034
8	2025.08.08	16.71	12.4	19.9	0.2	1.57	75.67	7.2432
8	2025.08.09	18.41	9.5	25.2	0	1.1	71.42	23.7996
8	2025.08.10	17.35	13.5	21.3	9.4	2.51	78.12	11.5848
8	2025.08.11	16.98	11.7	22.4	0	2.53	72.62	20.8116
8	2025.08.12	17.35	12.3	23.1	0	1.68	72.67	21.3444
8	2025.08.13	18.25	10.9	25.3	0	0.99	74.67	20.3616
8	2025.08.14	19.1	11.6	25.8	0	1.36	65.67	24.1056
8	2025.08.15	20.63	11.2	27	0	1.88	60.5	23.2992
8	2025.08.16	19.44	12.7	24.4	0	3.24	67.38	19.2312
8	2025.08.17	14.48	9.9	17.9	0	2.93	76.83	9.1692
8	2025.08.18	15.2	11.7	20.5	0	1.74	77.08	16.2288
8	2025.08.19	16.88	9.9	23.3	0	2.09	69.38	23.1588
8	2025.08.20	15.09	8.5	20.4	0	2.24	78.58	8.8488
8	2025.08.21	13.05	5.4	19.6	0	0.94	70.88	19.3608
8	2025.08.22	14.43	6.7	21.1	0	2.05	67.62	19.2492
8	2025.08.23	12.11	9.1	17.9	0.2	3.55	77.17	14.7744
8	2025.08.24	12.07	8.9	14.8	0.7	3.29	81.12	10.9296
8	2025.08.25	10.86	8.8	14.1	14.3	3.34	87.58	7.7616
8	2025.08.26	11.08	7.1	15.2	0.1	2.15	83.08	11.7792
8	2025.08.27	13.09	5.1	19.2	0	1.2	71.5	20.7324
8	2025.08.28	18.21	10.2	25.7	0	2.17	67.33	14.1048
8	2025.08.29	23.46	17.6	29.3	0	3.59	50.88	17.64
8	2025.08.30	20.2	16.6	26.7	0	1.78	77	14.562
8	2025.08.31	16.48	13.7	18.4	0.8	2.3	90.96	4.4424
8	2025.09.01	15.96	14	20.8	0	2.24	86.21	8.406
8	2025.09.02	19.91	11.8	25.9	0	2.23	70.88	18.7128
8	2025.09.03	20.3	16.9	25.8	0	1.62	75.17	13.4136
8	2025.09.04	18.95	13	25.1	0	1.16	81	17.0028
8	2025.09.05	21.07	11.7	28.2	0	1.93	69.21	17.982
8	2025.09.06	20.55	16	26.8	13.5	1.37	80.75	13.8996
8	2025.09.07	20.39	15.1	26	0.2	1.86	71.67	17.9388
8	2025.09.08	17.4	11.7	22.3	0	1.74	71.21	15.228
8	2025.09.09	16.91	11.6	21.6	0	1.77	71.46	15.912
8	2025.09.10	19.84	14.9	24.8	0	2.75	66.58	13.338
8	2025.09.11	18.32	15.7	22.7	17.4	4.85	74.67	6.1776
8	2025.09.12	17.26	15.5	20.6	0.5	2.32	88.25	10.1952
8	2025.09.13	16.38	14.8	19.2	0	2.46	86.17	8.3556
8	2025.09.14	17.08	14.4	21.2	1.7	2.92	78.79	11.0664
8	2025.09.15	15.7	14.3	18.2	0.1	3.12	78.38	10.5228
8	2025.09.16	15.76	12.4	19.8	0.4	3.38	74.5	9.6228
8	2025.09.17	13.81	11.8	17.3	0.8	3.54	77.75	10.7496
8	2025.09.18	14.99	11.7	18.6	0.3	3.96	79.08	13.158
8	2025.09.19	16.57	14.3	20.4	0.4	3.11	79.96	11.9664
8	2025.09.20	18.83	15.2	23.7	0	3.34	80.46	12.4632
8	2025.09.21	21.02	15.6	26.9	0	3.5	68.54	15.1092
8	2025.09.22	14.87	12.3	17.6	0	2.03	76.58	5.5692
8	2025.09.23	10.72	6.5	15.3	1.4	1.74	76.88	8.4096
8	2025.09.24	7.85	2.2	14.2	0	1.48	73.04	13.8456
8	2025.09.25	6.47	-0.2	14.1	0	1.02	79.54	12.24
8	2025.09.26	6.94	-0.3	15	0	0.9	74.67	14.7636
8	2025.09.27	8.45	0.4	15.4	0	0.83	80.38	10.3284
8	2025.09.28	9.88	6	13.5	0	2.5	82.67	8.6112
8	2025.09.29	6.54	3.4	8.1	0	3.15	81.38	3.4776
8	2025.09.30	8.1	6.7	9.9	0	2.48	79.92	3.5172
8	2025.10.01	6.63	1	11.9	0	2.1	72.33	11.4192
8	2025.10.02	5.75	0.8	12	0	1.78	75.71	11.2896
8	2025.10.03	5.38	-1.1	12.5	0	1.08	79.83	10.7856
8	2025.10.04	7.64	3.9	11.2	0	2.91	79.79	8.7948
8	2025.10.05	9.54	7.7	11	1.8	3.15	84.92	3.5568
8	2025.10.06	10.4	6.7	14	0	1.84	80.96	8.8344
8	2025.10.07	8.17	2.5	15.7	0	0.6	83.12	9.3096
8	2025.10.08	7.24	0.3	15.6	0	1.1	82.5	11.0808
8	2025.10.09	7.49	1.1	11.1	0.4	1.66	96.71	3.8412
8	2025.10.10	9.79	5.7	13.6	7.5	3.72	87.17	6.4044
8	2025.10.11	9.47	4.8	15	0.4	2.62	89.67	3.906
8	2025.10.12	9.43	5.6	12.6	0.8	3.89	83	3.528
8	2025.10.13	6.59	3.8	9.4	2.9	3.49	79.58	7.0236
8	2025.10.14	4.77	1.1	8.1	0.1	1.59	84.58	5.04
8	2025.10.15	7.25	2	10.6	0	1.96	88.33	5.832
8	2025.10.16	9.78	8.7	12.1	2.1	3.76	89.67	4.7772
8	2025.10.17	9.59	7.8	11.4	5	2.45	93.04	2.988
8	2025.10.18	6.12	1.9	8.6	9	3.13	93	1.4832
8	2025.10.19	2.08	-3.4	7.2	0	1.87	84	9.1836
8	2025.10.20	0.99	-4.3	7.7	0	0.88	79.17	10.314
8	2025.10.21	3.4	-0.7	6.7	0	3.11	83.67	9.4356
8	2025.10.22	6.34	3.1	8.6	1.6	2.98	85.62	4.7736
8	2025.10.23	8.66	7.8	9.7	3.1	2.93	93.92	1.224
8	2025.10.24	11.66	9.1	14.1	14.7	2.99	89.83	2.7684
8	2025.10.25	7.35	5.5	9	15	3.77	89.42	2.3148
8	2025.10.26	6.82	5	9.5	1.9	3.52	89.21	3.2472
8	2025.10.27	6	4.7	7.3	2.9	4.72	89.38	2.1096
8	2025.10.28	6.53	4.5	8.7	0.7	3.64	91.25	2.34
8	2025.10.29	6.73	3.8	9	1.1	2.98	92.83	2.9736
8	2025.10.30	7.3	4.4	10	4.8	3.85	89.29	3.1752
8	2025.10.31	7.72	4.2	9.3	5.5	5.05	89.29	1.9476
8	2025.11.01	5.35	2.1	9.6	0	1.95	89.33	6.1452
8	2025.11.02	7.06	5.1	8.8	1.4	2.05	89.54	2.5884
8	2025.11.03	8.65	7.4	9.8	12.7	1.34	96.92	0.7128
8	2025.11.04	7.89	4.8	10	0	2.41	89.38	5.7096
8	2025.11.05	8.42	5.6	11.4	0	3.15	85.46	4.4496
8	2025.11.06	8.28	6.2	11.7	0	2.55	82	3.4596
8	2025.11.07	7.57	4.5	12	0	2.45	88.12	5.3136
8	2025.11.08	4.27	3.6	5	0	2.74	97.96	1.296
8	2025.11.09	3.87	3.6	4.2	0	1.72	97.12	1.1124
8	2025.11.10	4.89	3.6	5.8	0.2	0.99	95.46	1.5012
8	2025.11.11	6.62	6	7.6	0	1.1	94.67	1.386
8	2025.11.12	6.85	5.9	8.7	0	1.65	90.29	1.89
8	2025.11.13	6.93	4.3	9	0	5.22	84.46	3.6
8	2025.11.14	7.49	4.6	9.5	14.9	2.9	91.88	1.2636
8	2025.11.15	1.3	-3.5	4.8	3.8	1.68	86.12	5.0796
8	2025.11.16	-0.52	-4.7	2.9	9.2	2.26	94.75	2.25
8	2025.11.17	2.75	1.7	3.9	0.8	1.65	95.17	2.0592
8	2025.11.18	1.68	0.6	3	0	4.37	83.67	2.7288
8	2025.11.19	1.8	-1.1	3.5	0.8	3.81	87.42	1.4472
8	2025.11.20	-0.57	-2	0.5	0.3	3	91.42	1.638
8	2025.11.21	0.13	-0.9	1	0	3.48	88.62	1.9548
8	2025.11.22	-0.65	-5.7	2.4	0.1	1.45	88.04	2.2212
8	2025.11.23	-4.02	-7.5	-1.9	0.3	1.04	93.21	0.7056
8	2025.11.24	-1.93	-3	-0.4	1	2.03	91.88	0.5796
8	2025.11.25	0.08	-0.4	0.6	0	2.41	91.62	1.4076
8	2025.11.26	0.25	-0.2	0.6	19.5	3.73	95.54	0.7956
8	2025.11.27	-0.17	-1.6	0.6	0.7	2.48	95.5	0.7056
8	2025.11.28	-0.82	-1.8	-0.1	0	4.56	89	2.214
8	2025.11.29	-0.44	-1.6	0.4	0	3.72	93.17	0.8892
8	2025.11.30	0.68	-1.2	2.9	0	1.46	97.42	1.3716
8	2025.12.01	2.17	1.1	2.9	0.1	1.5	98	0.7704
8	2025.12.02	2.38	1.2	3.6	0.1	1.52	96.54	0.9108
8	2025.12.03	1.91	1.3	2.9	0	2.59	95.17	0.5652
8	2025.12.04	4.78	3.2	5.5	0	2.25	94.38	0.6912
8	2025.12.05	6.18	4.3	7.9	0.3	2.5	94.75	0.648
8	2025.12.06	3.96	1.9	6.7	0	4.12	84.75	0.4284
8	2025.12.07	1.27	0.7	1.6	0.4	3.46	88.58	0.5256
8	2025.12.08	2.72	0.7	6.1	0	3.44	95.88	0.7848
8	2025.12.09	7	4.7	9.7	2.1	2.88	95.54	1.6272
8	2025.12.10	8.02	5.9	9.9	2.2	2.74	94.88	0.8244
8	2025.12.11	8.08	6.9	9.7	5.1	3.66	89.88	1.8288
8	2025.12.12	6.22	1.6	8.1	1.2	3.41	89.21	1.0044
8	2025.12.13	-0.67	-1.5	0.5	1.3	2.61	78.21	1.1592
8	2025.12.14	4.57	0.5	6.2	1.9	4.16	87.5	1.8036
8	2025.12.15	3.38	1.9	4.6	0	3.68	87	1.2312
8	2025.12.16	1.35	1	1.9	0	3.62	97.17	0.7056
8	2025.12.17	0.87	-0.4	2.7	0	2.31	94.54	1.4832
8	2025.12.18	-0.38	-1.1	0.8	0	2.48	97.17	0.6048
8	2025.12.19	0.65	0	1.2	0	3.57	98	0.8568
8	2025.12.20	2.73	1	3.7	0.3	3.13	97.5	0.3888
8	2025.12.21	4.68	4	5.6	0	2.9	83.33	0.9144
8	2025.12.22	2.84	0.6	4.6	0	1.49	82.58	1.2312
8	2025.12.23	-2.66	-7.8	1.2	0	3.35	77.92	1.3896
8	2025.12.24	-6.57	-9.7	-4.3	0	1.76	76.83	3.9564
8	2025.12.25	-3.11	-4.9	-1.5	0	3.38	72.38	1.0944
8	2025.12.26	3.17	0.9	5.1	0	4.18	91.29	1.9764
8	2025.12.27	3.68	2.3	5	0.1	5.22	85	0.7704
8	2025.12.28	1.32	-0.3	2.3	0.9	6.19	72.83	1.4652
8	2025.12.29	-0.38	-3.9	1.6	0.5	4.31	81.46	1.3248
8	2025.12.30	-3.5	-4.8	-1.7	0	4.56	79.54	1.5084
8	2025.12.31	-7.21	-13	-4.3	0	3.28	70.33	3.2832
